pollster,date,dem,rep,partisan,posted,uri
McLaughlin,2026-09-22,48.0,43.0,REP,2026-09-24 15:19:26.499,at://did:plc:4bwzn4ayvrvtiukfuwnz2i65/app.bsky.feed.post/3mwbxxah3ak27
Emerson,2026-09-20,53.0,42.0,,2026-09-23 22:44:17.776,at://did:plc:4bwzn4ayvrvtiukfuwnz2i65/app.bsky.feed.post/3mwaadrrig22p
SSRS,2026-09-17,49.0,41.0,,2026-09-23 13:54:11.324,at://did:plc:4bwzn4ayvrvtiukfuwnz2i65/app.bsky.feed.post/3mw7cpurl5s2p
Echelon,2026-09-21,51.0,43.0,,2026-09-23 12:09:04.534,at://did:plc:4bwzn4ayvrvtiukfuwnz2i65/app.bsky.feed.post/3mw74tw5pi226
Marist,2026-09-15,53.0,41.0,,2026-09-23 11:48:06.304,at://did:plc:4bwzn4ayvrvtiukfuwnz2i65/app.bsky.feed.post/3mw73og7ics27
YouGov,2026-09-21,52.0,38.0,,2026-09-22 11:22:36.987,at://did:plc:4bwzn4ayvrvtiukfuwnz2i65/app.bsky.feed.post/3mw4jrwbpns2f
Rasmussen,2026-09-16,49.0,41.0,REP,2026-09-21 16:41:30.180,at://did:plc:4bwzn4ayvrvtiukfuwnz2i65/app.bsky.feed.post/3mw2l57nnhs2a
Ipsos,2026-09-20,43.0,35.0,,2026-09-21 16:02:37.333,at://did:plc:4bwzn4ayvrvtiukfuwnz2i65/app.bsky.feed.post/3mw2ixousl22s
Morning Consult,2026-09-20,50.0,43.0,,2026-09-21 13:28:32.500,at://did:plc:4bwzn4ayvrvtiukfuwnz2i65/app.bsky.feed.post/3mw2ae6cvds2j
RMG,2026-09-15,52.0,46.0,REP,2026-09-17 13:40:59.126,at://did:plc:4bwzn4ayvrvtiukfuwnz2i65/app.bsky.feed.post/3mvq76qj4cc2x
Big Data,2026-09-15,51.0,39.0,,2026-09-16 17:05:15.838,at://did:plc:4bwzn4ayvrvtiukfuwnz2i65/app.bsky.feed.post/3mvo253xjmc2w
Marquette,2026-09-09,54.0,41.0,,2026-09-16 03:57:19.073,at://did:plc:4bwzn4ayvrvtiukfuwnz2i65/app.bsky.feed.post/3mvmo45d5s22e
Siena,2026-09-13,51.0,43.0,,2026-09-15 10:48:08.035,at://did:plc:4bwzn4ayvrvtiukfuwnz2i65/app.bsky.feed.post/3mvkulswzqk2n
YouGov,2026-09-14,51.0,39.0,,2026-09-15 10:47:57.878,at://did:plc:4bwzn4ayvrvtiukfuwnz2i65/app.bsky.feed.post/3mvkuljb2sc2n
Morning Consult,2026-09-13,46.0,42.0,,2026-09-14 17:16:42.850,at://did:plc:4bwzn4ayvrvtiukfuwnz2i65/app.bsky.feed.post/3mviztq7xrc2h
Rasmussen,2026-09-09,47.0,42.0,REP,2026-09-14 14:03:47.169,at://did:plc:4bwzn4ayvrvtiukfuwnz2i65/app.bsky.feed.post/3mvip2qs7s222
Cygnal,2026-09-02,51.0,42.0,REP,2026-09-10 18:46:57.495,at://did:plc:4bwzn4ayvrvtiukfuwnz2i65/app.bsky.feed.post/3mv74zg6wwk2j
Quinnipiac,2026-09-06,49.0,38.0,,2026-09-10 14:09:03.768,at://did:plc:4bwzn4ayvrvtiukfuwnz2i65/app.bsky.feed.post/3mv6niiv7f22j
YouGov,2026-09-08,49.0,38.0,,2026-09-09 12:54:36.055,at://did:plc:4bwzn4ayvrvtiukfuwnz2i65/app.bsky.feed.post/3mv3yugokis2d
Morning Consult,2026-09-06,46.0,42.0,,2026-09-08 14:13:24.887,at://did:plc:4bwzn4ayvrvtiukfuwnz2i65/app.bsky.feed.post/3muzmsgybjk2k
Focaldata,2026-09-02,52.0,45.0,,2026-09-06 16:19:35.833,at://did:plc:4bwzn4ayvrvtiukfuwnz2i65/app.bsky.feed.post/3muuswabpi22j
Honest Polling,2026-09-01,53.0,43.0,,2026-09-04 16:18:22.274,at://did:plc:4bwzn4ayvrvtiukfuwnz2i65/app.bsky.feed.post/3muprw77ejc2m
YouGov,2026-08-26,42.0,34.0,,2026-09-03 18:23:09.755,at://did:plc:4bwzn4ayvrvtiukfuwnz2i65/app.bsky.feed.post/3muniggefok23
Rasmussen,2026-08-30,41.0,36.0,REP,2026-09-03 18:23:05.693,at://did:plc:4bwzn4ayvrvtiukfuwnz2i65/app.bsky.feed.post/3munigcigv223
Quantus,2026-08-28,50.0,43.0,REP,2026-08-28 19:46:18.534,at://did:plc:4bwzn4ayvrvtiukfuwnz2i65/app.bsky.feed.post/3mu6kblbe6c2d
Angus Reid,2026-08-11,45.0,36.0,,2026-08-27 13:12:10.394,at://did:plc:4bwzn4ayvrvtiukfuwnz2i65/app.bsky.feed.post/3mu3drv6nhc25
ActiVote,2026-08-24,52.0,48.0,,2026-08-26 12:31:47.800,at://did:plc:4bwzn4ayvrvtiukfuwnz2i65/app.bsky.feed.post/3mtyr2re6ys23
McLaughlin,2026-08-24,48.0,43.0,REP,2026-08-26 12:30:25.737,at://did:plc:4bwzn4ayvrvtiukfuwnz2i65/app.bsky.feed.post/3mtyqyd3te223
Ipsos,2026-08-24,41.0,35.0,,2026-08-24 17:05:07.127,at://did:plc:4bwzn4ayvrvtiukfuwnz2i65/app.bsky.feed.post/3mtu7fo2grk2z
Echelon,2026-08-17,50.0,45.0,,2026-08-18 13:07:13.347,at://did:plc:4bwzn4ayvrvtiukfuwnz2i65/app.bsky.feed.post/3mtepcqqqik2t
YouGov,2026-08-17,46.0,39.0,,2026-08-18 11:38:19.316,at://did:plc:4bwzn4ayvrvtiukfuwnz2i65/app.bsky.feed.post/3mtekdrszts2t
Morning Consult,2026-08-16,46.0,42.0,,2026-08-17 17:03:54.058,at://did:plc:4bwzn4ayvrvtiukfuwnz2i65/app.bsky.feed.post/3mtcm325dck22
AlphaRoc,2026-08-08,49.0,44.0,,2026-08-12 21:55:14.387,at://did:plc:4bwzn4ayvrvtiukfuwnz2i65/app.bsky.feed.post/3mswjzfeu4k27
RMG,2026-08-04,47.0,45.0,REP,2026-08-11 13:43:26.344,at://did:plc:4bwzn4ayvrvtiukfuwnz2i65/app.bsky.feed.post/3mst632u3us2h
YouGov,2026-08-10,46.0,40.0,,2026-08-11 13:42:25.723,at://did:plc:4bwzn4ayvrvtiukfuwnz2i65/app.bsky.feed.post/3mst5zb23ok2h
ActiVote,2026-08-08,53.0,47.0,,2026-08-10 17:51:18.301,at://did:plc:4bwzn4ayvrvtiukfuwnz2i65/app.bsky.feed.post/3msr3hefhf22e
Zogby,2026-08-05,51.0,40.0,,2026-08-06 20:54:48.916,at://did:plc:4bwzn4ayvrvtiukfuwnz2i65/app.bsky.feed.post/3mshdtt3r3s2o
YouGov,2026-08-03,46.0,42.0,,2026-08-04 11:25:31.451,at://did:plc:4bwzn4ayvrvtiukfuwnz2i65/app.bsky.feed.post/3msbd3z35ok2h
Ipsos,2026-08-03,43.0,37.0,,2026-08-03 18:17:17.668,at://did:plc:4bwzn4ayvrvtiukfuwnz2i65/app.bsky.feed.post/3ms7jnfccps2c
Focaldata,2026-07-20,52.0,43.0,,2026-08-03 13:52:11.640,at://did:plc:4bwzn4ayvrvtiukfuwnz2i65/app.bsky.feed.post/3ms72te4uas24
Clarity Campaign,2026-07-22,52.0,42.0,,2026-07-29 16:06:31.445,at://did:plc:4bwzn4ayvrvtiukfuwnz2i65/app.bsky.feed.post/3mrspyxawis23
Quinnipiac,2026-07-27,48.0,41.0,,2026-07-29 14:14:21.698,at://did:plc:4bwzn4ayvrvtiukfuwnz2i65/app.bsky.feed.post/3mrsjqfbazc2n
Morning Consult,2026-07-26,46.0,43.0,,2026-07-28 18:16:28.633,at://did:plc:4bwzn4ayvrvtiukfuwnz2i65/app.bsky.feed.post/3mrqgsfrey225
Ipsos,2026-07-24,40.0,38.0,,2026-07-27 18:16:59.681,at://did:plc:4bwzn4ayvrvtiukfuwnz2i65/app.bsky.feed.post/3mrnwefw5c22n
McLaughlin,2026-07-21,46.0,44.0,REP,2026-07-24 18:13:57.059,at://did:plc:4bwzn4ayvrvtiukfuwnz2i65/app.bsky.feed.post/3mrges7epik24
Emerson,2026-07-20,53.0,42.0,,2026-07-23 15:44:00.838,at://did:plc:4bwzn4ayvrvtiukfuwnz2i65/app.bsky.feed.post/3mrdlx6h3gc24
Change Research,2026-07-17,46.0,38.0,,2026-07-23 15:43:56.751,at://did:plc:4bwzn4ayvrvtiukfuwnz2i65/app.bsky.feed.post/3mrdlx2kf6s24
Pew Research,2026-07-12,43.0,37.0,,2026-07-23 15:43:35.708,at://did:plc:4bwzn4ayvrvtiukfuwnz2i65/app.bsky.feed.post/3mrdlwgi6fs24
J.L Partners,2026-07-20,50.0,41.0,,2026-07-23 15:43:28.522,at://did:plc:4bwzn4ayvrvtiukfuwnz2i65/app.bsky.feed.post/3mrdlw7mutc24
Morning Consult,2026-09-27,50.0,43.0,,2026-09-28 12:49:53.816000,at://did:plc:4bwzn4ayvrvtiukfuwnz2i65/app.bsky.feed.post/3mwlrhjbjis2q
Rasmussen,2026-09-23,48.0,43.0,REP,2026-09-28 10:35:14.594000,at://did:plc:4bwzn4ayvrvtiukfuwnz2i65/app.bsky.feed.post/3mwljwqdbak2m
Quinnipiac,2026-09-27,51.0,39.0,,2026-09-29 13:59:37.445000,at://did:plc:4bwzn4ayvrvtiukfuwnz2i65/app.bsky.feed.post/3mwoft4kip22d
Angus Reid,2026-09-25,56.0,40.0,,2026-09-29 12:02:10.656000,at://did:plc:4bwzn4ayvrvtiukfuwnz2i65/app.bsky.feed.post/3mwo7b47ls22x
YouGov,2026-09-28,53.0,38.0,,2026-09-29 12:01:50.562000,at://did:plc:4bwzn4ayvrvtiukfuwnz2i65/app.bsky.feed.post/3mwo7aj2eqk2x
WSJ,2026-09-21,50.0,42.0,,2026-09-30 12:48:18.472000,at://did:plc:4bwzn4ayvrvtiukfuwnz2i65/app.bsky.feed.post/3mwqscjbe4s2y
KFF,2026-09-21,45.0,35.0,,2026-10-06 12:24:24.805000,at://did:plc:4bwzn4ayvrvtiukfuwnz2i65/app.bsky.feed.post/3mx7trcrsp22t
Centerline Research,2026-10-01,50.0,42.0,,2026-10-06 16:43:54.417000,at://did:plc:4bwzn4ayvrvtiukfuwnz2i65/app.bsky.feed.post/3mxacbd4nw22t
YouGov,2026-10-05,51.0,40.0,,2026-10-06 16:43:30.234000,at://did:plc:4bwzn4ayvrvtiukfuwnz2i65/app.bsky.feed.post/3mxacam2npc2t
Honest Polling,2026-10-06,54.0,42.0,,2026-10-06 17:32:00.684000,at://did:plc:4bwzn4ayvrvtiukfuwnz2i65/app.bsky.feed.post/3mxaexdojzs2z
Cygnal,2026-10-02,52.0,43.0,REP,2026-10-07 13:03:26.937000,at://did:plc:4bwzn4ayvrvtiukfuwnz2i65/app.bsky.feed.post/3mxcgfzuqy22u
