pollster,sponsor,start_date,end_date,n,pop,dem,rep,partisan,posted,uri
YouGov,Economist,2026-09-25,2026-09-28,1429,rv,36.0,62.0,,2026-09-29 08:28:33.322,at://did:plc:3dobmrc6cl62xehkuscyv36p/app.bsky.feed.post/3mwntd4xdci2s
YouGov,Economist,2026-09-25,2026-09-28,1007,lv,37.0,62.0,,2026-09-29 08:28:32.810,at://did:plc:3dobmrc6cl62xehkuscyv36p/app.bsky.feed.post/3mwntd4cyho2c
Angus Reid Global,,2026-09-19,2026-09-25,1041,rv,34.0,63.0,,2026-09-29 07:47:34.146,at://did:plc:3dobmrc6cl62xehkuscyv36p/app.bsky.feed.post/3mwnqztpiph2l
Angus Reid Global,,2026-09-19,2026-09-25,1205,a,34.0,61.0,,2026-09-29 07:47:32.680,at://did:plc:3dobmrc6cl62xehkuscyv36p/app.bsky.feed.post/3mwnqzsrvm52z
Clarity Campaign Labs,,2026-09-11,2026-09-16,1046,lv,41.0,58.0,,2026-09-28 15:26:32.688,at://did:plc:3dobmrc6cl62xehkuscyv36p/app.bsky.feed.post/3mwm27ncugm2q
Morning Consult,,2026-09-25,2026-09-27,2203,rv,41.91,55.51,,2026-09-28 09:49:00.904,at://did:plc:3dobmrc6cl62xehkuscyv36p/app.bsky.feed.post/3mwlhe374cw2f
Impact Research/National Research Inc.,,2026-09-16,2026-09-21,1500,rv,37.0,61.0,,2026-09-26 10:21:56.159,at://did:plc:3dobmrc6cl62xehkuscyv36p/app.bsky.feed.post/3mwgib4g23m2q
RMG Research,,2026-09-14,2026-09-22,2000,rv,43.0,56.0,,2026-09-25 11:52:43.992,at://did:plc:3dobmrc6cl62xehkuscyv36p/app.bsky.feed.post/3mwe4uk3icw2c
Change Research,,2026-08-08,2026-08-13,2045,rv,39.0,58.0,,2026-09-25 10:03:22.821,at://did:plc:3dobmrc6cl62xehkuscyv36p/app.bsky.feed.post/3mwdwqysw2z2z
Emerson College,,2026-09-12,2026-09-15,1500,rv,33.7,54.4,,2026-09-24 10:20:24.773,at://did:plc:3dobmrc6cl62xehkuscyv36p/app.bsky.feed.post/3mwbhakezih2l
Emerson College,,2026-09-21,2026-09-22,1000,lv,38.96,57.9,,2026-09-24 06:20:25.879,at://did:plc:3dobmrc6cl62xehkuscyv36p/app.bsky.feed.post/3mwaztgcvnq27
Echelon Insights,,2026-09-17,2026-09-21,1002,lv,36.0,62.0,,2026-09-23 12:00:25.472,at://did:plc:3dobmrc6cl62xehkuscyv36p/app.bsky.feed.post/3mw74ehrfmg2n
Verasight,,2026-09-16,2026-09-21,1374,rv,34.0,63.0,,2026-09-23 08:50:24.832,at://did:plc:3dobmrc6cl62xehkuscyv36p/app.bsky.feed.post/3mw6rqp5bde2u
Verasight,,2026-09-16,2026-09-21,1528,a,34.0,63.0,,2026-09-23 07:15:24.565,at://did:plc:3dobmrc6cl62xehkuscyv36p/app.bsky.feed.post/3mw6mgspvop2t
Marist University,,2026-09-14,2026-09-15,1280,rv,39.0,59.0,,2026-09-23 06:20:24.294,at://did:plc:3dobmrc6cl62xehkuscyv36p/app.bsky.feed.post/3mw6jehkmft2c
CNN/SSRS,,2026-09-16,2026-09-17,1206,a,33.0,67.0,,2026-09-23 06:05:24.844,at://did:plc:3dobmrc6cl62xehkuscyv36p/app.bsky.feed.post/3mw6ijnwmfq2a
YouGov,,2026-09-18,2026-09-21,982,lv,35.0,63.0,,2026-09-22 10:40:23.501,at://did:plc:3dobmrc6cl62xehkuscyv36p/app.bsky.feed.post/3mw4hgggy4i2c
YouGov,,2026-09-18,2026-09-21,1401,rv,35.0,62.0,,2026-09-22 10:35:28.314,at://did:plc:3dobmrc6cl62xehkuscyv36p/app.bsky.feed.post/3mw4h5n53kw2c
Ipsos,,2026-09-17,2026-09-20,979,rv,35.0,65.0,,2026-09-21 20:20:35.993,at://did:plc:3dobmrc6cl62xehkuscyv36p/app.bsky.feed.post/3mw2xeyl6na2y
Quantus Insights,,2026-09-15,2026-09-18,1389,lv,39.6,59.1,,2026-09-21 20:15:36.855,at://did:plc:3dobmrc6cl62xehkuscyv36p/app.bsky.feed.post/3mw2x43gncf2j
Ipsos,,2026-09-17,2026-09-20,1277,a,32.0,66.0,,2026-09-21 16:40:31.085,at://did:plc:3dobmrc6cl62xehkuscyv36p/app.bsky.feed.post/3mw2l3hlwmu2j
Morning Consult,,2026-09-18,2026-09-20,2201,rv,41.19,56.26,,2026-09-21 14:50:31.917,at://did:plc:3dobmrc6cl62xehkuscyv36p/app.bsky.feed.post/3mw2ews4aqz2c
Morning Consult,,2026-08-13,2026-08-16,4150,rv,42.0,54.0,,2026-09-21 11:45:29.886,at://did:plc:3dobmrc6cl62xehkuscyv36p/app.bsky.feed.post/3mw22lwfxlk2w
Hart Research Associates/Public Opinion Strategies,,2026-09-11,2026-09-15,1000,rv,41.0,56.0,,2026-09-21 11:40:31.066,at://did:plc:3dobmrc6cl62xehkuscyv36p/app.bsky.feed.post/3mw22czosx22w
American Research Group,,2026-09-16,2026-09-20,1100,a,29.0,68.0,,2026-09-21 11:40:30.461,at://did:plc:3dobmrc6cl62xehkuscyv36p/app.bsky.feed.post/3mw22cyu7kz2x
American Research Group,,2026-09-16,2026-09-20,1001,rv,30.0,68.0,,2026-09-21 10:40:32.724,at://did:plc:3dobmrc6cl62xehkuscyv36p/app.bsky.feed.post/3mvzwxrn4bm2m
TIPP Insights,,2026-08-25,2026-08-28,1461,a,38.0,52.0,,2026-09-04 14:30:33.162,at://did:plc:3dobmrc6cl62xehkuscyv36p/app.bsky.feed.post/3muplvg7rbk2m
YouGov,,2026-08-21,2026-08-24,1536,a,36.0,57.0,,2026-08-27 22:15:45.878,at://did:plc:3dobmrc6cl62xehkuscyv36p/app.bsky.feed.post/3mu4c5vxrkc2n
YouGov,,2026-08-21,2026-08-24,1379,rv,40.0,57.0,,2026-08-27 22:00:46.207,at://did:plc:3dobmrc6cl62xehkuscyv36p/app.bsky.feed.post/3mu4bd3t5yr2d
Ipsos,,2026-08-21,2026-08-24,1215,a,33.0,65.0,,2026-08-27 21:45:45.959,at://did:plc:3dobmrc6cl62xehkuscyv36p/app.bsky.feed.post/3mu4aibg4km2t
Ipsos,,2026-08-21,2026-08-24,951,rv,37.0,63.0,,2026-08-27 21:30:47.027,at://did:plc:3dobmrc6cl62xehkuscyv36p/app.bsky.feed.post/3mu47nibnsn2d
Big Data Poll,,2026-06-26,2026-06-28,2604,lv,44.4,53.3,,2026-06-30 12:45:15.380,at://did:plc:3dobmrc6cl62xehkuscyv36p/app.bsky.feed.post/3mpjhaf2vk42x
YouGov,,2026-06-26,2026-06-29,1428,rv,40.0,58.0,,2026-06-30 11:45:15.829,at://did:plc:3dobmrc6cl62xehkuscyv36p/app.bsky.feed.post/3mpjdv4brnw2x
McLaughlin & Associates,,2026-06-17,2026-06-23,1000,lv,46.0,50.0,,2026-06-26 11:45:15.925,at://did:plc:3dobmrc6cl62xehkuscyv36p/app.bsky.feed.post/3mp7bzgehnt2p
RMG Research,,2026-06-16,2026-06-23,3000,rv,43.0,55.0,,2026-06-26 11:30:16.410,at://did:plc:3dobmrc6cl62xehkuscyv36p/app.bsky.feed.post/3mp7b6mjjyw2n
Quinnipiac University,,2026-09-24,2026-09-27,1032,rv,33.0,60.0,,2026-09-29 14:12:31.082000,at://did:plc:3dobmrc6cl62xehkuscyv36p/app.bsky.feed.post/3mwogk6odia2s
The Argument/Verasight,,2026-09-16,2026-09-21,1603,rv,37.0,62.0,,2026-09-30 08:32:32.769000,at://did:plc:3dobmrc6cl62xehkuscyv36p/app.bsky.feed.post/3mwqdz77gin2f
HarrisX/Harris Poll,Harvard CAPS,2026-09-26,2026-09-28,2200,rv,42.0,55.0,,2026-09-30 05:50:47.726000,at://did:plc:3dobmrc6cl62xehkuscyv36p/app.bsky.feed.post/3mwq2y7rzsw2a
AlphaROC,Independent Center,2026-09-25,2026-09-28,1000,a,35.3,61.2,,2026-10-01 15:31:31.998000,at://did:plc:3dobmrc6cl62xehkuscyv36p/app.bsky.feed.post/3mwtlvcpsmc2r
ActiVote,,2026-09-01,2026-09-30,977,rv,37.7,55.4,,2026-10-01 15:01:32.858000,at://did:plc:3dobmrc6cl62xehkuscyv36p/app.bsky.feed.post/3mwtk7pi7ap2e
AP-NORC,,2026-09-24,2026-09-28,2140,a,31.0,69.0,,2026-10-01 06:29:32.251000,at://did:plc:3dobmrc6cl62xehkuscyv36p/app.bsky.feed.post/3mwsnm5vzvm27
Quinnipiac University,,2026-06-18,2026-06-22,1165,rv,38.0,55.0,,2026-06-25 11:15:17.001000,at://did:plc:3dobmrc6cl62xehkuscyv36p/app.bsky.feed.post/3mp4puuyco32d
RMG Research,Napolitan News Service,2026-09-21,2026-09-29,2000,rv,41.0,58.0,,2026-10-02 10:15:38.263000,at://did:plc:3dobmrc6cl62xehkuscyv36p/app.bsky.feed.post/3mwvkpeid3a2k
YouGov,CBS News,2026-09-30,2026-10-02,2162,a,39.0,61.0,,2026-10-04 09:17:28.759000,at://did:plc:3dobmrc6cl62xehkuscyv36p/app.bsky.feed.post/3mx2if7wjah2a
TIPP Insights,Issues & Insights,2026-09-29,2026-10-01,1488,a,39.0,52.0,,2026-10-05 08:02:56.423000,at://did:plc:3dobmrc6cl62xehkuscyv36p/app.bsky.feed.post/3mx4uou7qku2t
Morning Consult,,2026-10-04,2026-10-05,2202,rv,40.84,56.89,,2026-10-05 13:03:25.821000,at://did:plc:3dobmrc6cl62xehkuscyv36p/app.bsky.feed.post/3mx5fi646iq2w
Ipsos,Reuters,2026-09-30,2026-10-05,3526,rv,36.0,64.0,,2026-10-05 17:38:56.721000,at://did:plc:3dobmrc6cl62xehkuscyv36p/app.bsky.feed.post/3mx5uutfxgr2c
Ipsos,Reuters,2026-09-30,2026-10-05,4506,a,32.0,65.0,,2026-10-05 17:38:56.097000,at://did:plc:3dobmrc6cl62xehkuscyv36p/app.bsky.feed.post/3mx5uusnxqj2y
YouGov,Economist,2026-10-02,2026-10-05,1381,rv,38.0,60.0,,2026-10-06 16:27:55.227000,at://did:plc:3dobmrc6cl62xehkuscyv36p/app.bsky.feed.post/3mxabeqmfsn27
YouGov,Economist,2026-10-02,2026-10-05,1181,lv,38.0,61.0,,2026-10-06 16:26:56.477000,at://did:plc:3dobmrc6cl62xehkuscyv36p/app.bsky.feed.post/3mxabcylayo2h
YouGov,Economist,2026-10-02,2026-10-05,1002,lv,39.0,61.0,,2026-10-06 16:26:55.854000,at://did:plc:3dobmrc6cl62xehkuscyv36p/app.bsky.feed.post/3mxabcxyldi25
