key,score
a2 insights,1.9
alaska survey research,2.5
american pulse research & polling,1.9000000000000001
american research group,1.6
angus reid,2.5
atlasintel,2.8
beacon research/shaw & co. research,2.6
big data poll,0.5
braun research,1.9000000000000001
change research,1.8
cherry communications,1.9
clarity campaign labs,1.9000000000000001
cnn/ssrs,1.8
co/efficient,2.2
cygnal,2.8
data for progress,1.8
dhm research,1.9000000000000001
east carolina university,1.9000000000000001
echelon,2.6
emerson,2.8
epic-mra,2.4
"fabrizio, lee & associates",2.5
fm3 research,1.9000000000000001
focaldata,1.9
franklin & marshall college,2.5
gallup,2.4
gbao,1.9000000000000001
gbao strategies,1.9
global strategy group,1.9000000000000001
greatblue research,1.9
harper polling,1.9000000000000001
hart research associates/public opinion strategies,2.6
high point university,1.9000000000000001
impact research,1.9000000000000001
impact research/national research,1.9
insideradvantage,2.4
ipsos,2.2
jl partners,1.9
john zogby strategies,1.9
lake research partners,2.5
leger,1.9
marist,2.6
marquette,2.5
massinc polling group,2.5
mclaughlin,1.9000000000000001
mitchell research & communications,1.6
morning consult,1.8
national public affairs,1.9
"normington, petts & associates",1.9000000000000001
pew research center,2.5
ppp,2.4
public opinion strategies,2.8
quantus,1.9000000000000001
quinnipiac,2.4
ragnar research partners,1.9
rasmussen,2.4
research & polling inc.,3.0
rmg,2.2
siena,2.8
slingshot strategies,1.9000000000000001
st. pete polls,1.8
suffolk university,2.6
surveymonkey,1.2
surveyusa,2.8
targetsmart,1.9000000000000001
targoz market research,2.0
the washington post/george mason university schar school of policy and government,1.9000000000000001
tipp,2.8
torchlight strategies,1.9000000000000001
trafalgar group,2.2
tulchin research,1.9000000000000001
university of new hampshire,2.0
university of north florida,2.5
victory research,1.9
wall street journal,1.9
wick,1.9
yougov,2.2
