district,party,kind,sos,other
3,D,name,Margaret Spear,Quentin Postell
3,R,name,Mitchell Horner,Kasey Carpenter
8,D,name,Nick Mitchell,Nick Mithcell
9,R,sitting member is not the nominee,Chris Dockery,Will Wade
26,R,name,Lauren W. McDonald III,Lauren McDonald
26,R,sitting member is not the nominee,Lauren W. McDonald III,Lauren McDonald
31,R,sitting member is not the nominee,Chad Bingham,Emory Dunahoo
39,D,name,Terry Cummings,Terry Commings
47,R,sitting member is not the nominee,Jack Miller,Jan Jones
57,R,name,Helmut Lucero Love,Samuel Lenaeus
58,D,name,Mathewos Samson,Demetria Henderson
58,D,sitting member is not the nominee,Mathewos Samson,Park Cannon
62,D,sitting member is not the nominee,Kenn Collier,Tanya Miller
64,D,sitting member is not the nominee,Sylvia Wayfer Baker,Sylvia Wayfer
65,R,name,"Gordon W. Rolle, Jr.",Gordon Rolle
68,D,name,Timoria McQueen Saba,Mark Baker
68,D,sitting member is not the nominee,Timoria McQueen Saba,Derrick Jackson
70,R,sitting member is not the nominee,Melissa Stuckey,Lynn Smith
74,D,name,"Robert Flournoy, Jr.",Robert Flournoy
74,D,sitting member is not the nominee,"Robert Flournoy, Jr.",Robert Flournoy
75,D,sitting member is not the nominee,Eric W. Bell II,Eric Bell
90,D,sitting member is not the nominee,Bentley Hudgins,Saira Draper
97,D,sitting member is not the nominee,Jyot Singh,Ruwa Romman
108,D,sitting member is not the nominee,Rahim Asani,Jasmine Clark
109,D,sitting member is not the nominee,Juan Estrada,Dewey McClain
113,D,sitting member is not the nominee,Karla Daniels Hooper,Sharon Henderson
114,R,sitting member is not the nominee,Brett Mauldin,Tim Fleming
117,D,sitting member is not the nominee,Kim Thomas Smith,Mary Ann Santos
120,R,name,"Gary ""Ward"" Black, Jr.",Gary Black
120,R,sitting member is not the nominee,"Gary ""Ward"" Black, Jr.",Houston Gaines
121,R,name,"Mack ""Dutch"" Guest IV",Mack Guest
126,D,name,L.C. Myles Jr.,L.C. Myles
126,D,sitting member is not the nominee,L.C. Myles Jr.,L.C. Myles
128,D,sitting member is not the nominee,Tyrone A. Evans,Mack Jackson
140,D,sitting member is not the nominee,"Marquese ""Skinny"" Averett",Teddy Reese
148,R,sitting member is not the nominee,"Noel W. Williams, Jr.",Noel Williams
157,R,sitting member is not the nominee,Bradley B. Anderson,Bill Werkheiser
162,D,sitting member is not the nominee,Orlando Scott,Carl Gilliard
165,D,sitting member is not the nominee,MiQuan Green,Edna Jackson
177,D,sitting member is not the nominee,Elsie Cason Napier,Alvin Payton
