district,d_nominee,d_how,d_primary_candidates,r_nominee,r_how,r_primary_candidates,source,retrieved
1,"Steven ""Diz"" Disbrow",unopposed in the primary,1,Mike Cameron,won the primary 84 %,2,"Georgia Secretary of State official results, GeneralPrimary51926 + 06162026GeneralPrimaryRunoff (results.sos.ga.gov)",2026-10-05
2,Whitney Echenique,unopposed in the primary,1,Steve Tarvin,won the primary 63 %,2,"Georgia Secretary of State official results, GeneralPrimary51926 + 06162026GeneralPrimaryRunoff (results.sos.ga.gov)",2026-10-05
3,Margaret Spear,unopposed in the primary,1,Mitchell Horner,won the primary 71 %,2,"Georgia Secretary of State official results, GeneralPrimary51926 + 06162026GeneralPrimaryRunoff (results.sos.ga.gov)",2026-10-05
4,Quentin Postell,unopposed in the primary,1,Kasey Carpenter,won the primary 66 %,2,"Georgia Secretary of State official results, GeneralPrimary51926 + 06162026GeneralPrimaryRunoff (results.sos.ga.gov)",2026-10-05
5,Rasmus Jensen,unopposed in the primary,1,Matt Barton,unopposed in the primary,1,"Georgia Secretary of State official results, GeneralPrimary51926 + 06162026GeneralPrimaryRunoff (results.sos.ga.gov)",2026-10-05
6,Cathy Kott,unopposed in the primary,1,Jason T. Ridley,unopposed in the primary,1,"Georgia Secretary of State official results, GeneralPrimary51926 + 06162026GeneralPrimaryRunoff (results.sos.ga.gov)",2026-10-05
7,,no candidate in the primary,0,Johnny Chastain,unopposed in the primary,1,"Georgia Secretary of State official results, GeneralPrimary51926 + 06162026GeneralPrimaryRunoff (results.sos.ga.gov)",2026-10-05
8,Nick Mitchell,unopposed in the primary,1,Stan Gunter,unopposed in the primary,1,"Georgia Secretary of State official results, GeneralPrimary51926 + 06162026GeneralPrimaryRunoff (results.sos.ga.gov)",2026-10-05
9,Roger L. Smith,unopposed in the primary,1,Chris Dockery,won the primary 53 %,3,"Georgia Secretary of State official results, GeneralPrimary51926 + 06162026GeneralPrimaryRunoff (results.sos.ga.gov)",2026-10-05
10,John Brown,unopposed in the primary,1,Victor Anderson,unopposed in the primary,1,"Georgia Secretary of State official results, GeneralPrimary51926 + 06162026GeneralPrimaryRunoff (results.sos.ga.gov)",2026-10-05
11,Ryan Fountain,unopposed in the primary,1,Rick Jasperse,unopposed in the primary,1,"Georgia Secretary of State official results, GeneralPrimary51926 + 06162026GeneralPrimaryRunoff (results.sos.ga.gov)",2026-10-05
12,Holly Chaney,unopposed in the primary,1,Eddie Lumsden,unopposed in the primary,1,"Georgia Secretary of State official results, GeneralPrimary51926 + 06162026GeneralPrimaryRunoff (results.sos.ga.gov)",2026-10-05
13,Vincent Mendes,unopposed in the primary,1,Katie Dempsey,won the primary 72 %,2,"Georgia Secretary of State official results, GeneralPrimary51926 + 06162026GeneralPrimaryRunoff (results.sos.ga.gov)",2026-10-05
14,Bella Bautista,unopposed in the primary,1,Mitchell Scoggins,unopposed in the primary,1,"Georgia Secretary of State official results, GeneralPrimary51926 + 06162026GeneralPrimaryRunoff (results.sos.ga.gov)",2026-10-05
15,Lauren Jones,unopposed in the primary,1,Matthew Gambill,unopposed in the primary,1,"Georgia Secretary of State official results, GeneralPrimary51926 + 06162026GeneralPrimaryRunoff (results.sos.ga.gov)",2026-10-05
16,Diana Spangler,unopposed in the primary,1,Trey Kelley,unopposed in the primary,1,"Georgia Secretary of State official results, GeneralPrimary51926 + 06162026GeneralPrimaryRunoff (results.sos.ga.gov)",2026-10-05
17,Tamyko Green,unopposed in the primary,1,Martin Momtahan,unopposed in the primary,1,"Georgia Secretary of State official results, GeneralPrimary51926 + 06162026GeneralPrimaryRunoff (results.sos.ga.gov)",2026-10-05
18,Pat Rhudy,unopposed in the primary,1,Tyler Paul Smith,won the primary 77 %,2,"Georgia Secretary of State official results, GeneralPrimary51926 + 06162026GeneralPrimaryRunoff (results.sos.ga.gov)",2026-10-05
19,Cynthia Starke-Jones,unopposed in the primary,1,Joseph Gullett,unopposed in the primary,1,"Georgia Secretary of State official results, GeneralPrimary51926 + 06162026GeneralPrimaryRunoff (results.sos.ga.gov)",2026-10-05
20,Jason D. Tanner,won the primary 70 %,2,Charlice Byrd,won the primary 52 %,2,"Georgia Secretary of State official results, GeneralPrimary51926 + 06162026GeneralPrimaryRunoff (results.sos.ga.gov)",2026-10-05
21,Anthony Aragues,unopposed in the primary,1,Brad Thomas,unopposed in the primary,1,"Georgia Secretary of State official results, GeneralPrimary51926 + 06162026GeneralPrimaryRunoff (results.sos.ga.gov)",2026-10-05
22,James Shade,unopposed in the primary,1,Jordan Ridley,unopposed in the primary,1,"Georgia Secretary of State official results, GeneralPrimary51926 + 06162026GeneralPrimaryRunoff (results.sos.ga.gov)",2026-10-05
23,Rob Epstein,unopposed in the primary,1,Bill Fincher,unopposed in the primary,1,"Georgia Secretary of State official results, GeneralPrimary51926 + 06162026GeneralPrimaryRunoff (results.sos.ga.gov)",2026-10-05
24,Maureen Gault,unopposed in the primary,1,Carter Barrett,unopposed in the primary,1,"Georgia Secretary of State official results, GeneralPrimary51926 + 06162026GeneralPrimaryRunoff (results.sos.ga.gov)",2026-10-05
25,Elaine Padgett,won the primary 79 %,2,Todd Jones,won the primary 88 %,2,"Georgia Secretary of State official results, GeneralPrimary51926 + 06162026GeneralPrimaryRunoff (results.sos.ga.gov)",2026-10-05
26,Meredith Greene,unopposed in the primary,1,Lauren W. McDonald III,unopposed in the primary,1,"Georgia Secretary of State official results, GeneralPrimary51926 + 06162026GeneralPrimaryRunoff (results.sos.ga.gov)",2026-10-05
27,Jay Kirkland,unopposed in the primary,1,Lee Hawkins,unopposed in the primary,1,"Georgia Secretary of State official results, GeneralPrimary51926 + 06162026GeneralPrimaryRunoff (results.sos.ga.gov)",2026-10-05
28,Mateo Sanabria,unopposed in the primary,1,Brent Cox,unopposed in the primary,1,"Georgia Secretary of State official results, GeneralPrimary51926 + 06162026GeneralPrimaryRunoff (results.sos.ga.gov)",2026-10-05
29,Scott Soracco,unopposed in the primary,1,Matt Dubnik,won the primary 87 %,2,"Georgia Secretary of State official results, GeneralPrimary51926 + 06162026GeneralPrimaryRunoff (results.sos.ga.gov)",2026-10-05
30,Braden Michael Doxey,unopposed in the primary,1,Derrick McCollum,unopposed in the primary,1,"Georgia Secretary of State official results, GeneralPrimary51926 + 06162026GeneralPrimaryRunoff (results.sos.ga.gov)",2026-10-05
31,,no candidate in the primary,0,Chad Bingham,unopposed in the primary,1,"Georgia Secretary of State official results, GeneralPrimary51926 + 06162026GeneralPrimaryRunoff (results.sos.ga.gov)",2026-10-05
32,Rebecca Sims,unopposed in the primary,1,Chris Erwin,unopposed in the primary,1,"Georgia Secretary of State official results, GeneralPrimary51926 + 06162026GeneralPrimaryRunoff (results.sos.ga.gov)",2026-10-05
33,,no candidate in the primary,0,Alan Powell,unopposed in the primary,1,"Georgia Secretary of State official results, GeneralPrimary51926 + 06162026GeneralPrimaryRunoff (results.sos.ga.gov)",2026-10-05
34,Titus Nichols,unopposed in the primary,1,Devan Seabaugh,unopposed in the primary,1,"Georgia Secretary of State official results, GeneralPrimary51926 + 06162026GeneralPrimaryRunoff (results.sos.ga.gov)",2026-10-05
35,Lisa Gayle Campbell,unopposed in the primary,1,Elvis Casely,unopposed in the primary,1,"Georgia Secretary of State official results, GeneralPrimary51926 + 06162026GeneralPrimaryRunoff (results.sos.ga.gov)",2026-10-05
36,"Luc ""Luke"" Noiset",unopposed in the primary,1,Ginny Ehrhart,unopposed in the primary,1,"Georgia Secretary of State official results, GeneralPrimary51926 + 06162026GeneralPrimaryRunoff (results.sos.ga.gov)",2026-10-05
37,Mary Frances Williams,won the primary 74 %,2,,no candidate in the primary,0,"Georgia Secretary of State official results, GeneralPrimary51926 + 06162026GeneralPrimaryRunoff (results.sos.ga.gov)",2026-10-05
38,David Wilkerson,unopposed in the primary,1,,no candidate in the primary,0,"Georgia Secretary of State official results, GeneralPrimary51926 + 06162026GeneralPrimaryRunoff (results.sos.ga.gov)",2026-10-05
39,Terry Cummings,unopposed in the primary,1,,no candidate in the primary,0,"Georgia Secretary of State official results, GeneralPrimary51926 + 06162026GeneralPrimaryRunoff (results.sos.ga.gov)",2026-10-05
40,Elisa Lassiter,unopposed in the primary,1,Kimberly R. New,unopposed in the primary,1,"Georgia Secretary of State official results, GeneralPrimary51926 + 06162026GeneralPrimaryRunoff (results.sos.ga.gov)",2026-10-05
41,Michael Smith,unopposed in the primary,1,,no candidate in the primary,0,"Georgia Secretary of State official results, GeneralPrimary51926 + 06162026GeneralPrimaryRunoff (results.sos.ga.gov)",2026-10-05
42,Gabriel Sanchez,won the primary 82 %,2,André Stafford,unopposed in the primary,1,"Georgia Secretary of State official results, GeneralPrimary51926 + 06162026GeneralPrimaryRunoff (results.sos.ga.gov)",2026-10-05
43,Solomon Adesanya,unopposed in the primary,1,,no candidate in the primary,0,"Georgia Secretary of State official results, GeneralPrimary51926 + 06162026GeneralPrimaryRunoff (results.sos.ga.gov)",2026-10-05
44,Danielle Bell,unopposed in the primary,1,Don L. Parsons,unopposed in the primary,1,"Georgia Secretary of State official results, GeneralPrimary51926 + 06162026GeneralPrimaryRunoff (results.sos.ga.gov)",2026-10-05
45,Michelle Schreiner,unopposed in the primary,1,Sharon Cooper,unopposed in the primary,1,"Georgia Secretary of State official results, GeneralPrimary51926 + 06162026GeneralPrimaryRunoff (results.sos.ga.gov)",2026-10-05
46,Dumont J. Walker,unopposed in the primary,1,John Carson,unopposed in the primary,1,"Georgia Secretary of State official results, GeneralPrimary51926 + 06162026GeneralPrimaryRunoff (results.sos.ga.gov)",2026-10-05
47,Lindsay Defranco,unopposed in the primary,1,Jack Miller,won the June 16 runoff 63 %,3,"Georgia Secretary of State official results, GeneralPrimary51926 + 06162026GeneralPrimaryRunoff (results.sos.ga.gov)",2026-10-05
48,Adam Cleveland,unopposed in the primary,1,Scott Hilton,unopposed in the primary,1,"Georgia Secretary of State official results, GeneralPrimary51926 + 06162026GeneralPrimaryRunoff (results.sos.ga.gov)",2026-10-05
49,Teresa Lin,unopposed in the primary,1,"Charles E. ""Chuck"" Martin",unopposed in the primary,1,"Georgia Secretary of State official results, GeneralPrimary51926 + 06162026GeneralPrimaryRunoff (results.sos.ga.gov)",2026-10-05
50,Michelle Au,unopposed in the primary,1,Azure Duan,unopposed in the primary,1,"Georgia Secretary of State official results, GeneralPrimary51926 + 06162026GeneralPrimaryRunoff (results.sos.ga.gov)",2026-10-05
51,Esther Panitch,won the primary 56 %,2,Keith Gettmann,unopposed in the primary,1,"Georgia Secretary of State official results, GeneralPrimary51926 + 06162026GeneralPrimaryRunoff (results.sos.ga.gov)",2026-10-05
52,Shea Roberts,unopposed in the primary,1,,no candidate in the primary,0,"Georgia Secretary of State official results, GeneralPrimary51926 + 06162026GeneralPrimaryRunoff (results.sos.ga.gov)",2026-10-05
53,Beth Fuller,won the primary 80 %,2,Deborah Silcox,unopposed in the primary,1,"Georgia Secretary of State official results, GeneralPrimary51926 + 06162026GeneralPrimaryRunoff (results.sos.ga.gov)",2026-10-05
54,Betsy Holland,won the primary 84 %,2,Greg Miller,unopposed in the primary,1,"Georgia Secretary of State official results, GeneralPrimary51926 + 06162026GeneralPrimaryRunoff (results.sos.ga.gov)",2026-10-05
55,Inga S. Willis,unopposed in the primary,1,Samuel S. Lenaeus,unopposed in the primary,1,"Georgia Secretary of State official results, GeneralPrimary51926 + 06162026GeneralPrimaryRunoff (results.sos.ga.gov)",2026-10-05
56,Bryce Berry,unopposed in the primary,1,,no candidate in the primary,0,"Georgia Secretary of State official results, GeneralPrimary51926 + 06162026GeneralPrimaryRunoff (results.sos.ga.gov)",2026-10-05
57,Stacey Evans,won the primary 85 %,2,Helmut Lucero Love,unopposed in the primary,1,"Georgia Secretary of State official results, GeneralPrimary51926 + 06162026GeneralPrimaryRunoff (results.sos.ga.gov)",2026-10-05
58,Mathewos Samson,won the June 16 runoff 66 %,4,Torrey Balam,unopposed in the primary,1,"Georgia Secretary of State official results, GeneralPrimary51926 + 06162026GeneralPrimaryRunoff (results.sos.ga.gov)",2026-10-05
59,Phil A. Olaleye,unopposed in the primary,1,"Devanta ""Sully"" Sullivan",unopposed in the primary,1,"Georgia Secretary of State official results, GeneralPrimary51926 + 06162026GeneralPrimaryRunoff (results.sos.ga.gov)",2026-10-05
60,Sheila Jones,unopposed in the primary,1,,no candidate in the primary,0,"Georgia Secretary of State official results, GeneralPrimary51926 + 06162026GeneralPrimaryRunoff (results.sos.ga.gov)",2026-10-05
61,Mekyah McQueen,won the primary 80 %,2,Damita Bishop,unopposed in the primary,1,"Georgia Secretary of State official results, GeneralPrimary51926 + 06162026GeneralPrimaryRunoff (results.sos.ga.gov)",2026-10-05
62,Kenn Collier,won the June 16 runoff 62 %,4,,no candidate in the primary,0,"Georgia Secretary of State official results, GeneralPrimary51926 + 06162026GeneralPrimaryRunoff (results.sos.ga.gov)",2026-10-05
63,Kim Schofield,unopposed in the primary,1,,no candidate in the primary,0,"Georgia Secretary of State official results, GeneralPrimary51926 + 06162026GeneralPrimaryRunoff (results.sos.ga.gov)",2026-10-05
64,Sylvia Wayfer Baker,unopposed in the primary,1,Lydia Parchue,unopposed in the primary,1,"Georgia Secretary of State official results, GeneralPrimary51926 + 06162026GeneralPrimaryRunoff (results.sos.ga.gov)",2026-10-05
65,Robert Dawson,unopposed in the primary,1,"Gordon W. Rolle, Jr.",unopposed in the primary,1,"Georgia Secretary of State official results, GeneralPrimary51926 + 06162026GeneralPrimaryRunoff (results.sos.ga.gov)",2026-10-05
66,Kimberly Alexander,won the primary 81 %,2,,no candidate in the primary,0,"Georgia Secretary of State official results, GeneralPrimary51926 + 06162026GeneralPrimaryRunoff (results.sos.ga.gov)",2026-10-05
67,Lydia Glaize,unopposed in the primary,1,Daniel Cook,unopposed in the primary,1,"Georgia Secretary of State official results, GeneralPrimary51926 + 06162026GeneralPrimaryRunoff (results.sos.ga.gov)",2026-10-05
68,Timoria McQueen Saba,won the June 16 runoff 52 %,6,,no candidate in the primary,0,"Georgia Secretary of State official results, GeneralPrimary51926 + 06162026GeneralPrimaryRunoff (results.sos.ga.gov)",2026-10-05
69,Debra Bazemore,won the primary 79 %,3,,no candidate in the primary,0,"Georgia Secretary of State official results, GeneralPrimary51926 + 06162026GeneralPrimaryRunoff (results.sos.ga.gov)",2026-10-05
70,Diane Boulai,won the primary 51 %,2,Melissa Stuckey,unopposed in the primary,1,"Georgia Secretary of State official results, GeneralPrimary51926 + 06162026GeneralPrimaryRunoff (results.sos.ga.gov)",2026-10-05
71,Anna Higgins,won the primary 57 %,2,"Justin ""Jutt"" Howard",unopposed in the primary,1,"Georgia Secretary of State official results, GeneralPrimary51926 + 06162026GeneralPrimaryRunoff (results.sos.ga.gov)",2026-10-05
72,,no candidate in the primary,0,David Huddleston,unopposed in the primary,1,"Georgia Secretary of State official results, GeneralPrimary51926 + 06162026GeneralPrimaryRunoff (results.sos.ga.gov)",2026-10-05
73,Tim Wilkinson,unopposed in the primary,1,Josh Bonner,unopposed in the primary,1,"Georgia Secretary of State official results, GeneralPrimary51926 + 06162026GeneralPrimaryRunoff (results.sos.ga.gov)",2026-10-05
74,"Robert Flournoy, Jr.",unopposed in the primary,1,,no candidate in the primary,0,"Georgia Secretary of State official results, GeneralPrimary51926 + 06162026GeneralPrimaryRunoff (results.sos.ga.gov)",2026-10-05
75,Eric W. Bell II,unopposed in the primary,1,,no candidate in the primary,0,"Georgia Secretary of State official results, GeneralPrimary51926 + 06162026GeneralPrimaryRunoff (results.sos.ga.gov)",2026-10-05
76,Sandra G. Scott,unopposed in the primary,1,,no candidate in the primary,0,"Georgia Secretary of State official results, GeneralPrimary51926 + 06162026GeneralPrimaryRunoff (results.sos.ga.gov)",2026-10-05
77,Rhonda Burnough,unopposed in the primary,1,,no candidate in the primary,0,"Georgia Secretary of State official results, GeneralPrimary51926 + 06162026GeneralPrimaryRunoff (results.sos.ga.gov)",2026-10-05
78,Demetrius Douglas,unopposed in the primary,1,,no candidate in the primary,0,"Georgia Secretary of State official results, GeneralPrimary51926 + 06162026GeneralPrimaryRunoff (results.sos.ga.gov)",2026-10-05
79,Yasmin Neal,unopposed in the primary,1,David Hamrick,unopposed in the primary,1,"Georgia Secretary of State official results, GeneralPrimary51926 + 06162026GeneralPrimaryRunoff (results.sos.ga.gov)",2026-10-05
80,Long Tran,unopposed in the primary,1,Brian Anderson,unopposed in the primary,1,"Georgia Secretary of State official results, GeneralPrimary51926 + 06162026GeneralPrimaryRunoff (results.sos.ga.gov)",2026-10-05
81,Mishael White,unopposed in the primary,1,Noelle Kahaian,unopposed in the primary,1,"Georgia Secretary of State official results, GeneralPrimary51926 + 06162026GeneralPrimaryRunoff (results.sos.ga.gov)",2026-10-05
82,Anthony Dickson,won the primary 70 %,2,Karen I. Mathiak,unopposed in the primary,1,"Georgia Secretary of State official results, GeneralPrimary51926 + 06162026GeneralPrimaryRunoff (results.sos.ga.gov)",2026-10-05
83,Karen Lupton,unopposed in the primary,1,"James ""Trip"" Smith",unopposed in the primary,1,"Georgia Secretary of State official results, GeneralPrimary51926 + 06162026GeneralPrimaryRunoff (results.sos.ga.gov)",2026-10-05
84,Mary Margaret Oliver,unopposed in the primary,1,,no candidate in the primary,0,"Georgia Secretary of State official results, GeneralPrimary51926 + 06162026GeneralPrimaryRunoff (results.sos.ga.gov)",2026-10-05
85,Karla L. Drenner,unopposed in the primary,1,Tyion Fields,unopposed in the primary,1,"Georgia Secretary of State official results, GeneralPrimary51926 + 06162026GeneralPrimaryRunoff (results.sos.ga.gov)",2026-10-05
86,Imani Barnes,unopposed in the primary,1,,no candidate in the primary,0,"Georgia Secretary of State official results, GeneralPrimary51926 + 06162026GeneralPrimaryRunoff (results.sos.ga.gov)",2026-10-05
87,Viola Davis,unopposed in the primary,1,Timothy J. Burson,unopposed in the primary,1,"Georgia Secretary of State official results, GeneralPrimary51926 + 06162026GeneralPrimaryRunoff (results.sos.ga.gov)",2026-10-05
88,Billy Mitchell,unopposed in the primary,1,William Park Freeman,unopposed in the primary,1,"Georgia Secretary of State official results, GeneralPrimary51926 + 06162026GeneralPrimaryRunoff (results.sos.ga.gov)",2026-10-05
89,Omari Crawford,unopposed in the primary,1,,no candidate in the primary,0,"Georgia Secretary of State official results, GeneralPrimary51926 + 06162026GeneralPrimaryRunoff (results.sos.ga.gov)",2026-10-05
90,Bentley Hudgins,won the primary 66 %,2,Samantha Boston,unopposed in the primary,1,"Georgia Secretary of State official results, GeneralPrimary51926 + 06162026GeneralPrimaryRunoff (results.sos.ga.gov)",2026-10-05
91,Angela Moore,won the primary 73 %,2,,no candidate in the primary,0,"Georgia Secretary of State official results, GeneralPrimary51926 + 06162026GeneralPrimaryRunoff (results.sos.ga.gov)",2026-10-05
92,Rhonda Taylor,won the primary 64 %,3,,no candidate in the primary,0,"Georgia Secretary of State official results, GeneralPrimary51926 + 06162026GeneralPrimaryRunoff (results.sos.ga.gov)",2026-10-05
93,Doreen Carter,unopposed in the primary,1,,no candidate in the primary,0,"Georgia Secretary of State official results, GeneralPrimary51926 + 06162026GeneralPrimaryRunoff (results.sos.ga.gov)",2026-10-05
94,Venola Mason,won the June 16 runoff 77 %,4,,no candidate in the primary,0,"Georgia Secretary of State official results, GeneralPrimary51926 + 06162026GeneralPrimaryRunoff (results.sos.ga.gov)",2026-10-05
95,Darshun Nicole Kendrick,won the primary 56 %,3,Reggie Hall,unopposed in the primary,1,"Georgia Secretary of State official results, GeneralPrimary51926 + 06162026GeneralPrimaryRunoff (results.sos.ga.gov)",2026-10-05
96,Arlene Beckles,won the primary 69 %,2,,no candidate in the primary,0,"Georgia Secretary of State official results, GeneralPrimary51926 + 06162026GeneralPrimaryRunoff (results.sos.ga.gov)",2026-10-05
97,Jyot Singh,won the primary 59 %,2,Yassin Moghazy,unopposed in the primary,1,"Georgia Secretary of State official results, GeneralPrimary51926 + 06162026GeneralPrimaryRunoff (results.sos.ga.gov)",2026-10-05
98,Marvin Lim,won the primary 61 %,2,,no candidate in the primary,0,"Georgia Secretary of State official results, GeneralPrimary51926 + 06162026GeneralPrimaryRunoff (results.sos.ga.gov)",2026-10-05
99,Michelle Kang,won the primary 71 %,2,Matt Reeves,unopposed in the primary,1,"Georgia Secretary of State official results, GeneralPrimary51926 + 06162026GeneralPrimaryRunoff (results.sos.ga.gov)",2026-10-05
100,Jennifer Ambler,unopposed in the primary,1,Josh Clark,won the primary 78 %,2,"Georgia Secretary of State official results, GeneralPrimary51926 + 06162026GeneralPrimaryRunoff (results.sos.ga.gov)",2026-10-05
101,Scott Holcomb,unopposed in the primary,1,Jennifer Hutchison,unopposed in the primary,1,"Georgia Secretary of State official results, GeneralPrimary51926 + 06162026GeneralPrimaryRunoff (results.sos.ga.gov)",2026-10-05
102,Gabe Okoye,unopposed in the primary,1,,no candidate in the primary,0,"Georgia Secretary of State official results, GeneralPrimary51926 + 06162026GeneralPrimaryRunoff (results.sos.ga.gov)",2026-10-05
103,Chris Luchey,unopposed in the primary,1,Soo Hong,unopposed in the primary,1,"Georgia Secretary of State official results, GeneralPrimary51926 + 06162026GeneralPrimaryRunoff (results.sos.ga.gov)",2026-10-05
104,,no candidate in the primary,0,Chuck Efstration,unopposed in the primary,1,"Georgia Secretary of State official results, GeneralPrimary51926 + 06162026GeneralPrimaryRunoff (results.sos.ga.gov)",2026-10-05
105,Farooq Mughal,unopposed in the primary,1,Sandy Donatucci,unopposed in the primary,1,"Georgia Secretary of State official results, GeneralPrimary51926 + 06162026GeneralPrimaryRunoff (results.sos.ga.gov)",2026-10-05
106,Akbar Ali,unopposed in the primary,1,,no candidate in the primary,0,"Georgia Secretary of State official results, GeneralPrimary51926 + 06162026GeneralPrimaryRunoff (results.sos.ga.gov)",2026-10-05
107,Sam Park,unopposed in the primary,1,Murray R. Berkowitz,unopposed in the primary,1,"Georgia Secretary of State official results, GeneralPrimary51926 + 06162026GeneralPrimaryRunoff (results.sos.ga.gov)",2026-10-05
108,Rahim Asani,won the primary 53 %,2,Elvia Davila,unopposed in the primary,1,"Georgia Secretary of State official results, GeneralPrimary51926 + 06162026GeneralPrimaryRunoff (results.sos.ga.gov)",2026-10-05
109,Juan Estrada,won the primary 67 %,2,,no candidate in the primary,0,"Georgia Secretary of State official results, GeneralPrimary51926 + 06162026GeneralPrimaryRunoff (results.sos.ga.gov)",2026-10-05
110,Segun Adeyina,unopposed in the primary,1,Charles Lollar,unopposed in the primary,1,"Georgia Secretary of State official results, GeneralPrimary51926 + 06162026GeneralPrimaryRunoff (results.sos.ga.gov)",2026-10-05
111,Scott T. Jackson,unopposed in the primary,1,"Reynaldo ""Rey"" Martinez",unopposed in the primary,1,"Georgia Secretary of State official results, GeneralPrimary51926 + 06162026GeneralPrimaryRunoff (results.sos.ga.gov)",2026-10-05
112,Lisa Maria,unopposed in the primary,1,Bruce Williamson,unopposed in the primary,1,"Georgia Secretary of State official results, GeneralPrimary51926 + 06162026GeneralPrimaryRunoff (results.sos.ga.gov)",2026-10-05
113,Karla Daniels Hooper,won the primary 54 %,2,Don Scarbrough,unopposed in the primary,1,"Georgia Secretary of State official results, GeneralPrimary51926 + 06162026GeneralPrimaryRunoff (results.sos.ga.gov)",2026-10-05
114,Michael Caw,unopposed in the primary,1,Brett Mauldin,won the primary 80 %,2,"Georgia Secretary of State official results, GeneralPrimary51926 + 06162026GeneralPrimaryRunoff (results.sos.ga.gov)",2026-10-05
115,Regina Lewis-Ward,unopposed in the primary,1,Darius L. Francis,unopposed in the primary,1,"Georgia Secretary of State official results, GeneralPrimary51926 + 06162026GeneralPrimaryRunoff (results.sos.ga.gov)",2026-10-05
116,El-Mahdi Holly,unopposed in the primary,1,Samie Lee Conyers,unopposed in the primary,1,"Georgia Secretary of State official results, GeneralPrimary51926 + 06162026GeneralPrimaryRunoff (results.sos.ga.gov)",2026-10-05
117,Kim Thomas Smith,won the June 16 runoff 88 %,5,,no candidate in the primary,0,"Georgia Secretary of State official results, GeneralPrimary51926 + 06162026GeneralPrimaryRunoff (results.sos.ga.gov)",2026-10-05
118,Sharonda Bell,won the primary 76 %,2,Clint Crowe,unopposed in the primary,1,"Georgia Secretary of State official results, GeneralPrimary51926 + 06162026GeneralPrimaryRunoff (results.sos.ga.gov)",2026-10-05
119,Catherine Morris,unopposed in the primary,1,Holt Persinger,unopposed in the primary,1,"Georgia Secretary of State official results, GeneralPrimary51926 + 06162026GeneralPrimaryRunoff (results.sos.ga.gov)",2026-10-05
120,Suzanna Karatassos,unopposed in the primary,1,"Gary ""Ward"" Black, Jr.",won the primary 58 %,2,"Georgia Secretary of State official results, GeneralPrimary51926 + 06162026GeneralPrimaryRunoff (results.sos.ga.gov)",2026-10-05
121,Eric Gisler,unopposed in the primary,1,"Mack ""Dutch"" Guest IV",unopposed in the primary,1,"Georgia Secretary of State official results, GeneralPrimary51926 + 06162026GeneralPrimaryRunoff (results.sos.ga.gov)",2026-10-05
122,Spencer Frye,unopposed in the primary,1,Carol Hubbard,unopposed in the primary,1,"Georgia Secretary of State official results, GeneralPrimary51926 + 06162026GeneralPrimaryRunoff (results.sos.ga.gov)",2026-10-05
123,Hope S. Beard,unopposed in the primary,1,Rob Leverett,unopposed in the primary,1,"Georgia Secretary of State official results, GeneralPrimary51926 + 06162026GeneralPrimaryRunoff (results.sos.ga.gov)",2026-10-05
124,Melanie Michele Miller,unopposed in the primary,1,Trey Rhodes,unopposed in the primary,1,"Georgia Secretary of State official results, GeneralPrimary51926 + 06162026GeneralPrimaryRunoff (results.sos.ga.gov)",2026-10-05
125,Leonard Hennessy,unopposed in the primary,1,Gary Richardson,unopposed in the primary,1,"Georgia Secretary of State official results, GeneralPrimary51926 + 06162026GeneralPrimaryRunoff (results.sos.ga.gov)",2026-10-05
126,L.C. Myles Jr.,unopposed in the primary,1,William C. Harris,unopposed in the primary,1,"Georgia Secretary of State official results, GeneralPrimary51926 + 06162026GeneralPrimaryRunoff (results.sos.ga.gov)",2026-10-05
127,Channing Von-T Taylor,unopposed in the primary,1,Mark Newton,unopposed in the primary,1,"Georgia Secretary of State official results, GeneralPrimary51926 + 06162026GeneralPrimaryRunoff (results.sos.ga.gov)",2026-10-05
128,Tyrone A. Evans,won the primary 60 %,2,Trey Sheppard,unopposed in the primary,1,"Georgia Secretary of State official results, GeneralPrimary51926 + 06162026GeneralPrimaryRunoff (results.sos.ga.gov)",2026-10-05
129,Karlton L. Howard,won the primary 79 %,2,,no candidate in the primary,0,"Georgia Secretary of State official results, GeneralPrimary51926 + 06162026GeneralPrimaryRunoff (results.sos.ga.gov)",2026-10-05
130,Sheila Clark Nelson,won the primary 50 %,4,David Carson,won the primary 56 %,2,"Georgia Secretary of State official results, GeneralPrimary51926 + 06162026GeneralPrimaryRunoff (results.sos.ga.gov)",2026-10-05
131,Jenny E. Eppard,unopposed in the primary,1,Rob Clifton,unopposed in the primary,1,"Georgia Secretary of State official results, GeneralPrimary51926 + 06162026GeneralPrimaryRunoff (results.sos.ga.gov)",2026-10-05
132,Brian L. Prince,unopposed in the primary,1,,no candidate in the primary,0,"Georgia Secretary of State official results, GeneralPrimary51926 + 06162026GeneralPrimaryRunoff (results.sos.ga.gov)",2026-10-05
133,,no candidate in the primary,0,Danny Mathis,won the primary 61 %,2,"Georgia Secretary of State official results, GeneralPrimary51926 + 06162026GeneralPrimaryRunoff (results.sos.ga.gov)",2026-10-05
134,,no candidate in the primary,0,Robert Dickey,unopposed in the primary,1,"Georgia Secretary of State official results, GeneralPrimary51926 + 06162026GeneralPrimaryRunoff (results.sos.ga.gov)",2026-10-05
135,,no candidate in the primary,0,Beth Camp,unopposed in the primary,1,"Georgia Secretary of State official results, GeneralPrimary51926 + 06162026GeneralPrimaryRunoff (results.sos.ga.gov)",2026-10-05
136,,no candidate in the primary,0,David Jenkins,unopposed in the primary,1,"Georgia Secretary of State official results, GeneralPrimary51926 + 06162026GeneralPrimaryRunoff (results.sos.ga.gov)",2026-10-05
137,Debbie G. Buckner,unopposed in the primary,1,,no candidate in the primary,0,"Georgia Secretary of State official results, GeneralPrimary51926 + 06162026GeneralPrimaryRunoff (results.sos.ga.gov)",2026-10-05
138,Cyndie Hutchings,unopposed in the primary,1,Vance Smith,unopposed in the primary,1,"Georgia Secretary of State official results, GeneralPrimary51926 + 06162026GeneralPrimaryRunoff (results.sos.ga.gov)",2026-10-05
139,Elliot Valdez,unopposed in the primary,1,Carmen Rice,unopposed in the primary,1,"Georgia Secretary of State official results, GeneralPrimary51926 + 06162026GeneralPrimaryRunoff (results.sos.ga.gov)",2026-10-05
140,"Marquese ""Skinny"" Averett",unopposed in the primary,1,Edward Kvietkus,unopposed in the primary,1,"Georgia Secretary of State official results, GeneralPrimary51926 + 06162026GeneralPrimaryRunoff (results.sos.ga.gov)",2026-10-05
141,Carolyn F. Hugley,unopposed in the primary,1,Reggie Liparoto,unopposed in the primary,1,"Georgia Secretary of State official results, GeneralPrimary51926 + 06162026GeneralPrimaryRunoff (results.sos.ga.gov)",2026-10-05
142,Miriam Paris,won the primary 75 %,2,Calvin Palmer,unopposed in the primary,1,"Georgia Secretary of State official results, GeneralPrimary51926 + 06162026GeneralPrimaryRunoff (results.sos.ga.gov)",2026-10-05
143,Anissa M. Jones,unopposed in the primary,1,,no candidate in the primary,0,"Georgia Secretary of State official results, GeneralPrimary51926 + 06162026GeneralPrimaryRunoff (results.sos.ga.gov)",2026-10-05
144,,no candidate in the primary,0,Dale Washburn,unopposed in the primary,1,"Georgia Secretary of State official results, GeneralPrimary51926 + 06162026GeneralPrimaryRunoff (results.sos.ga.gov)",2026-10-05
145,Tangie Herring,unopposed in the primary,1,Eric S. Wilson,unopposed in the primary,1,"Georgia Secretary of State official results, GeneralPrimary51926 + 06162026GeneralPrimaryRunoff (results.sos.ga.gov)",2026-10-05
146,,no candidate in the primary,0,Shaw Blackmon,unopposed in the primary,1,"Georgia Secretary of State official results, GeneralPrimary51926 + 06162026GeneralPrimaryRunoff (results.sos.ga.gov)",2026-10-05
147,Renita A. Duncan,won the primary 81 %,2,Bethany Ballard,unopposed in the primary,1,"Georgia Secretary of State official results, GeneralPrimary51926 + 06162026GeneralPrimaryRunoff (results.sos.ga.gov)",2026-10-05
148,Cynthia Johnson,won the primary 71 %,2,"Noel W. Williams, Jr.",unopposed in the primary,1,"Georgia Secretary of State official results, GeneralPrimary51926 + 06162026GeneralPrimaryRunoff (results.sos.ga.gov)",2026-10-05
149,Floyd Griffin,won the primary 80 %,2,Randy Peters,unopposed in the primary,1,"Georgia Secretary of State official results, GeneralPrimary51926 + 06162026GeneralPrimaryRunoff (results.sos.ga.gov)",2026-10-05
150,Patty Bentley Stinson,unopposed in the primary,1,Cary Moore,unopposed in the primary,1,"Georgia Secretary of State official results, GeneralPrimary51926 + 06162026GeneralPrimaryRunoff (results.sos.ga.gov)",2026-10-05
151,Ethan Wolfe,unopposed in the primary,1,Mike Cheokas,unopposed in the primary,1,"Georgia Secretary of State official results, GeneralPrimary51926 + 06162026GeneralPrimaryRunoff (results.sos.ga.gov)",2026-10-05
152,Mitchell Rosa,unopposed in the primary,1,"William J. ""Bill"" Yearta",unopposed in the primary,1,"Georgia Secretary of State official results, GeneralPrimary51926 + 06162026GeneralPrimaryRunoff (results.sos.ga.gov)",2026-10-05
153,David Lee Sampson,unopposed in the primary,1,,no candidate in the primary,0,"Georgia Secretary of State official results, GeneralPrimary51926 + 06162026GeneralPrimaryRunoff (results.sos.ga.gov)",2026-10-05
154,Harry James,unopposed in the primary,1,Gerald E. Greene,unopposed in the primary,1,"Georgia Secretary of State official results, GeneralPrimary51926 + 06162026GeneralPrimaryRunoff (results.sos.ga.gov)",2026-10-05
155,Joe Powers,unopposed in the primary,1,Matt Hatchett,won the primary 91 %,2,"Georgia Secretary of State official results, GeneralPrimary51926 + 06162026GeneralPrimaryRunoff (results.sos.ga.gov)",2026-10-05
156,,no candidate in the primary,0,Leesa Hagan,unopposed in the primary,1,"Georgia Secretary of State official results, GeneralPrimary51926 + 06162026GeneralPrimaryRunoff (results.sos.ga.gov)",2026-10-05
157,Micah King,unopposed in the primary,1,Bradley B. Anderson,won the primary 66 %,2,"Georgia Secretary of State official results, GeneralPrimary51926 + 06162026GeneralPrimaryRunoff (results.sos.ga.gov)",2026-10-05
158,,no candidate in the primary,0,Butch Parrish,unopposed in the primary,1,"Georgia Secretary of State official results, GeneralPrimary51926 + 06162026GeneralPrimaryRunoff (results.sos.ga.gov)",2026-10-05
159,,no candidate in the primary,0,Jon G. Burns,won the primary 75 %,2,"Georgia Secretary of State official results, GeneralPrimary51926 + 06162026GeneralPrimaryRunoff (results.sos.ga.gov)",2026-10-05
160,,no candidate in the primary,0,Lehman Franklin,unopposed in the primary,1,"Georgia Secretary of State official results, GeneralPrimary51926 + 06162026GeneralPrimaryRunoff (results.sos.ga.gov)",2026-10-05
161,David Dillie,unopposed in the primary,1,Bill Hitchens,unopposed in the primary,1,"Georgia Secretary of State official results, GeneralPrimary51926 + 06162026GeneralPrimaryRunoff (results.sos.ga.gov)",2026-10-05
162,Orlando Scott,unopposed in the primary,1,,no candidate in the primary,0,"Georgia Secretary of State official results, GeneralPrimary51926 + 06162026GeneralPrimaryRunoff (results.sos.ga.gov)",2026-10-05
163,Anne Allen Westbrook,unopposed in the primary,1,,no candidate in the primary,0,"Georgia Secretary of State official results, GeneralPrimary51926 + 06162026GeneralPrimaryRunoff (results.sos.ga.gov)",2026-10-05
164,Stephanie O Burgess,unopposed in the primary,1,Ron Stephens,unopposed in the primary,1,"Georgia Secretary of State official results, GeneralPrimary51926 + 06162026GeneralPrimaryRunoff (results.sos.ga.gov)",2026-10-05
165,MiQuan Green,won the primary 53 %,3,,no candidate in the primary,0,"Georgia Secretary of State official results, GeneralPrimary51926 + 06162026GeneralPrimaryRunoff (results.sos.ga.gov)",2026-10-05
166,Pat Daley,unopposed in the primary,1,Jesse Petrea,unopposed in the primary,1,"Georgia Secretary of State official results, GeneralPrimary51926 + 06162026GeneralPrimaryRunoff (results.sos.ga.gov)",2026-10-05
167,"Nathaniel Hicks, Jr.",won the primary 53 %,2,Buddy DeLoach,unopposed in the primary,1,"Georgia Secretary of State official results, GeneralPrimary51926 + 06162026GeneralPrimaryRunoff (results.sos.ga.gov)",2026-10-05
168,Al Williams,won the primary 62 %,2,Kevin Remillard,unopposed in the primary,1,"Georgia Secretary of State official results, GeneralPrimary51926 + 06162026GeneralPrimaryRunoff (results.sos.ga.gov)",2026-10-05
169,,no candidate in the primary,0,Angie O'Steen,unopposed in the primary,1,"Georgia Secretary of State official results, GeneralPrimary51926 + 06162026GeneralPrimaryRunoff (results.sos.ga.gov)",2026-10-05
170,,no candidate in the primary,0,Jaclyn Dixon Ford,unopposed in the primary,1,"Georgia Secretary of State official results, GeneralPrimary51926 + 06162026GeneralPrimaryRunoff (results.sos.ga.gov)",2026-10-05
171,,no candidate in the primary,0,Joseph M. Campbell,unopposed in the primary,1,"Georgia Secretary of State official results, GeneralPrimary51926 + 06162026GeneralPrimaryRunoff (results.sos.ga.gov)",2026-10-05
172,,no candidate in the primary,0,"Charles ""Chas"" Cannon",unopposed in the primary,1,"Georgia Secretary of State official results, GeneralPrimary51926 + 06162026GeneralPrimaryRunoff (results.sos.ga.gov)",2026-10-05
173,Adam Chitwood,won the primary 52 %,2,Darlene Taylor,unopposed in the primary,1,"Georgia Secretary of State official results, GeneralPrimary51926 + 06162026GeneralPrimaryRunoff (results.sos.ga.gov)",2026-10-05
174,David Hall,unopposed in the primary,1,John L. Corbett,unopposed in the primary,1,"Georgia Secretary of State official results, GeneralPrimary51926 + 06162026GeneralPrimaryRunoff (results.sos.ga.gov)",2026-10-05
175,Anissa Knight Wiseman,unopposed in the primary,1,John LaHood,unopposed in the primary,1,"Georgia Secretary of State official results, GeneralPrimary51926 + 06162026GeneralPrimaryRunoff (results.sos.ga.gov)",2026-10-05
176,Marcus T. Ryan,unopposed in the primary,1,James Burchett,won the primary 82 %,2,"Georgia Secretary of State official results, GeneralPrimary51926 + 06162026GeneralPrimaryRunoff (results.sos.ga.gov)",2026-10-05
177,Elsie Cason Napier,won the June 16 runoff 58 %,5,,no candidate in the primary,0,"Georgia Secretary of State official results, GeneralPrimary51926 + 06162026GeneralPrimaryRunoff (results.sos.ga.gov)",2026-10-05
178,Barry Dunham,unopposed in the primary,1,Steven Meeks,unopposed in the primary,1,"Georgia Secretary of State official results, GeneralPrimary51926 + 06162026GeneralPrimaryRunoff (results.sos.ga.gov)",2026-10-05
179,,no candidate in the primary,0,Rick Townsend,unopposed in the primary,1,"Georgia Secretary of State official results, GeneralPrimary51926 + 06162026GeneralPrimaryRunoff (results.sos.ga.gov)",2026-10-05
180,,no candidate in the primary,0,Steven Sainz,unopposed in the primary,1,"Georgia Secretary of State official results, GeneralPrimary51926 + 06162026GeneralPrimaryRunoff (results.sos.ga.gov)",2026-10-05
