office,seat,pollster,end_date,action,value,note
senate,SD,lake research,2026-09-30,drop,,feed copy of the Aug 26-30 Bengs-campaign survey dated by its release (Wikipedia; PollTracker)
senate,SD,lake research,,sponsor,I,Bengs campaign (Wikipedia polling table)
senate,SD,impact research,,sponsor,I,Bengs campaign
senate,SD,public policy polling,2026-09-09,sponsor,I,Bengs campaign
senate,SD,zenith,,sponsor,I,Bengs campaign
governor,SD,lake research,2026-09-30,end_date,2026-08-30,same Aug 26-30 survey as the Senate poll; the feed dated it by its release
house,NC-1,,,name,Davies>Davis,Polling USA spells Rep. Don Davis "Davies" (Neighborhood Research 10/6)
house,KY-6,change research,2026-10-05,sponsor,D,the NYT feed copy is labelled Change Research (D); the Polling USA copy of the same 47-38 poll dropped the tag
governor,FL,change research,2026-09-09,sponsor,D,same Sep 7-9 survey as the Senate question the feed tags Change Research (D) (sponsor Freedom Project USA); the governor copy dropped the tag
governor,FL,change research,2026-09-27,sponsor,D,same late-Sep survey as the Senate question the feed tags Change Research (D); the governor copy dropped the tag
