year,mode,group,days_out,n,low_prop,prev_none,prev_mail,prev_early_ip,prev_ed,youth
2026,mail,all,60,40,10,15,17,6,2,4
2026,mail,all,59,115,23,37,51,23,4,12
2026,mail,all,58,161,30,48,75,32,6,20
2026,mail,all,57,211,41,67,98,39,7,28
2026,mail,all,56,610,140,224,258,110,18,80
2026,mail,all,55,1010,217,357,428,185,40,126
2026,mail,all,54,1332,272,438,596,249,49,157
2026,mail,all,53,1688,314,509,791,322,66,180
2026,mail,all,52,1710,319,517,803,323,67,184
2026,mail,all,51,1737,322,524,818,328,67,188
2026,mail,all,50,2575,455,719,1309,440,107,233
2026,mail,all,49,3339,596,932,1686,588,133,285
2026,mail,all,48,4169,706,1110,2160,729,170,323
2026,mail,all,47,4904,817,1299,2514,872,219,363
2026,mail,all,46,5662,949,1504,2865,1038,255,392
2026,mail,all,45,5747,972,1536,2906,1047,258,402
2026,mail,all,44,5775,978,1546,2918,1052,259,406
2026,mail,all,43,7633,1315,2064,3860,1370,339,551
2026,mail,all,42,8457,1492,2319,4243,1514,381,619
2026,mail,all,41,9514,1717,2630,4747,1708,429,689
2026,mail,all,40,10584,1905,2915,5287,1892,490,762
2026,mail,all,39,11891,2114,3225,5980,2112,574,853
2026,mail,all,38,11923,2120,3244,5987,2118,574,859
2026,mail,all,37,11943,2125,3254,5995,2120,574,862
2026,mail,all,36,13875,2490,3833,6892,2468,682,1012
2026,mail,all,35,15012,2686,4169,7435,2664,744,1099
2026,mail,all,34,16367,2944,4563,8081,2897,826,1195
2026,mail,all,33,17610,3183,4941,8654,3124,891,1282
2026,mail,all,32,18743,3387,5269,9165,3340,969,1371
2026,mail,all,31,18752,3387,5273,9168,3340,971,1371
2026,mail,white,60,24,3,7,12,4,1,3
2026,mail,white,59,78,12,21,36,18,3,10
2026,mail,white,58,111,16,27,53,26,5,17
2026,mail,white,57,143,21,39,69,30,5,22
2026,mail,white,56,397,68,118,176,89,14,54
2026,mail,white,55,676,107,193,301,150,32,87
2026,mail,white,54,887,134,236,412,202,37,107
2026,mail,white,53,1143,165,283,546,261,53,121
2026,mail,white,52,1158,168,288,555,261,54,124
2026,mail,white,51,1177,171,294,564,265,54,126
2026,mail,white,50,1764,256,419,909,348,88,158
2026,mail,white,49,2311,344,558,1182,459,112,190
2026,mail,white,48,2928,415,676,1535,573,144,211
2026,mail,white,47,3468,486,793,1799,692,184,237
2026,mail,white,46,4059,573,938,2075,832,214,252
2026,mail,white,45,4111,579,949,2108,839,215,255
2026,mail,white,44,4129,584,957,2112,844,216,259
2026,mail,white,43,5485,818,1310,2794,1093,288,353
2026,mail,white,42,6128,947,1493,3101,1211,323,396
2026,mail,white,41,6937,1112,1719,3485,1372,361,445
2026,mail,white,40,7739,1257,1926,3878,1520,415,496
2026,mail,white,39,8739,1407,2151,4406,1698,484,562
2026,mail,white,38,8757,1411,2162,4410,1701,484,565
2026,mail,white,37,8768,1411,2165,4416,1703,484,566
2026,mail,white,36,10208,1645,2545,5092,1992,579,666
2026,mail,white,35,11068,1786,2774,5506,2155,633,724
2026,mail,white,34,12084,1962,3048,5985,2350,701,786
2026,mail,white,33,13033,2128,3315,6433,2534,751,852
2026,mail,white,32,13874,2272,3532,6817,2710,815,917
2026,mail,white,31,13880,2272,3535,6819,2710,816,917
2026,mail,black,60,2,0,0,0,1,1,0
2026,mail,black,59,3,0,0,1,1,1,0
2026,mail,black,58,4,0,0,2,1,1,0
2026,mail,black,57,6,0,0,2,3,1,0
2026,mail,black,56,25,6,8,11,5,1,3
2026,mail,black,55,51,8,11,33,6,1,3
2026,mail,black,54,89,11,14,61,12,2,5
2026,mail,black,53,134,14,22,89,21,2,6
2026,mail,black,52,134,14,22,89,21,2,6
2026,mail,black,51,135,14,22,90,21,2,7
2026,mail,black,50,245,24,37,165,37,6,9
2026,mail,black,49,339,33,53,227,52,7,11
2026,mail,black,48,444,43,71,299,64,10,18
2026,mail,black,47,535,55,94,355,74,12,24
2026,mail,black,46,607,69,113,392,87,15,28
2026,mail,black,45,615,70,115,398,87,15,29
2026,mail,black,44,615,70,115,398,87,15,29
2026,mail,black,43,842,94,160,542,120,20,37
2026,mail,black,42,909,110,185,569,134,21,40
2026,mail,black,41,994,121,204,611,151,28,42
2026,mail,black,40,1096,130,222,679,167,28,44
2026,mail,black,39,1205,140,243,751,182,29,46
2026,mail,black,38,1207,141,244,751,183,29,46
2026,mail,black,37,1208,141,245,751,183,29,47
2026,mail,black,36,1388,173,302,841,210,35,62
2026,mail,black,35,1478,191,329,885,227,37,68
2026,mail,black,34,1600,210,359,952,247,42,74
2026,mail,black,33,1704,225,389,1002,265,48,76
2026,mail,black,32,1819,247,423,1064,282,50,84
2026,mail,black,31,1820,247,423,1064,282,51,84
2026,mail,other,60,4,1,1,2,1,0,0
2026,mail,other,59,11,1,3,6,2,0,0
2026,mail,other,58,13,1,4,6,3,0,0
2026,mail,other,57,14,1,4,7,3,0,0
2026,mail,other,56,34,7,14,13,7,0,6
2026,mail,other,55,53,13,24,13,14,2,8
2026,mail,other,54,69,17,30,22,15,2,10
2026,mail,other,53,83,19,32,34,15,2,11
2026,mail,other,52,85,20,33,34,16,2,11
2026,mail,other,51,87,20,33,35,17,2,12
2026,mail,other,50,133,26,44,66,21,2,17
2026,mail,other,49,167,36,55,80,30,2,23
2026,mail,other,48,196,44,66,91,37,2,26
2026,mail,other,47,230,50,79,102,43,6,29
2026,mail,other,46,258,61,92,110,48,8,34
2026,mail,other,45,266,67,99,110,49,8,35
2026,mail,other,44,266,67,99,110,49,8,35
2026,mail,other,43,363,85,129,157,69,8,49
2026,mail,other,42,396,93,140,174,72,10,60
2026,mail,other,41,458,109,163,203,81,11,68
2026,mail,other,40,522,121,184,236,87,15,80
2026,mail,other,39,615,137,205,285,101,24,95
2026,mail,other,38,617,137,206,285,102,24,95
2026,mail,other,37,618,137,206,286,102,24,95
2026,mail,other,36,718,168,245,331,118,24,108
2026,mail,other,35,798,179,272,374,126,26,119
2026,mail,other,34,899,210,314,422,134,29,136
2026,mail,other,33,971,230,339,452,144,36,143
2026,mail,other,32,1037,240,364,469,160,44,147
2026,mail,other,31,1038,240,365,469,160,44,147
2026,mail,undesignated,60,10,6,7,3,0,0,1
2026,mail,undesignated,59,23,10,13,8,2,0,2
2026,mail,undesignated,58,33,13,17,14,2,0,3
2026,mail,undesignated,57,48,19,24,20,3,1,6
2026,mail,undesignated,56,154,59,84,58,9,3,17
2026,mail,undesignated,55,230,89,129,81,15,5,28
2026,mail,undesignated,54,287,110,158,101,20,8,35
2026,mail,undesignated,53,328,116,172,122,25,9,42
2026,mail,undesignated,52,333,117,174,125,25,9,43
2026,mail,undesignated,51,338,117,175,129,25,9,43
2026,mail,undesignated,50,433,149,219,169,34,11,49
2026,mail,undesignated,49,522,183,266,197,47,12,61
2026,mail,undesignated,48,601,204,297,235,55,14,68
2026,mail,undesignated,47,671,226,333,258,63,17,73
2026,mail,undesignated,46,738,246,361,288,71,18,78
2026,mail,undesignated,45,755,256,373,290,72,20,83
2026,mail,undesignated,44,765,257,375,298,72,20,83
2026,mail,undesignated,43,943,318,465,367,88,23,112
2026,mail,undesignated,42,1024,342,501,399,97,27,123
2026,mail,undesignated,41,1125,375,544,448,104,29,134
2026,mail,undesignated,40,1227,397,583,494,118,32,142
2026,mail,undesignated,39,1332,430,626,538,131,37,150
2026,mail,undesignated,38,1342,431,632,541,132,37,153
2026,mail,undesignated,37,1349,436,638,542,132,37,154
2026,mail,undesignated,36,1561,504,741,628,148,44,176
2026,mail,undesignated,35,1668,530,794,670,156,48,188
2026,mail,undesignated,34,1784,562,842,722,166,54,199
2026,mail,undesignated,33,1902,600,898,767,181,56,211
2026,mail,undesignated,32,2013,628,950,815,188,60,223
2026,mail,undesignated,31,2014,628,950,816,188,60,223
2026,mail,other_undesig,60,14,7,8,5,1,0,1
2026,mail,other_undesig,59,34,11,16,14,4,0,2
2026,mail,other_undesig,58,46,14,21,20,5,0,3
2026,mail,other_undesig,57,62,20,28,27,6,1,6
2026,mail,other_undesig,56,188,66,98,71,16,3,23
2026,mail,other_undesig,55,283,102,153,94,29,7,36
2026,mail,other_undesig,54,356,127,188,123,35,10,45
2026,mail,other_undesig,53,411,135,204,156,40,11,53
2026,mail,other_undesig,52,418,137,207,159,41,11,54
2026,mail,other_undesig,51,425,137,208,164,42,11,55
2026,mail,other_undesig,50,566,175,263,235,55,13,66
2026,mail,other_undesig,49,689,219,321,277,77,14,84
2026,mail,other_undesig,48,797,248,363,326,92,16,94
2026,mail,other_undesig,47,901,276,412,360,106,23,102
2026,mail,other_undesig,46,996,307,453,398,119,26,112
2026,mail,other_undesig,45,1021,323,472,400,121,28,118
2026,mail,other_undesig,44,1031,324,474,408,121,28,118
2026,mail,other_undesig,43,1306,403,594,524,157,31,161
2026,mail,other_undesig,42,1420,435,641,573,169,37,183
2026,mail,other_undesig,41,1583,484,707,651,185,40,202
2026,mail,other_undesig,40,1749,518,767,730,205,47,222
2026,mail,other_undesig,39,1947,567,831,823,232,61,245
2026,mail,other_undesig,38,1959,568,838,826,234,61,248
2026,mail,other_undesig,37,1967,573,844,828,234,61,249
2026,mail,other_undesig,36,2279,672,986,959,266,68,284
2026,mail,other_undesig,35,2466,709,1066,1044,282,74,307
2026,mail,other_undesig,34,2683,772,1156,1144,300,83,335
2026,mail,other_undesig,33,2873,830,1237,1219,325,92,354
2026,mail,other_undesig,32,3050,868,1314,1284,348,104,370
2026,mail,other_undesig,31,3052,868,1315,1285,348,104,370
2026,mail,hispanic,60,0,0,0,0,0,0,0
2026,mail,hispanic,59,3,0,1,2,0,0,0
2026,mail,hispanic,58,4,0,1,2,1,0,0
2026,mail,hispanic,57,5,0,1,3,1,0,0
2026,mail,hispanic,56,10,2,3,4,2,1,2
2026,mail,hispanic,55,19,3,6,5,6,2,2
2026,mail,hispanic,54,30,6,9,10,9,2,4
2026,mail,hispanic,53,37,7,10,12,12,3,5
2026,mail,hispanic,52,38,8,11,12,12,3,5
2026,mail,hispanic,51,40,8,12,12,13,3,6
2026,mail,hispanic,50,50,8,14,17,15,4,8
2026,mail,hispanic,49,73,16,22,26,21,4,11
2026,mail,hispanic,48,89,20,29,34,22,4,13
2026,mail,hispanic,47,101,24,33,36,27,5,13
2026,mail,hispanic,46,111,29,39,38,28,6,16
2026,mail,hispanic,45,114,32,42,38,28,6,17
2026,mail,hispanic,44,114,32,42,38,28,6,17
2026,mail,hispanic,43,151,42,56,52,37,6,22
2026,mail,hispanic,42,167,49,64,55,41,7,25
2026,mail,hispanic,41,205,63,80,73,45,7,31
2026,mail,hispanic,40,231,68,91,82,49,9,38
2026,mail,hispanic,39,249,71,96,90,52,11,40
2026,mail,hispanic,38,250,71,96,90,53,11,40
2026,mail,hispanic,37,251,71,96,91,53,11,40
2026,mail,hispanic,36,289,80,110,109,59,11,46
2026,mail,hispanic,35,314,85,119,124,60,11,50
2026,mail,hispanic,34,357,101,139,143,64,11,59
2026,mail,hispanic,33,382,108,150,153,66,13,61
2026,mail,hispanic,32,399,109,153,163,68,15,61
2026,mail,hispanic,31,399,109,153,163,68,15,61
2026,mail,eth_designated,60,18,0,2,13,2,1,1
2026,mail,eth_designated,59,62,3,11,34,14,3,5
2026,mail,eth_designated,58,89,5,16,47,22,4,8
2026,mail,eth_designated,57,117,9,26,60,27,4,13
2026,mail,eth_designated,56,339,48,94,156,77,12,36
2026,mail,eth_designated,55,585,79,157,273,128,27,63
2026,mail,eth_designated,54,799,100,195,394,178,32,81
2026,mail,eth_designated,53,1044,123,229,533,237,45,97
2026,mail,eth_designated,52,1055,124,231,540,238,46,97
2026,mail,eth_designated,51,1069,126,237,547,239,46,100
2026,mail,eth_designated,50,1630,184,332,901,321,76,123
2026,mail,eth_designated,49,2131,246,436,1175,424,96,155
2026,mail,eth_designated,48,2722,298,537,1529,531,125,174
2026,mail,eth_designated,47,3225,349,638,1780,645,162,192
2026,mail,eth_designated,46,3746,409,747,2039,769,191,208
2026,mail,eth_designated,45,3797,415,756,2073,776,192,210
2026,mail,eth_designated,44,3810,418,760,2076,781,193,212
2026,mail,eth_designated,43,5085,586,1033,2781,1022,249,294
2026,mail,eth_designated,42,5652,685,1182,3056,1132,282,330
2026,mail,eth_designated,41,6377,790,1346,3425,1288,318,372
2026,mail,eth_designated,40,7117,889,1514,3809,1425,369,411
2026,mail,eth_designated,39,7996,984,1679,4301,1589,427,460
2026,mail,eth_designated,38,8011,986,1686,4305,1593,427,460
2026,mail,eth_designated,37,8021,986,1690,4310,1594,427,462
2026,mail,eth_designated,36,9288,1159,2001,4933,1850,504,553
2026,mail,eth_designated,35,10077,1262,2186,5334,2005,552,607
2026,mail,eth_designated,34,11010,1386,2403,5811,2185,611,658
2026,mail,eth_designated,33,11873,1513,2620,6235,2363,655,710
2026,mail,eth_designated,32,12643,1597,2783,6603,2540,717,752
2026,mail,eth_designated,31,12650,1597,2785,6606,2540,719,752
2026,in_person,all,60,0,0,0,0,0,0,0
2026,in_person,all,59,0,0,0,0,0,0,0
2026,in_person,all,58,0,0,0,0,0,0,0
2026,in_person,all,57,0,0,0,0,0,0,0
2026,in_person,all,56,0,0,0,0,0,0,0
2026,in_person,all,55,0,0,0,0,0,0,0
2026,in_person,all,54,0,0,0,0,0,0,0
2026,in_person,all,53,0,0,0,0,0,0,0
2026,in_person,all,52,0,0,0,0,0,0,0
2026,in_person,all,51,0,0,0,0,0,0,0
2026,in_person,all,50,0,0,0,0,0,0,0
2026,in_person,all,49,0,0,0,0,0,0,0
2026,in_person,all,48,0,0,0,0,0,0,0
2026,in_person,all,47,0,0,0,0,0,0,0
2026,in_person,all,46,0,0,0,0,0,0,0
2026,in_person,all,45,0,0,0,0,0,0,0
2026,in_person,all,44,0,0,0,0,0,0,0
2026,in_person,all,43,0,0,0,0,0,0,0
2026,in_person,all,42,0,0,0,0,0,0,0
2026,in_person,all,41,0,0,0,0,0,0,0
2026,in_person,all,40,0,0,0,0,0,0,0
2026,in_person,all,39,0,0,0,0,0,0,0
2026,in_person,all,38,0,0,0,0,0,0,0
2026,in_person,all,37,0,0,0,0,0,0,0
2026,in_person,all,36,0,0,0,0,0,0,0
2026,in_person,all,35,0,0,0,0,0,0,0
2026,in_person,all,34,0,0,0,0,0,0,0
2026,in_person,all,33,0,0,0,0,0,0,0
2026,in_person,all,32,0,0,0,0,0,0,0
2026,in_person,all,31,0,0,0,0,0,0,0
2026,in_person,white,60,0,0,0,0,0,0,0
2026,in_person,white,59,0,0,0,0,0,0,0
2026,in_person,white,58,0,0,0,0,0,0,0
2026,in_person,white,57,0,0,0,0,0,0,0
2026,in_person,white,56,0,0,0,0,0,0,0
2026,in_person,white,55,0,0,0,0,0,0,0
2026,in_person,white,54,0,0,0,0,0,0,0
2026,in_person,white,53,0,0,0,0,0,0,0
2026,in_person,white,52,0,0,0,0,0,0,0
2026,in_person,white,51,0,0,0,0,0,0,0
2026,in_person,white,50,0,0,0,0,0,0,0
2026,in_person,white,49,0,0,0,0,0,0,0
2026,in_person,white,48,0,0,0,0,0,0,0
2026,in_person,white,47,0,0,0,0,0,0,0
2026,in_person,white,46,0,0,0,0,0,0,0
2026,in_person,white,45,0,0,0,0,0,0,0
2026,in_person,white,44,0,0,0,0,0,0,0
2026,in_person,white,43,0,0,0,0,0,0,0
2026,in_person,white,42,0,0,0,0,0,0,0
2026,in_person,white,41,0,0,0,0,0,0,0
2026,in_person,white,40,0,0,0,0,0,0,0
2026,in_person,white,39,0,0,0,0,0,0,0
2026,in_person,white,38,0,0,0,0,0,0,0
2026,in_person,white,37,0,0,0,0,0,0,0
2026,in_person,white,36,0,0,0,0,0,0,0
2026,in_person,white,35,0,0,0,0,0,0,0
2026,in_person,white,34,0,0,0,0,0,0,0
2026,in_person,white,33,0,0,0,0,0,0,0
2026,in_person,white,32,0,0,0,0,0,0,0
2026,in_person,white,31,0,0,0,0,0,0,0
2026,in_person,black,60,0,0,0,0,0,0,0
2026,in_person,black,59,0,0,0,0,0,0,0
2026,in_person,black,58,0,0,0,0,0,0,0
2026,in_person,black,57,0,0,0,0,0,0,0
2026,in_person,black,56,0,0,0,0,0,0,0
2026,in_person,black,55,0,0,0,0,0,0,0
2026,in_person,black,54,0,0,0,0,0,0,0
2026,in_person,black,53,0,0,0,0,0,0,0
2026,in_person,black,52,0,0,0,0,0,0,0
2026,in_person,black,51,0,0,0,0,0,0,0
2026,in_person,black,50,0,0,0,0,0,0,0
2026,in_person,black,49,0,0,0,0,0,0,0
2026,in_person,black,48,0,0,0,0,0,0,0
2026,in_person,black,47,0,0,0,0,0,0,0
2026,in_person,black,46,0,0,0,0,0,0,0
2026,in_person,black,45,0,0,0,0,0,0,0
2026,in_person,black,44,0,0,0,0,0,0,0
2026,in_person,black,43,0,0,0,0,0,0,0
2026,in_person,black,42,0,0,0,0,0,0,0
2026,in_person,black,41,0,0,0,0,0,0,0
2026,in_person,black,40,0,0,0,0,0,0,0
2026,in_person,black,39,0,0,0,0,0,0,0
2026,in_person,black,38,0,0,0,0,0,0,0
2026,in_person,black,37,0,0,0,0,0,0,0
2026,in_person,black,36,0,0,0,0,0,0,0
2026,in_person,black,35,0,0,0,0,0,0,0
2026,in_person,black,34,0,0,0,0,0,0,0
2026,in_person,black,33,0,0,0,0,0,0,0
2026,in_person,black,32,0,0,0,0,0,0,0
2026,in_person,black,31,0,0,0,0,0,0,0
2026,in_person,other,60,0,0,0,0,0,0,0
2026,in_person,other,59,0,0,0,0,0,0,0
2026,in_person,other,58,0,0,0,0,0,0,0
2026,in_person,other,57,0,0,0,0,0,0,0
2026,in_person,other,56,0,0,0,0,0,0,0
2026,in_person,other,55,0,0,0,0,0,0,0
2026,in_person,other,54,0,0,0,0,0,0,0
2026,in_person,other,53,0,0,0,0,0,0,0
2026,in_person,other,52,0,0,0,0,0,0,0
2026,in_person,other,51,0,0,0,0,0,0,0
2026,in_person,other,50,0,0,0,0,0,0,0
2026,in_person,other,49,0,0,0,0,0,0,0
2026,in_person,other,48,0,0,0,0,0,0,0
2026,in_person,other,47,0,0,0,0,0,0,0
2026,in_person,other,46,0,0,0,0,0,0,0
2026,in_person,other,45,0,0,0,0,0,0,0
2026,in_person,other,44,0,0,0,0,0,0,0
2026,in_person,other,43,0,0,0,0,0,0,0
2026,in_person,other,42,0,0,0,0,0,0,0
2026,in_person,other,41,0,0,0,0,0,0,0
2026,in_person,other,40,0,0,0,0,0,0,0
2026,in_person,other,39,0,0,0,0,0,0,0
2026,in_person,other,38,0,0,0,0,0,0,0
2026,in_person,other,37,0,0,0,0,0,0,0
2026,in_person,other,36,0,0,0,0,0,0,0
2026,in_person,other,35,0,0,0,0,0,0,0
2026,in_person,other,34,0,0,0,0,0,0,0
2026,in_person,other,33,0,0,0,0,0,0,0
2026,in_person,other,32,0,0,0,0,0,0,0
2026,in_person,other,31,0,0,0,0,0,0,0
2026,in_person,undesignated,60,0,0,0,0,0,0,0
2026,in_person,undesignated,59,0,0,0,0,0,0,0
2026,in_person,undesignated,58,0,0,0,0,0,0,0
2026,in_person,undesignated,57,0,0,0,0,0,0,0
2026,in_person,undesignated,56,0,0,0,0,0,0,0
2026,in_person,undesignated,55,0,0,0,0,0,0,0
2026,in_person,undesignated,54,0,0,0,0,0,0,0
2026,in_person,undesignated,53,0,0,0,0,0,0,0
2026,in_person,undesignated,52,0,0,0,0,0,0,0
2026,in_person,undesignated,51,0,0,0,0,0,0,0
2026,in_person,undesignated,50,0,0,0,0,0,0,0
2026,in_person,undesignated,49,0,0,0,0,0,0,0
2026,in_person,undesignated,48,0,0,0,0,0,0,0
2026,in_person,undesignated,47,0,0,0,0,0,0,0
2026,in_person,undesignated,46,0,0,0,0,0,0,0
2026,in_person,undesignated,45,0,0,0,0,0,0,0
2026,in_person,undesignated,44,0,0,0,0,0,0,0
2026,in_person,undesignated,43,0,0,0,0,0,0,0
2026,in_person,undesignated,42,0,0,0,0,0,0,0
2026,in_person,undesignated,41,0,0,0,0,0,0,0
2026,in_person,undesignated,40,0,0,0,0,0,0,0
2026,in_person,undesignated,39,0,0,0,0,0,0,0
2026,in_person,undesignated,38,0,0,0,0,0,0,0
2026,in_person,undesignated,37,0,0,0,0,0,0,0
2026,in_person,undesignated,36,0,0,0,0,0,0,0
2026,in_person,undesignated,35,0,0,0,0,0,0,0
2026,in_person,undesignated,34,0,0,0,0,0,0,0
2026,in_person,undesignated,33,0,0,0,0,0,0,0
2026,in_person,undesignated,32,0,0,0,0,0,0,0
2026,in_person,undesignated,31,0,0,0,0,0,0,0
2026,in_person,other_undesig,60,0,0,0,0,0,0,0
2026,in_person,other_undesig,59,0,0,0,0,0,0,0
2026,in_person,other_undesig,58,0,0,0,0,0,0,0
2026,in_person,other_undesig,57,0,0,0,0,0,0,0
2026,in_person,other_undesig,56,0,0,0,0,0,0,0
2026,in_person,other_undesig,55,0,0,0,0,0,0,0
2026,in_person,other_undesig,54,0,0,0,0,0,0,0
2026,in_person,other_undesig,53,0,0,0,0,0,0,0
2026,in_person,other_undesig,52,0,0,0,0,0,0,0
2026,in_person,other_undesig,51,0,0,0,0,0,0,0
2026,in_person,other_undesig,50,0,0,0,0,0,0,0
2026,in_person,other_undesig,49,0,0,0,0,0,0,0
2026,in_person,other_undesig,48,0,0,0,0,0,0,0
2026,in_person,other_undesig,47,0,0,0,0,0,0,0
2026,in_person,other_undesig,46,0,0,0,0,0,0,0
2026,in_person,other_undesig,45,0,0,0,0,0,0,0
2026,in_person,other_undesig,44,0,0,0,0,0,0,0
2026,in_person,other_undesig,43,0,0,0,0,0,0,0
2026,in_person,other_undesig,42,0,0,0,0,0,0,0
2026,in_person,other_undesig,41,0,0,0,0,0,0,0
2026,in_person,other_undesig,40,0,0,0,0,0,0,0
2026,in_person,other_undesig,39,0,0,0,0,0,0,0
2026,in_person,other_undesig,38,0,0,0,0,0,0,0
2026,in_person,other_undesig,37,0,0,0,0,0,0,0
2026,in_person,other_undesig,36,0,0,0,0,0,0,0
2026,in_person,other_undesig,35,0,0,0,0,0,0,0
2026,in_person,other_undesig,34,0,0,0,0,0,0,0
2026,in_person,other_undesig,33,0,0,0,0,0,0,0
2026,in_person,other_undesig,32,0,0,0,0,0,0,0
2026,in_person,other_undesig,31,0,0,0,0,0,0,0
2026,in_person,hispanic,60,0,0,0,0,0,0,0
2026,in_person,hispanic,59,0,0,0,0,0,0,0
2026,in_person,hispanic,58,0,0,0,0,0,0,0
2026,in_person,hispanic,57,0,0,0,0,0,0,0
2026,in_person,hispanic,56,0,0,0,0,0,0,0
2026,in_person,hispanic,55,0,0,0,0,0,0,0
2026,in_person,hispanic,54,0,0,0,0,0,0,0
2026,in_person,hispanic,53,0,0,0,0,0,0,0
2026,in_person,hispanic,52,0,0,0,0,0,0,0
2026,in_person,hispanic,51,0,0,0,0,0,0,0
2026,in_person,hispanic,50,0,0,0,0,0,0,0
2026,in_person,hispanic,49,0,0,0,0,0,0,0
2026,in_person,hispanic,48,0,0,0,0,0,0,0
2026,in_person,hispanic,47,0,0,0,0,0,0,0
2026,in_person,hispanic,46,0,0,0,0,0,0,0
2026,in_person,hispanic,45,0,0,0,0,0,0,0
2026,in_person,hispanic,44,0,0,0,0,0,0,0
2026,in_person,hispanic,43,0,0,0,0,0,0,0
2026,in_person,hispanic,42,0,0,0,0,0,0,0
2026,in_person,hispanic,41,0,0,0,0,0,0,0
2026,in_person,hispanic,40,0,0,0,0,0,0,0
2026,in_person,hispanic,39,0,0,0,0,0,0,0
2026,in_person,hispanic,38,0,0,0,0,0,0,0
2026,in_person,hispanic,37,0,0,0,0,0,0,0
2026,in_person,hispanic,36,0,0,0,0,0,0,0
2026,in_person,hispanic,35,0,0,0,0,0,0,0
2026,in_person,hispanic,34,0,0,0,0,0,0,0
2026,in_person,hispanic,33,0,0,0,0,0,0,0
2026,in_person,hispanic,32,0,0,0,0,0,0,0
2026,in_person,hispanic,31,0,0,0,0,0,0,0
2026,in_person,eth_designated,60,0,0,0,0,0,0,0
2026,in_person,eth_designated,59,0,0,0,0,0,0,0
2026,in_person,eth_designated,58,0,0,0,0,0,0,0
2026,in_person,eth_designated,57,0,0,0,0,0,0,0
2026,in_person,eth_designated,56,0,0,0,0,0,0,0
2026,in_person,eth_designated,55,0,0,0,0,0,0,0
2026,in_person,eth_designated,54,0,0,0,0,0,0,0
2026,in_person,eth_designated,53,0,0,0,0,0,0,0
2026,in_person,eth_designated,52,0,0,0,0,0,0,0
2026,in_person,eth_designated,51,0,0,0,0,0,0,0
2026,in_person,eth_designated,50,0,0,0,0,0,0,0
2026,in_person,eth_designated,49,0,0,0,0,0,0,0
2026,in_person,eth_designated,48,0,0,0,0,0,0,0
2026,in_person,eth_designated,47,0,0,0,0,0,0,0
2026,in_person,eth_designated,46,0,0,0,0,0,0,0
2026,in_person,eth_designated,45,0,0,0,0,0,0,0
2026,in_person,eth_designated,44,0,0,0,0,0,0,0
2026,in_person,eth_designated,43,0,0,0,0,0,0,0
2026,in_person,eth_designated,42,0,0,0,0,0,0,0
2026,in_person,eth_designated,41,0,0,0,0,0,0,0
2026,in_person,eth_designated,40,0,0,0,0,0,0,0
2026,in_person,eth_designated,39,0,0,0,0,0,0,0
2026,in_person,eth_designated,38,0,0,0,0,0,0,0
2026,in_person,eth_designated,37,0,0,0,0,0,0,0
2026,in_person,eth_designated,36,0,0,0,0,0,0,0
2026,in_person,eth_designated,35,0,0,0,0,0,0,0
2026,in_person,eth_designated,34,0,0,0,0,0,0,0
2026,in_person,eth_designated,33,0,0,0,0,0,0,0
2026,in_person,eth_designated,32,0,0,0,0,0,0,0
2026,in_person,eth_designated,31,0,0,0,0,0,0,0
2026,all,all,60,40,10,15,17,6,2,4
2026,all,all,59,115,23,37,51,23,4,12
2026,all,all,58,161,30,48,75,32,6,20
2026,all,all,57,211,41,67,98,39,7,28
2026,all,all,56,610,140,224,258,110,18,80
2026,all,all,55,1010,217,357,428,185,40,126
2026,all,all,54,1332,272,438,596,249,49,157
2026,all,all,53,1688,314,509,791,322,66,180
2026,all,all,52,1710,319,517,803,323,67,184
2026,all,all,51,1737,322,524,818,328,67,188
2026,all,all,50,2575,455,719,1309,440,107,233
2026,all,all,49,3339,596,932,1686,588,133,285
2026,all,all,48,4169,706,1110,2160,729,170,323
2026,all,all,47,4904,817,1299,2514,872,219,363
2026,all,all,46,5662,949,1504,2865,1038,255,392
2026,all,all,45,5747,972,1536,2906,1047,258,402
2026,all,all,44,5775,978,1546,2918,1052,259,406
2026,all,all,43,7633,1315,2064,3860,1370,339,551
2026,all,all,42,8457,1492,2319,4243,1514,381,619
2026,all,all,41,9514,1717,2630,4747,1708,429,689
2026,all,all,40,10584,1905,2915,5287,1892,490,762
2026,all,all,39,11891,2114,3225,5980,2112,574,853
2026,all,all,38,11923,2120,3244,5987,2118,574,859
2026,all,all,37,11943,2125,3254,5995,2120,574,862
2026,all,all,36,13875,2490,3833,6892,2468,682,1012
2026,all,all,35,15012,2686,4169,7435,2664,744,1099
2026,all,all,34,16367,2944,4563,8081,2897,826,1195
2026,all,all,33,17610,3183,4941,8654,3124,891,1282
2026,all,all,32,18743,3387,5269,9165,3340,969,1371
2026,all,all,31,18752,3387,5273,9168,3340,971,1371
2026,all,white,60,24,3,7,12,4,1,3
2026,all,white,59,78,12,21,36,18,3,10
2026,all,white,58,111,16,27,53,26,5,17
2026,all,white,57,143,21,39,69,30,5,22
2026,all,white,56,397,68,118,176,89,14,54
2026,all,white,55,676,107,193,301,150,32,87
2026,all,white,54,887,134,236,412,202,37,107
2026,all,white,53,1143,165,283,546,261,53,121
2026,all,white,52,1158,168,288,555,261,54,124
2026,all,white,51,1177,171,294,564,265,54,126
2026,all,white,50,1764,256,419,909,348,88,158
2026,all,white,49,2311,344,558,1182,459,112,190
2026,all,white,48,2928,415,676,1535,573,144,211
2026,all,white,47,3468,486,793,1799,692,184,237
2026,all,white,46,4059,573,938,2075,832,214,252
2026,all,white,45,4111,579,949,2108,839,215,255
2026,all,white,44,4129,584,957,2112,844,216,259
2026,all,white,43,5485,818,1310,2794,1093,288,353
2026,all,white,42,6128,947,1493,3101,1211,323,396
2026,all,white,41,6937,1112,1719,3485,1372,361,445
2026,all,white,40,7739,1257,1926,3878,1520,415,496
2026,all,white,39,8739,1407,2151,4406,1698,484,562
2026,all,white,38,8757,1411,2162,4410,1701,484,565
2026,all,white,37,8768,1411,2165,4416,1703,484,566
2026,all,white,36,10208,1645,2545,5092,1992,579,666
2026,all,white,35,11068,1786,2774,5506,2155,633,724
2026,all,white,34,12084,1962,3048,5985,2350,701,786
2026,all,white,33,13033,2128,3315,6433,2534,751,852
2026,all,white,32,13874,2272,3532,6817,2710,815,917
2026,all,white,31,13880,2272,3535,6819,2710,816,917
2026,all,black,60,2,0,0,0,1,1,0
2026,all,black,59,3,0,0,1,1,1,0
2026,all,black,58,4,0,0,2,1,1,0
2026,all,black,57,6,0,0,2,3,1,0
2026,all,black,56,25,6,8,11,5,1,3
2026,all,black,55,51,8,11,33,6,1,3
2026,all,black,54,89,11,14,61,12,2,5
2026,all,black,53,134,14,22,89,21,2,6
2026,all,black,52,134,14,22,89,21,2,6
2026,all,black,51,135,14,22,90,21,2,7
2026,all,black,50,245,24,37,165,37,6,9
2026,all,black,49,339,33,53,227,52,7,11
2026,all,black,48,444,43,71,299,64,10,18
2026,all,black,47,535,55,94,355,74,12,24
2026,all,black,46,607,69,113,392,87,15,28
2026,all,black,45,615,70,115,398,87,15,29
2026,all,black,44,615,70,115,398,87,15,29
2026,all,black,43,842,94,160,542,120,20,37
2026,all,black,42,909,110,185,569,134,21,40
2026,all,black,41,994,121,204,611,151,28,42
2026,all,black,40,1096,130,222,679,167,28,44
2026,all,black,39,1205,140,243,751,182,29,46
2026,all,black,38,1207,141,244,751,183,29,46
2026,all,black,37,1208,141,245,751,183,29,47
2026,all,black,36,1388,173,302,841,210,35,62
2026,all,black,35,1478,191,329,885,227,37,68
2026,all,black,34,1600,210,359,952,247,42,74
2026,all,black,33,1704,225,389,1002,265,48,76
2026,all,black,32,1819,247,423,1064,282,50,84
2026,all,black,31,1820,247,423,1064,282,51,84
2026,all,other,60,4,1,1,2,1,0,0
2026,all,other,59,11,1,3,6,2,0,0
2026,all,other,58,13,1,4,6,3,0,0
2026,all,other,57,14,1,4,7,3,0,0
2026,all,other,56,34,7,14,13,7,0,6
2026,all,other,55,53,13,24,13,14,2,8
2026,all,other,54,69,17,30,22,15,2,10
2026,all,other,53,83,19,32,34,15,2,11
2026,all,other,52,85,20,33,34,16,2,11
2026,all,other,51,87,20,33,35,17,2,12
2026,all,other,50,133,26,44,66,21,2,17
2026,all,other,49,167,36,55,80,30,2,23
2026,all,other,48,196,44,66,91,37,2,26
2026,all,other,47,230,50,79,102,43,6,29
2026,all,other,46,258,61,92,110,48,8,34
2026,all,other,45,266,67,99,110,49,8,35
2026,all,other,44,266,67,99,110,49,8,35
2026,all,other,43,363,85,129,157,69,8,49
2026,all,other,42,396,93,140,174,72,10,60
2026,all,other,41,458,109,163,203,81,11,68
2026,all,other,40,522,121,184,236,87,15,80
2026,all,other,39,615,137,205,285,101,24,95
2026,all,other,38,617,137,206,285,102,24,95
2026,all,other,37,618,137,206,286,102,24,95
2026,all,other,36,718,168,245,331,118,24,108
2026,all,other,35,798,179,272,374,126,26,119
2026,all,other,34,899,210,314,422,134,29,136
2026,all,other,33,971,230,339,452,144,36,143
2026,all,other,32,1037,240,364,469,160,44,147
2026,all,other,31,1038,240,365,469,160,44,147
2026,all,undesignated,60,10,6,7,3,0,0,1
2026,all,undesignated,59,23,10,13,8,2,0,2
2026,all,undesignated,58,33,13,17,14,2,0,3
2026,all,undesignated,57,48,19,24,20,3,1,6
2026,all,undesignated,56,154,59,84,58,9,3,17
2026,all,undesignated,55,230,89,129,81,15,5,28
2026,all,undesignated,54,287,110,158,101,20,8,35
2026,all,undesignated,53,328,116,172,122,25,9,42
2026,all,undesignated,52,333,117,174,125,25,9,43
2026,all,undesignated,51,338,117,175,129,25,9,43
2026,all,undesignated,50,433,149,219,169,34,11,49
2026,all,undesignated,49,522,183,266,197,47,12,61
2026,all,undesignated,48,601,204,297,235,55,14,68
2026,all,undesignated,47,671,226,333,258,63,17,73
2026,all,undesignated,46,738,246,361,288,71,18,78
2026,all,undesignated,45,755,256,373,290,72,20,83
2026,all,undesignated,44,765,257,375,298,72,20,83
2026,all,undesignated,43,943,318,465,367,88,23,112
2026,all,undesignated,42,1024,342,501,399,97,27,123
2026,all,undesignated,41,1125,375,544,448,104,29,134
2026,all,undesignated,40,1227,397,583,494,118,32,142
2026,all,undesignated,39,1332,430,626,538,131,37,150
2026,all,undesignated,38,1342,431,632,541,132,37,153
2026,all,undesignated,37,1349,436,638,542,132,37,154
2026,all,undesignated,36,1561,504,741,628,148,44,176
2026,all,undesignated,35,1668,530,794,670,156,48,188
2026,all,undesignated,34,1784,562,842,722,166,54,199
2026,all,undesignated,33,1902,600,898,767,181,56,211
2026,all,undesignated,32,2013,628,950,815,188,60,223
2026,all,undesignated,31,2014,628,950,816,188,60,223
2026,all,other_undesig,60,14,7,8,5,1,0,1
2026,all,other_undesig,59,34,11,16,14,4,0,2
2026,all,other_undesig,58,46,14,21,20,5,0,3
2026,all,other_undesig,57,62,20,28,27,6,1,6
2026,all,other_undesig,56,188,66,98,71,16,3,23
2026,all,other_undesig,55,283,102,153,94,29,7,36
2026,all,other_undesig,54,356,127,188,123,35,10,45
2026,all,other_undesig,53,411,135,204,156,40,11,53
2026,all,other_undesig,52,418,137,207,159,41,11,54
2026,all,other_undesig,51,425,137,208,164,42,11,55
2026,all,other_undesig,50,566,175,263,235,55,13,66
2026,all,other_undesig,49,689,219,321,277,77,14,84
2026,all,other_undesig,48,797,248,363,326,92,16,94
2026,all,other_undesig,47,901,276,412,360,106,23,102
2026,all,other_undesig,46,996,307,453,398,119,26,112
2026,all,other_undesig,45,1021,323,472,400,121,28,118
2026,all,other_undesig,44,1031,324,474,408,121,28,118
2026,all,other_undesig,43,1306,403,594,524,157,31,161
2026,all,other_undesig,42,1420,435,641,573,169,37,183
2026,all,other_undesig,41,1583,484,707,651,185,40,202
2026,all,other_undesig,40,1749,518,767,730,205,47,222
2026,all,other_undesig,39,1947,567,831,823,232,61,245
2026,all,other_undesig,38,1959,568,838,826,234,61,248
2026,all,other_undesig,37,1967,573,844,828,234,61,249
2026,all,other_undesig,36,2279,672,986,959,266,68,284
2026,all,other_undesig,35,2466,709,1066,1044,282,74,307
2026,all,other_undesig,34,2683,772,1156,1144,300,83,335
2026,all,other_undesig,33,2873,830,1237,1219,325,92,354
2026,all,other_undesig,32,3050,868,1314,1284,348,104,370
2026,all,other_undesig,31,3052,868,1315,1285,348,104,370
2026,all,hispanic,60,0,0,0,0,0,0,0
2026,all,hispanic,59,3,0,1,2,0,0,0
2026,all,hispanic,58,4,0,1,2,1,0,0
2026,all,hispanic,57,5,0,1,3,1,0,0
2026,all,hispanic,56,10,2,3,4,2,1,2
2026,all,hispanic,55,19,3,6,5,6,2,2
2026,all,hispanic,54,30,6,9,10,9,2,4
2026,all,hispanic,53,37,7,10,12,12,3,5
2026,all,hispanic,52,38,8,11,12,12,3,5
2026,all,hispanic,51,40,8,12,12,13,3,6
2026,all,hispanic,50,50,8,14,17,15,4,8
2026,all,hispanic,49,73,16,22,26,21,4,11
2026,all,hispanic,48,89,20,29,34,22,4,13
2026,all,hispanic,47,101,24,33,36,27,5,13
2026,all,hispanic,46,111,29,39,38,28,6,16
2026,all,hispanic,45,114,32,42,38,28,6,17
2026,all,hispanic,44,114,32,42,38,28,6,17
2026,all,hispanic,43,151,42,56,52,37,6,22
2026,all,hispanic,42,167,49,64,55,41,7,25
2026,all,hispanic,41,205,63,80,73,45,7,31
2026,all,hispanic,40,231,68,91,82,49,9,38
2026,all,hispanic,39,249,71,96,90,52,11,40
2026,all,hispanic,38,250,71,96,90,53,11,40
2026,all,hispanic,37,251,71,96,91,53,11,40
2026,all,hispanic,36,289,80,110,109,59,11,46
2026,all,hispanic,35,314,85,119,124,60,11,50
2026,all,hispanic,34,357,101,139,143,64,11,59
2026,all,hispanic,33,382,108,150,153,66,13,61
2026,all,hispanic,32,399,109,153,163,68,15,61
2026,all,hispanic,31,399,109,153,163,68,15,61
2026,all,eth_designated,60,18,0,2,13,2,1,1
2026,all,eth_designated,59,62,3,11,34,14,3,5
2026,all,eth_designated,58,89,5,16,47,22,4,8
2026,all,eth_designated,57,117,9,26,60,27,4,13
2026,all,eth_designated,56,339,48,94,156,77,12,36
2026,all,eth_designated,55,585,79,157,273,128,27,63
2026,all,eth_designated,54,799,100,195,394,178,32,81
2026,all,eth_designated,53,1044,123,229,533,237,45,97
2026,all,eth_designated,52,1055,124,231,540,238,46,97
2026,all,eth_designated,51,1069,126,237,547,239,46,100
2026,all,eth_designated,50,1630,184,332,901,321,76,123
2026,all,eth_designated,49,2131,246,436,1175,424,96,155
2026,all,eth_designated,48,2722,298,537,1529,531,125,174
2026,all,eth_designated,47,3225,349,638,1780,645,162,192
2026,all,eth_designated,46,3746,409,747,2039,769,191,208
2026,all,eth_designated,45,3797,415,756,2073,776,192,210
2026,all,eth_designated,44,3810,418,760,2076,781,193,212
2026,all,eth_designated,43,5085,586,1033,2781,1022,249,294
2026,all,eth_designated,42,5652,685,1182,3056,1132,282,330
2026,all,eth_designated,41,6377,790,1346,3425,1288,318,372
2026,all,eth_designated,40,7117,889,1514,3809,1425,369,411
2026,all,eth_designated,39,7996,984,1679,4301,1589,427,460
2026,all,eth_designated,38,8011,986,1686,4305,1593,427,460
2026,all,eth_designated,37,8021,986,1690,4310,1594,427,462
2026,all,eth_designated,36,9288,1159,2001,4933,1850,504,553
2026,all,eth_designated,35,10077,1262,2186,5334,2005,552,607
2026,all,eth_designated,34,11010,1386,2403,5811,2185,611,658
2026,all,eth_designated,33,11873,1513,2620,6235,2363,655,710
2026,all,eth_designated,32,12643,1597,2783,6603,2540,717,752
2026,all,eth_designated,31,12650,1597,2785,6606,2540,719,752
