year,V_ref,V_raw,V_contested,n_seats,n_contested,n_D-only,n_R-only,n_no vote (unopposed),n_same-party D,n_same-party R,n_no major party,dv_uncontested_M,rv_uncontested_M,n_imputed_pair,n_imputed_safe,n_turnout_floor,D_imp_M,R_imp_M,V_adj,V_adj_mean,V_adj_sd,V_adj_p05,V_adj_p95,a_fe,n_multi,era
1990,8.1038,9.1922,6.8349,435,350,47,25,12,1,0,0,4.3848,2.4982,0,85,6,5.4362,7.1776,2.8783,2.8469,0.5297,1.999,3.7478,12.5661,6,1992
1992,5.2366,6.1764,5.7229,435,401,18,9,5,1,1,0,2.5812,1.9045,22,12,7,3.9117,3.036,6.2257,6.2177,0.2311,5.8393,6.6047,0.8566,389,1992
1994,-7.0474,-6.2227,-3.4164,435,381,15,26,13,0,0,0,1.4332,3.5171,41,13,5,3.4842,5.3094,-5.532,-5.5597,0.3402,-6.1197,-4.9965,-10.4463,378,1992
1996,0.0686,0.6597,0.0036,425,403,8,6,6,1,1,0,1.4408,0.8806,17,5,3,2.2829,2.3034,-0.02,-0.0067,0.1929,-0.3177,0.3169,-1.0531,389,1992
1998,-1.1732,-1.157,1.6702,435,338,33,42,21,1,0,0,3.3862,5.0436,85,12,17,6.8641,7.6239,0.2322,0.2096,0.5509,-0.6834,1.1175,-1.3827,324,1992
2000,-0.4384,-0.4627,0.2334,435,371,32,30,2,0,0,0,4.7979,5.4251,53,11,11,7.0525,6.8865,0.3706,0.3591,0.395,-0.2995,1.0028,-1.234,348,1992
2002,-4.9722,-4.2582,-2.996,435,351,36,40,6,1,1,0,4.4023,5.5979,70,14,14,6.9172,7.7846,-3.5602,-3.5758,0.514,-4.4065,-2.7143,-1.5552,324,2002
2004,-2.7434,-2.7507,-0.7855,435,371,25,32,7,0,0,0,4.513,6.7422,53,11,11,7.7767,8.3308,-1.1612,-1.1774,0.3836,-1.8161,-0.5581,2.081,344,2002
2006,8.2887,8.2207,4.2056,431,376,40,10,5,0,0,0,4.783,1.4028,52,3,4,6.3734,3.0337,7.8433,7.8617,0.3559,7.2877,8.4332,11.2589,374,2002
2008,11.0551,11.1212,7.6933,435,379,38,13,5,0,0,0,7.5277,2.7142,53,3,10,8.9395,5.5657,9.5487,9.5746,0.3521,9.0022,10.1551,11.5957,378,2002
2010,-6.9796,-6.9997,-4.2263,435,406,5,21,3,0,0,0,0.6926,3.1812,26,3,6,1.9377,3.5122,-5.8002,-5.8337,0.2186,-6.1936,-5.4671,-4.512,398,2002
2012,1.1551,1.1551,2.2276,435,390,13,22,2,6,2,0,3.6244,4.7037,39,6,7,5.8945,5.4989,2.3448,2.325,0.2927,1.8421,2.7945,6.9511,378,2012
2014,-5.8872,-6.0561,-6.6831,435,358,34,28,5,6,4,0,4.3183,4.4271,71,6,9,6.7469,6.4163,-5.1757,-5.1526,0.4581,-5.9237,-4.3944,-0.7329,355,2012
2016,-1.0909,-1.1169,-2.5999,435,371,25,26,2,9,2,0,7.626,6.1306,61,3,7,9.3905,8.3021,-1.3986,-1.3481,0.3986,-2.0218,-0.6795,3.3361,370,2012
2018,8.7139,8.7684,4.1203,435,395,29,2,4,4,1,0,6.0174,0.5568,37,3,3,7.084,2.5243,7.751,7.803,0.2685,7.3641,8.2542,11.9351,395,2012
2020,3.1126,3.0304,1.1894,435,407,11,8,1,8,0,0,4.9618,2.1121,24,4,2,5.3881,4.1447,1.9295,1.9456,0.2161,1.5853,2.2916,4.3744,392,2012
2022,-2.7936,-2.7461,-1.5166,435,400,6,19,2,7,1,0,2.3811,3.7774,21,14,4,4.076,4.772,-2.0336,-2.0525,0.2503,-2.4692,-1.669,1.2243,316,2022
2024,-2.6348,-2.6348,-2.2329,435,397,13,16,2,4,3,0,4.1817,4.9687,24,14,6,6.4258,6.2565,-1.9282,-1.9061,0.2576,-2.3348,-1.4854,1.0113,317,2022
