seat,pres24_d,pres24_r,method24,redrawn,pres20_d,pres20_r,method20,unlabelled_share,pres24_margin,pres20_margin,lean_75_25
AK-1,140026.0,184458.0,mit_state,False,153778.0,189951.0,mit_state,,-13.693,-10.524,-12.658
AL-1,104087.887,208632.667,vest2020_blocks_cd120_countyswing,True,111506.669,209016.549,vest2020_blocks_cd120,,-33.431,-30.422,-32.436
AL-2,128065.131,204773.635,vest2020_blocks_cd120_countyswing,True,139943.614,166762.63,vest2020_blocks_cd120,,-23.047,-8.744,-19.228
AL-3,86405.532,224545.607,vest2020_blocks_cd120_countyswing,True,93357.237,225352.419,vest2020_blocks_cd120,,-44.425,-41.415,-43.43
AL-4,53928.652,260830.416,vest2020_blocks_cd120_countyswing,True,60123.988,262488.608,vest2020_blocks_cd120,,-65.733,-62.727,-64.739
AL-5,114895.427,216132.783,vest2020_blocks_cd120_countyswing,True,122867.63,216420.038,vest2020_blocks_cd120,,-30.583,-27.573,-29.587
AL-6,108879.673,232942.606,vest2020_blocks_cd120_countyswing,True,116868.254,233482.804,vest2020_blocks_cd120,,-36.295,-33.285,-35.299
AL-7,191534.611,143890.693,vest2020_blocks_cd120_countyswing,True,204956.608,127646.953,vest2020_blocks_cd120,,14.204,23.244,16.707
AR-1,72183.578,196035.257,medsl2024_cd_labels,False,80489.12,197804.083,vest2020_areal_cd119,0.0,-46.176,-42.155,-44.927
AR-2,131088.422,180709.743,medsl2024_cd_labels,False,140251.973,183963.233,vest2020_areal_cd119,0.0,-15.915,-13.482,-15.063
AR-3,111992.0,189052.0,medsl2024_cd_labels,False,110463.09,180760.644,vest2020_areal_cd119,0.0,-25.598,-24.139,-24.99
AR-4,81560.0,193335.0,medsl2024_cd_labels,False,92676.351,198053.027,vest2020_areal_cd119,0.0,-40.661,-36.246,-39.314
AZ-1,216232.0,230237.0,medsl2024_cd_labels,False,231699.578,224682.99,vest2020_areal_cd119,0.0,-3.137,1.537,-1.725
AZ-2,174799.0,236486.0,medsl2024_cd_labels,False,186128.28,220210.427,vest2020_areal_cd119,0.0,-14.999,-8.388,-13.103
AZ-3,147522.0,62762.0,medsl2024_cd_labels,False,171165.614,54898.191,vest2020_areal_cd119,0.0,40.307,51.431,43.331
AZ-4,182893.0,159723.0,medsl2024_cd_labels,False,199509.346,161042.855,vest2020_areal_cd119,0.0,6.763,10.669,7.982
AZ-5,175673.0,264571.0,medsl2024_cd_labels,False,170733.015,237508.618,vest2020_areal_cd119,0.0,-20.193,-16.357,-18.991
AZ-6,216024.0,219323.0,medsl2024_cd_labels,False,212596.317,211246.032,vest2020_areal_cd119,0.0,-0.758,0.319,-0.246
AZ-7,170341.0,108025.0,medsl2024_cd_labels,False,195886.553,100105.582,vest2020_areal_cd119,0.0,22.386,32.359,25.123
AZ-8,162183.0,226186.0,medsl2024_cd_labels,False,171818.487,225365.061,vest2020_areal_cd119,0.0,-16.48,-13.482,-15.487
AZ-9,137009.0,262080.0,medsl2024_cd_labels,False,132551.174,226578.977,vest2020_areal_cd119,0.0,-31.339,-26.182,-29.807
CA-1,186694.409,143750.671,vest2020_blocks_cd120_cellswing,True,213028.715,147075.1,vest2020_blocks_cd120,,12.996,18.315,14.569
CA-10,245809.793,120891.366,vest2020_blocks_cd120_cellswing,True,282227.912,122547.672,vest2020_blocks_cd120,,34.065,39.449,35.654
CA-11,295450.0,50868.0,vest2020_blocks_cd120_cellswing,True,339714.673,46187.305,vest2020_blocks_cd120,,70.624,76.063,72.226
CA-12,269105.02,33861.98,vest2020_blocks_cd120_cellswing,True,328743.787,31700.486,vest2020_blocks_cd120,,77.646,82.41,79.08
CA-13,104093.759,98922.647,vest2020_blocks_cd120_cellswing,True,128668.954,89223.697,vest2020_blocks_cd120,,2.547,18.103,6.679
CA-14,187303.971,87028.772,vest2020_blocks_cd120_cellswing,True,234381.786,85722.095,vest2020_blocks_cd120,,36.552,46.441,39.268
CA-15,220519.065,74189.935,vest2020_blocks_cd120_cellswing,True,273141.755,71618.9,vest2020_blocks_cd120,,49.652,58.453,52.095
CA-16,246213.343,82065.761,vest2020_blocks_cd120_cellswing,True,284764.733,85196.863,vest2020_blocks_cd120,,50.002,53.943,51.231
CA-17,178210.216,75362.418,vest2020_blocks_cd120_cellswing,True,221498.013,75426.791,vest2020_blocks_cd120,,40.56,49.195,42.961
CA-18,147406.964,80866.726,vest2020_blocks_cd120_cellswing,True,187930.909,73701.128,vest2020_blocks_cd120,,29.149,43.66,33.02
CA-19,246265.182,116801.818,vest2020_blocks_cd120_cellswing,True,283047.721,119813.249,vest2020_blocks_cd120,,35.658,40.519,37.116
CA-2,235651.189,140962.562,vest2020_blocks_cd120_cellswing,True,263189.901,144497.027,vest2020_blocks_cd120,,25.142,29.114,26.378
CA-20,100040.754,202941.256,vest2020_blocks_cd120_cellswing,True,118339.973,204997.717,vest2020_blocks_cd120,,-33.963,-26.801,-31.929
CA-21,106318.352,92562.895,vest2020_blocks_cd120_cellswing,True,137271.308,88520.334,vest2020_blocks_cd120,,6.916,21.591,10.828
CA-22,82676.185,85541.007,vest2020_blocks_cd120_cellswing,True,109005.503,76630.134,vest2020_blocks_cd120,,-1.703,17.44,3.326
CA-23,108109.27,161047.325,vest2020_blocks_cd120_cellswing,True,128984.46,165439.12,vest2020_blocks_cd120,,-19.668,-12.382,-17.603
CA-24,213726.489,126057.745,vest2020_blocks_cd120_cellswing,True,239705.779,129966.359,vest2020_blocks_cd120,,25.801,29.686,27.015
CA-25,138020.083,125150.767,vest2020_blocks_cd120_cellswing,True,162222.788,115737.96,vest2020_blocks_cd120,,4.89,16.724,8.091
CA-26,192995.781,140719.894,vest2020_blocks_cd120_cellswing,True,227104.972,142600.58,vest2020_blocks_cd120,,15.665,22.857,17.706
CA-27,160542.759,129346.179,vest2020_blocks_cd120_cellswing,True,193704.204,128949.393,vest2020_blocks_cd120,,10.762,20.069,13.332
CA-28,199803.322,117799.995,vest2020_blocks_cd120_cellswing,True,240608.284,120235.37,vest2020_blocks_cd120,,25.819,33.359,27.947
CA-29,156436.013,74751.401,vest2020_blocks_cd120_cellswing,True,205835.034,66754.715,vest2020_blocks_cd120,,35.333,51.022,39.498
CA-3,197083.811,159842.168,vest2020_blocks_cd120_cellswing,True,217693.378,163165.111,vest2020_blocks_cd120,,10.434,14.317,11.648
CA-30,232351.16,97257.134,vest2020_blocks_cd120_cellswing,True,273460.441,101741.002,vest2020_blocks_cd120,,40.986,45.767,42.425
CA-31,154287.986,124851.127,vest2020_blocks_cd120_cellswing,True,203188.029,120391.989,vest2020_blocks_cd120,,10.546,25.588,14.549
CA-32,217381.425,129075.462,vest2020_blocks_cd120_cellswing,True,261629.542,127887.924,vest2020_blocks_cd120,,25.488,34.335,27.943
CA-33,131817.819,107108.072,vest2020_blocks_cd120_cellswing,True,170312.935,99055.825,vest2020_blocks_cd120,,10.342,26.453,14.613
CA-34,156734.0,48091.0,vest2020_blocks_cd120_cellswing,True,205051.081,42310.344,vest2020_blocks_cd120,,53.042,65.791,56.472
CA-35,140244.006,115298.402,vest2020_blocks_cd120_cellswing,True,176203.738,107876.169,vest2020_blocks_cd120,,9.762,24.052,13.577
CA-36,261887.0,111080.0,vest2020_blocks_cd120_cellswing,True,299078.695,113317.239,vest2020_blocks_cd120,,40.434,45.044,41.83
CA-37,184947.051,42947.949,vest2020_blocks_cd120_cellswing,True,239713.026,34730.288,vest2020_blocks_cd120,,62.309,74.69,65.647
CA-38,151460.868,109042.434,vest2020_blocks_cd120_cellswing,True,192411.956,107069.754,vest2020_blocks_cd120,,16.283,28.497,19.58
CA-39,125983.378,102877.004,vest2020_blocks_cd120_cellswing,True,164928.213,95578.399,vest2020_blocks_cd120,,10.096,26.621,14.471
CA-4,189697.323,139771.139,vest2020_blocks_cd120_cellswing,True,214411.267,138230.082,vest2020_blocks_cd120,,15.154,21.603,17.009
CA-40,161767.154,206747.773,vest2020_blocks_cd120_cellswing,True,179691.849,210016.095,vest2020_blocks_cd120,,-12.206,-7.781,-10.857
CA-41,166880.003,126822.109,vest2020_blocks_cd120_cellswing,True,215344.647,125515.718,vest2020_blocks_cd120,,13.639,26.354,17.061
CA-42,184388.414,151643.438,vest2020_blocks_cd120_cellswing,True,227966.973,151294.599,vest2020_blocks_cd120,,9.745,20.216,12.606
CA-43,162753.119,53390.881,vest2020_blocks_cd120_cellswing,True,218740.128,46040.547,vest2020_blocks_cd120,,50.597,65.224,54.497
CA-44,152221.625,65195.362,vest2020_blocks_cd120_cellswing,True,197424.007,58441.457,vest2020_blocks_cd120,,40.027,54.319,43.843
CA-45,153460.987,141116.654,vest2020_blocks_cd120_cellswing,True,182041.966,148006.276,vest2020_blocks_cd120,,4.191,10.312,5.964
CA-46,128442.048,90737.898,vest2020_blocks_cd120_cellswing,True,164183.888,90573.404,vest2020_blocks_cd120,,17.202,28.894,20.368
CA-47,192209.724,153449.633,vest2020_blocks_cd120_cellswing,True,219138.5,157226.656,vest2020_blocks_cd120,,11.213,16.45,12.766
CA-48,162278.436,152501.79,vest2020_blocks_cd120_cellswing,True,179240.134,154428.095,vest2020_blocks_cd120,,3.106,7.436,4.431
CA-49,208345.594,164098.037,vest2020_blocks_cd120_cellswing,True,229558.452,167935.385,vest2020_blocks_cd120,,11.88,15.503,13.029
CA-5,138395.412,215124.822,vest2020_blocks_cd120_cellswing,True,159894.809,215602.228,vest2020_blocks_cd120,,-21.704,-14.836,-19.744
CA-50,214013.35,148590.806,vest2020_blocks_cd120_cellswing,True,239705.103,154413.564,vest2020_blocks_cd120,,18.042,21.641,19.185
CA-51,206284.795,141511.5,vest2020_blocks_cd120_cellswing,True,233892.543,145341.617,vest2020_blocks_cd120,,18.624,23.35,20.048
CA-52,157937.262,107260.742,vest2020_blocks_cd120_cellswing,True,201225.074,99180.285,vest2020_blocks_cd120,,19.109,33.969,23.067
CA-6,177484.994,148756.34,vest2020_blocks_cd120_cellswing,True,196532.189,151568.621,vest2020_blocks_cd120,,8.806,12.917,10.077
CA-7,188558.425,145555.254,vest2020_blocks_cd120_cellswing,True,219989.09,146288.491,vest2020_blocks_cd120,,12.871,20.122,14.927
CA-8,202650.733,98995.75,vest2020_blocks_cd120_cellswing,True,241535.198,94887.954,vest2020_blocks_cd120,,34.363,43.59,36.913
CA-9,146132.304,111428.074,vest2020_blocks_cd120_cellswing,True,183184.986,105770.887,vest2020_blocks_cd120,,13.474,26.791,17.046
CO-1,280662.0,75479.0,medsl2024_cd_labels,False,315480.958,72272.104,vest2020_areal_cd119,0.0,57.613,62.723,59.133
CO-2,295692.0,123973.0,medsl2024_cd_labels,False,305513.664,128410.798,vest2020_areal_cd119,0.0,40.918,40.814,41.135
CO-3,178501.0,218065.0,medsl2024_cd_labels,False,186124.451,219702.303,vest2020_areal_cd119,0.0,-9.977,-8.274,-9.308
CO-4,182901.0,267114.0,medsl2024_cd_labels,False,173762.549,255419.379,vest2020_areal_cd119,0.0,-18.713,-19.026,-18.549
CO-5,165522.0,199615.0,medsl2024_cd_labels,False,161060.887,198718.68,vest2020_areal_cd119,0.0,-9.337,-10.467,-9.376
CO-6,210533.0,139305.0,medsl2024_cd_labels,False,232930.232,141260.794,vest2020_areal_cd119,0.0,20.36,24.498,21.638
CO-7,249924.0,183164.0,medsl2024_cd_labels,False,256083.268,190933.624,vest2020_areal_cd119,0.0,15.415,14.574,15.448
CO-8,164426.0,170726.0,medsl2024_cd_labels,False,173395.989,157889.318,vest2020_areal_cd119,0.0,-1.88,4.681,0.003
CT-1,208405.0,129726.0,medsl2024_cd_labels,False,227966.212,126539.049,vest2020_areal_cd119,0.0,23.269,28.611,24.847
CT-2,205994.0,175984.0,medsl2024_cd_labels,False,204050.936,162228.207,vest2020_areal_cd119,0.0,7.856,11.418,8.99
CT-3,191831.0,143737.0,medsl2024_cd_labels,False,196478.664,129771.055,vest2020_areal_cd119,0.0,14.332,20.447,16.104
CT-4,206080.0,127034.0,medsl2024_cd_labels,False,221414.412,116268.532,vest2020_areal_cd119,0.0,23.729,31.137,25.824
CT-5,179743.0,160437.0,medsl2024_cd_labels,False,195234.579,156312.082,vest2020_areal_cd119,0.0,5.675,11.072,7.267
DE-1,289758.0,214351.0,mit_state,False,296268.0,200603.0,mit_state,,14.958,19.253,16.275
FL-1,127429.642,289834.997,vest2020_blocks_cd120_cellswing,True,139200.224,275564.484,vest2020_blocks_cd120,,-38.921,-32.877,-37.167
FL-10,185358.553,117100.542,vest2020_blocks_cd120_cellswing,True,220528.791,110249.559,vest2020_blocks_cd120,,22.568,33.339,25.504
FL-11,183680.203,260911.061,vest2020_blocks_cd120_cellswing,True,189517.971,230111.317,vest2020_blocks_cd120,,-17.371,-9.674,-15.204
FL-12,160129.68,224712.945,vest2020_blocks_cd120_cellswing,True,185007.199,208298.734,vest2020_blocks_cd120,,-16.782,-5.922,-13.824
FL-13,172203.96,231628.216,vest2020_blocks_cd120_cellswing,True,199273.132,233344.775,vest2020_blocks_cd120,,-14.715,-7.876,-12.762
FL-14,164081.574,212234.048,vest2020_blocks_cd120_cellswing,True,189455.245,200709.368,vest2020_blocks_cd120,,-12.796,-2.884,-10.075
FL-15,156320.35,237536.74,vest2020_blocks_cd120_cellswing,True,173757.087,215548.275,vest2020_blocks_cd120,,-20.621,-10.735,-17.906
FL-16,179760.027,243148.649,vest2020_blocks_cd120_cellswing,True,199415.476,222822.401,vest2020_blocks_cd120,,-14.989,-5.544,-12.384
FL-17,173974.764,281073.042,vest2020_blocks_cd120_cellswing,True,189174.715,250856.174,vest2020_blocks_cd120,,-23.536,-14.018,-20.913
FL-18,149229.212,217856.631,vest2020_blocks_cd120_cellswing,True,162057.031,198999.568,vest2020_blocks_cd120,,-18.695,-10.232,-16.336
FL-19,144310.356,281174.875,vest2020_blocks_cd120_cellswing,True,165144.979,259337.597,vest2020_blocks_cd120,,-32.167,-22.19,-29.429
FL-2,163465.8,242984.011,vest2020_blocks_cd120_cellswing,True,180597.304,225708.635,vest2020_blocks_cd120,,-19.564,-11.103,-17.206
FL-20,249869.093,112999.535,vest2020_blocks_cd120_cellswing,True,265210.586,91711.563,vest2020_blocks_cd120,,37.719,48.61,40.685
FL-21,192553.391,267685.197,vest2020_blocks_cd120_cellswing,True,199378.21,238352.345,vest2020_blocks_cd120,,-16.325,-8.904,-14.226
FL-22,199712.541,220696.915,vest2020_blocks_cd120_cellswing,True,197945.471,186551.833,vest2020_blocks_cd120,,-4.991,2.963,-2.76
FL-23,209032.555,153132.031,vest2020_blocks_cd120_cellswing,True,226770.606,130828.814,vest2020_blocks_cd120,,15.435,26.829,18.527
FL-24,214920.896,94266.877,vest2020_blocks_cd120_cellswing,True,246094.235,67595.572,vest2020_blocks_cd120,,39.023,56.903,43.736
FL-25,198889.807,221545.804,vest2020_blocks_cd120_cellswing,True,209002.325,188736.573,vest2020_blocks_cd120,,-5.389,5.095,-2.525
FL-26,158643.353,204000.686,vest2020_blocks_cd120_cellswing,True,169398.637,173410.619,vest2020_blocks_cd120,,-12.507,-1.17,-9.43
FL-27,140482.204,194374.476,vest2020_blocks_cd120_cellswing,True,177714.936,178549.595,vest2020_blocks_cd120,,-16.094,-0.234,-11.886
FL-28,121789.317,211439.578,vest2020_blocks_cd120_cellswing,True,158944.036,181518.15,vest2020_blocks_cd120,,-26.904,-6.63,-21.592
FL-3,153109.821,242775.421,vest2020_blocks_cd120_cellswing,True,166672.621,222025.418,vest2020_blocks_cd120,,-22.649,-14.241,-20.304
FL-4,170451.707,222726.293,vest2020_blocks_cd120_cellswing,True,184070.466,210862.084,vest2020_blocks_cd120,,-13.295,-6.784,-11.424
FL-5,166051.351,265313.89,vest2020_blocks_cd120_cellswing,True,176972.95,244303.317,vest2020_blocks_cd120,,-23.011,-15.982,-21.011
FL-6,149832.078,288537.697,vest2020_blocks_cd120_cellswing,True,161019.699,262095.035,vest2020_blocks_cd120,,-31.641,-23.888,-29.46
FL-7,181576.446,240450.554,vest2020_blocks_cd120_cellswing,True,202044.864,226040.203,vest2020_blocks_cd120,,-13.95,-5.605,-11.621
FL-8,173433.694,248890.004,vest2020_blocks_cd120_cellswing,True,190787.408,237425.58,vest2020_blocks_cd120,,-17.867,-10.891,-15.88
FL-9,148385.625,218926.521,vest2020_blocks_cd120_cellswing,True,171888.794,197173.411,vest2020_blocks_cd120,,-19.205,-6.851,-15.873
GA-1,152069.954,209538.795,medsl2024_cd_labels,False,144328.46,189644.549,vest2020_areal_cd119,0.0,-15.893,-13.569,-15.069
GA-10,162899.286,249046.139,medsl2024_cd_labels,False,146820.474,227268.584,vest2020_areal_cd119,0.0,-20.912,-21.505,-20.817
GA-11,158989.58,257017.315,medsl2024_cd_labels,False,149126.461,234207.528,vest2020_areal_cd119,0.0,-23.564,-22.195,-22.979
GA-12,149018.893,198471.738,medsl2024_cd_labels,False,151073.443,185596.32,vest2020_areal_cd119,0.0,-14.231,-10.254,-12.994
GA-13,257535.357,103342.514,medsl2024_cd_labels,False,248627.941,103443.909,vest2020_areal_cd119,0.0,42.727,41.237,42.598
GA-14,120828.859,262842.501,medsl2024_cd_labels,False,108871.257,242541.449,vest2020_areal_cd119,0.0,-37.014,-38.038,-37.027
GA-2,169580.804,145479.135,medsl2024_cd_labels,False,173467.527,140480.983,vest2020_areal_cd119,0.0,7.65,10.507,8.607
GA-3,145881.733,270190.775,medsl2024_cd_labels,False,132425.07,248412.907,vest2020_areal_cd119,0.0,-29.877,-30.456,-29.779
GA-4,234422.104,71933.321,medsl2024_cd_labels,False,248509.594,65262.554,vest2020_areal_cd119,0.0,53.039,58.401,54.623
GA-5,299979.189,48165.144,medsl2024_cd_labels,False,298037.148,45249.683,vest2020_areal_cd119,0.0,72.33,73.637,72.9
GA-6,280407.825,92606.26,medsl2024_cd_labels,False,272385.451,90717.26,vest2020_areal_cd119,0.0,50.347,50.032,50.511
GA-7,166278.479,261754.645,medsl2024_cd_labels,False,162151.985,240797.881,vest2020_areal_cd119,0.0,-22.306,-19.518,-21.366
GA-8,119342.354,225184.785,medsl2024_cd_labels,False,117979.079,209228.425,vest2020_areal_cd119,0.0,-30.721,-27.887,-29.77
GA-9,130771.583,267536.933,medsl2024_cd_labels,False,120664.487,238930.852,vest2020_areal_cd119,0.0,-34.337,-32.889,-33.732
HI-1,153039.0,91498.0,medsl2024_cd_labels,False,178574.298,96287.526,vest2020_areal_cd119,0.0,25.166,29.938,26.602
HI-2,160005.0,102163.0,medsl2024_cd_labels,False,187555.702,100576.474,vest2020_areal_cd119,0.0,22.063,30.187,24.337
IA-1,190502.0,226309.0,medsl2024_cd_labels,False,203397.87,215737.009,vest2020_areal_cd119,0.0,-8.591,-2.944,-6.936
IA-2,186017.0,227941.0,medsl2024_cd_labels,False,203245.4,222311.19,vest2020_areal_cd119,0.0,-10.128,-4.48,-8.473
IA-3,199043.0,217645.0,medsl2024_cd_labels,False,205593.062,207048.015,vest2020_areal_cd119,0.0,-4.464,-0.353,-3.193
IA-4,131716.0,255124.0,medsl2024_cd_labels,False,146824.607,252575.7,vest2020_areal_cd119,0.0,-31.902,-26.477,-30.303
ID-1,126556.0,343893.0,medsl2024_cd_labels,False,131643.264,302182.425,vest2020_areal_cd119,0.0,-46.198,-39.311,-44.233
ID-2,148416.0,261353.0,medsl2024_cd_labels,False,155377.694,251936.454,vest2020_areal_cd119,0.0,-27.561,-23.706,-26.354
IL-1,213957.309,109430.291,medsl2024_cd_labels,False,260179.613,104197.749,vest2020_areal_cd119,0.0,32.323,42.808,35.187
IL-10,198884.482,126234.544,medsl2024_cd_labels,False,220314.454,128264.191,vest2020_areal_cd119,0.0,22.346,26.407,23.604
IL-11,198859.957,157498.606,medsl2024_cd_labels,False,215841.05,157789.27,vest2020_areal_cd119,0.0,11.607,15.537,12.832
IL-12,102644.699,264476.527,medsl2024_cd_labels,False,107100.856,271085.259,vest2020_areal_cd119,0.0,-44.081,-43.361,-43.658
IL-13,180464.177,145725.222,medsl2024_cd_labels,False,194473.122,154879.093,vest2020_areal_cd119,0.0,10.65,11.334,11.064
IL-14,173949.497,156554.403,medsl2024_cd_labels,False,190773.35,150927.942,vest2020_areal_cd119,0.0,5.263,11.661,7.106
IL-15,111678.674,263292.037,medsl2024_cd_labels,False,117680.743,270564.659,vest2020_areal_cd119,0.0,-40.433,-39.378,-39.927
IL-16,147742.867,236254.198,medsl2024_cd_labels,False,153473.981,238853.451,vest2020_areal_cd119,0.0,-23.05,-21.762,-22.485
IL-17,162905.459,147898.975,medsl2024_cd_labels,False,173736.97,148639.842,vest2020_areal_cd119,0.0,4.828,7.785,5.81
IL-2,196200.469,97545.04,medsl2024_cd_labels,False,231766.095,96974.709,vest2020_areal_cd119,0.0,33.585,41.002,35.683
IL-3,172032.741,88946.021,medsl2024_cd_labels,False,207098.636,84215.849,vest2020_areal_cd119,0.0,31.837,42.182,34.666
IL-4,134025.907,74132.515,medsl2024_cd_labels,False,175885.408,62951.836,vest2020_areal_cd119,0.0,28.773,47.285,33.644
IL-5,254114.447,115321.85,medsl2024_cd_labels,False,279513.072,118140.11,vest2020_areal_cd119,0.0,37.569,40.581,38.565
IL-6,190680.268,170176.482,medsl2024_cd_labels,False,216104.803,172955.915,vest2020_areal_cd119,0.0,5.682,11.091,7.277
IL-7,227529.728,46397.59,medsl2024_cd_labels,False,273825.089,40711.694,vest2020_areal_cd119,0.0,66.124,74.113,68.364
IL-8,162609.644,141332.985,medsl2024_cd_labels,False,188900.787,137477.224,vest2020_areal_cd119,0.0,7.0,15.756,9.432
IL-9,234582.674,107861.714,medsl2024_cd_labels,False,265089.16,108249.391,vest2020_areal_cd119,0.0,37.005,42.01,38.499
IN-1,161451.736,160452.264,medsl2024_cd_labels,False,181827.122,153358.768,vest2020_areal_cd119,0.0,0.31,8.493,2.599
IN-2,162799.744,240964.256,medsl2024_cd_labels,False,117710.668,188035.76,vest2020_areal_cd119,0.0,-19.359,-23.001,-20.026
IN-3,107616.76,208097.24,medsl2024_cd_labels,False,111627.762,209801.171,vest2020_areal_cd119,0.0,-31.826,-30.543,-31.262
IN-4,144259.781,257382.219,medsl2024_cd_labels,False,118429.914,219083.334,vest2020_areal_cd119,0.0,-28.165,-29.822,-28.336
IN-5,149928.023,212326.977,medsl2024_cd_labels,False,151360.553,210077.821,vest2020_areal_cd119,0.0,-17.225,-16.245,-16.737
IN-6,106853.709,213058.291,medsl2024_cd_labels,False,109407.99,215370.304,vest2020_areal_cd119,0.0,-33.198,-32.626,-32.812
IN-7,189455.696,77264.304,medsl2024_cd_labels,False,213492.532,84805.29,vest2020_areal_cd119,0.0,42.063,43.141,42.576
IN-8,103547.312,223319.688,medsl2024_cd_labels,False,112348.123,225276.644,vest2020_areal_cd119,0.0,-36.643,-33.448,-35.601
IN-9,93964.168,210680.832,medsl2024_cd_labels,False,126293.33,224047.9,vest2020_areal_cd119,0.0,-38.312,-27.903,-35.467
KS-1,103889.0,200988.0,medsl2024_cd_labels,False,110559.397,206482.829,vest2020_areal_cd119,0.0,-31.849,-30.256,-31.207
KS-2,120720.5,181289.0,medsl2024_cd_labels,False,130759.177,183229.697,vest2020_areal_cd119,0.0,-20.055,-16.711,-18.976
KS-3,203405.5,187105.0,medsl2024_cd_labels,False,205661.323,187745.268,vest2020_areal_cd119,0.0,4.174,4.554,4.512
KS-4,116821.0,189393.0,medsl2024_cd_labels,False,123318.276,193935.276,vest2020_areal_cd119,0.0,-23.7,-22.259,-23.097
KY-1,88125.0,250232.0,medsl2024_cd_labels,False,99071.772,251301.782,vest2020_areal_cd119,0.0,-47.91,-43.448,-46.551
KY-2,100536.0,245734.0,medsl2024_cd_labels,False,109662.609,239839.461,vest2020_areal_cd119,0.0,-41.932,-37.246,-40.518
KY-3,194712.0,131797.0,medsl2024_cd_labels,False,219594.287,137518.439,vest2020_areal_cd119,0.0,19.269,22.983,20.441
KY-4,117644.0,250916.0,medsl2024_cd_labels,False,123096.083,245477.096,vest2020_areal_cd119,0.0,-36.16,-33.204,-35.178
KY-5,55275.0,257630.0,medsl2024_cd_labels,False,64109.47,257496.929,vest2020_areal_cd119,0.0,-64.67,-60.132,-63.292
KY-6,147751.0,201182.0,medsl2024_cd_labels,False,156939.779,195012.292,vest2020_areal_cd119,0.0,-15.313,-10.818,-13.946
LA-1,98064.881,248171.539,vest2020_blocks_cd120_countyswing,True,111182.651,258967.591,vest2020_blocks_cd120,,-43.354,-39.926,-42.254
LA-2,244099.934,82002.462,vest2020_blocks_cd120_countyswing,True,266935.09,81690.513,vest2020_blocks_cd120,,49.708,53.136,50.808
LA-3,103049.394,220745.051,vest2020_blocks_cd120_countyswing,True,116091.726,230066.52,vest2020_blocks_cd120,,-36.349,-32.926,-35.25
LA-4,106523.497,215417.148,vest2020_blocks_cd120_countyswing,True,119766.667,224409.742,vest2020_blocks_cd120,,-33.824,-30.404,-32.726
LA-5,107862.261,213502.73,vest2020_blocks_cd120_countyswing,True,121178.366,222382.629,vest2020_blocks_cd120,,-32.872,-29.457,-31.776
LA-6,107313.016,228623.088,vest2020_blocks_cd120_countyswing,True,120879.5,238259.005,vest2020_blocks_cd120,,-36.111,-32.684,-35.011
MA-1,211784.0,160045.0,medsl2024_cd_labels,False,234902.68,149777.393,vest2020_areal_cd119,0.0,13.915,22.129,16.211
MA-2,231966.0,141308.0,medsl2024_cd_labels,False,255017.511,133005.135,vest2020_areal_cd119,0.0,24.287,31.445,26.32
MA-3,208626.0,140854.0,medsl2024_cd_labels,False,233268.292,131107.221,vest2020_areal_cd119,0.0,19.392,28.037,21.797
MA-4,237730.0,158054.0,medsl2024_cd_labels,False,263758.81,145225.723,vest2020_areal_cd119,0.0,20.131,28.982,22.587
MA-5,265591.0,97371.0,medsl2024_cd_labels,False,298689.377,94364.933,vest2020_areal_cd119,0.0,46.346,51.984,47.999
MA-6,255729.0,166654.0,medsl2024_cd_labels,False,283244.528,158954.523,vest2020_areal_cd119,0.0,21.089,28.107,23.086
MA-7,222693.0,47009.0,medsl2024_cd_labels,False,269406.023,41249.976,vest2020_areal_cd119,0.0,65.14,73.443,67.459
MA-8,242623.0,139502.0,medsl2024_cd_labels,False,277555.84,130396.096,vest2020_areal_cd119,0.0,26.986,36.073,29.501
MA-9,249776.0,200506.0,medsl2024_cd_labels,False,266158.447,182951.287,vest2020_areal_cd119,0.0,10.942,18.527,13.081
MD-1,170408.371,243326.466,vest2020_blocks_cd120_countyswing,False,171273.467,230935.461,vest2020_blocks_cd120,,-17.624,-14.834,-16.684
MD-2,226311.529,155525.653,vest2020_blocks_cd120_countyswing,False,232391.92,150936.98,vest2020_blocks_cd120,,18.538,21.249,19.459
MD-3,250023.254,151815.534,vest2020_blocks_cd120_countyswing,False,255261.606,149727.434,vest2020_blocks_cd120,,24.44,26.059,25.087
MD-4,248723.274,32076.457,vest2020_blocks_cd120_countyswing,False,271627.561,26254.99,vest2020_blocks_cd120,,77.153,82.372,78.701
MD-5,272807.697,138992.348,vest2020_blocks_cd120_countyswing,False,280868.54,128851.539,vest2020_blocks_cd120,,32.495,37.103,33.89
MD-6,199771.83,176224.758,vest2020_blocks_cd120_countyswing,False,200396.895,163857.789,vest2020_blocks_cd120,,6.263,10.031,7.448
MD-7,243454.267,59785.463,vest2020_blocks_cd120_countyswing,False,251745.617,54318.06,vest2020_blocks_cd120,,60.569,64.505,61.796
MD-8,296371.89,80350.343,vest2020_blocks_cd120_countyswing,False,321457.394,71531.748,vest2020_blocks_cd120,,57.342,63.596,59.149
ME-1,255859.429,164566.571,medsl2024_cd_labels,False,258001.506,159923.997,vest2020_areal_cd119,0.005,21.714,23.468,22.396
ME-2,169561.325,204533.675,medsl2024_cd_labels,False,177068.494,200843.003,vest2020_areal_cd119,0.005,-9.349,-6.291,-8.341
MI-1,187850.787,290870.723,medsl2024_cd_labels,False,182898.413,274815.598,vest2020_areal_cd119,0.0,-21.52,-20.082,-20.917
MI-10,199324.0,227882.0,medsl2024_cd_labels,False,210171.076,214229.016,vest2020_areal_cd119,0.0,-6.685,-0.956,-5.01
MI-11,262388.862,188361.195,medsl2024_cd_labels,False,274144.751,182453.185,vest2020_areal_cd119,0.0,16.423,20.081,17.581
MI-12,249017.0,106983.0,medsl2024_cd_labels,False,285407.321,97500.366,vest2020_areal_cd119,0.0,39.897,49.074,42.434
MI-13,231273.0,94471.0,medsl2024_cd_labels,False,252714.633,83885.639,vest2020_areal_cd119,0.0,41.997,50.157,44.28
MI-2,151059.632,283900.463,medsl2024_cd_labels,False,144776.593,261834.854,vest2020_areal_cd119,0.0,-30.541,-28.789,-29.86
MI-3,226862.645,193364.712,medsl2024_cd_labels,False,222624.684,187252.546,vest2020_areal_cd119,0.0,7.971,8.63,8.379
MI-4,201773.63,225807.214,medsl2024_cd_labels,False,196675.27,213101.965,vest2020_areal_cd119,0.0,-5.621,-4.009,-4.975
MI-5,151099.556,265193.638,medsl2024_cd_labels,False,150394.122,248465.051,vest2020_areal_cd119,0.0,-27.407,-24.588,-26.459
MI-6,280089.75,171949.25,medsl2024_cd_labels,False,286016.747,164285.353,vest2020_areal_cd119,0.0,23.923,27.033,24.943
MI-7,224739.506,230678.011,medsl2024_cd_labels,False,222430.6,218331.75,vest2020_areal_cd119,0.0,-1.304,0.93,-0.502
MI-8,209502.494,218092.989,medsl2024_cd_labels,False,215555.541,206744.47,vest2020_areal_cd119,0.0,-2.009,2.086,-0.742
MI-9,161552.138,319081.805,medsl2024_cd_labels,False,160173.052,296886.695,vest2020_areal_cd119,0.0,-32.775,-29.912,-31.816
MN-1,167186.0,213794.0,medsl2024_cd_labels,False,172248.864,208020.955,vest2020_areal_cd119,0.0,-12.234,-9.407,-11.284
MN-2,220555.0,195780.0,medsl2024_cd_labels,False,222779.524,192174.174,vest2020_areal_cd119,0.0,5.951,7.376,6.55
MN-3,251783.0,161925.0,medsl2024_cd_labels,False,258612.771,167569.313,vest2020_areal_cd119,0.0,21.72,21.363,21.874
MN-4,251495.0,117085.0,medsl2024_cd_labels,False,267114.028,118288.027,vest2020_areal_cd119,0.0,36.467,38.616,37.247
MN-5,292800.0,65271.0,medsl2024_cd_labels,False,319533.058,69192.1,vest2020_areal_cd119,0.0,63.543,64.401,64.0
MN-6,168603.0,253253.0,medsl2024_cd_labels,False,165547.849,238365.039,vest2020_areal_cd119,0.0,-20.066,-18.028,-19.314
MN-7,123652.0,269504.0,medsl2024_cd_labels,False,128673.422,260300.641,vest2020_areal_cd119,0.0,-37.098,-33.84,-36.04
MN-8,180905.0,242420.0,medsl2024_cd_labels,False,182488.749,230083.456,vest2020_areal_cd119,0.0,-14.531,-11.536,-13.54
MO-1,247630.114,64365.932,vest2020_blocks_cd120_cellswing,True,280380.778,70457.357,vest2020_blocks_cd120,,58.739,59.835,59.256
MO-2,182983.461,231874.324,vest2020_blocks_cd120_cellswing,True,187581.07,235264.79,vest2020_blocks_cd120,,-11.785,-11.277,-11.415
MO-3,160105.676,240702.717,vest2020_blocks_cd120_cellswing,True,158175.658,231361.754,vest2020_blocks_cd120,,-20.109,-18.788,-19.535
MO-4,150621.001,237256.643,vest2020_blocks_cd120_cellswing,True,155945.424,229889.87,vest2020_blocks_cd120,,-22.336,-19.165,-21.3
MO-5,137776.416,196031.302,vest2020_blocks_cd120_cellswing,True,143611.259,192557.714,vest2020_blocks_cd120,,-17.452,-14.56,-16.486
MO-6,135661.769,236145.857,vest2020_blocks_cd120_cellswing,True,137234.298,230187.198,vest2020_blocks_cd120,,-27.026,-25.299,-26.351
MO-7,105497.411,265481.849,vest2020_blocks_cd120_cellswing,True,103422.457,254241.44,vest2020_blocks_cd120,,-43.125,-42.168,-42.643
MO-8,82151.898,281335.996,vest2020_blocks_cd120_cellswing,True,86663.055,274775.877,vest2020_blocks_cd120,,-54.798,-52.046,-53.867
MS-1,99872.302,219885.648,medsl2024_cd_labels,False,111536.764,217296.887,vest2020_areal_cd119,0.0,-37.533,-32.162,-35.947
MS-2,171098.872,112653.765,medsl2024_cd_labels,False,208187.558,121149.24,vest2020_areal_cd119,0.0,20.597,26.428,22.298
MS-3,112839.826,207378.587,medsl2024_cd_labels,False,128405.12,212443.08,vest2020_areal_cd119,0.0,-29.523,-24.656,-28.063
MS-4,82856.0,207826.0,medsl2024_cd_labels,False,91268.375,205874.611,vest2020_areal_cd119,0.0,-42.992,-38.569,-41.643
MT-1,137405.319,174605.116,medsl2024_cd_labels,False,143418.68,165196.375,vest2020_areal_cd119,0.0,-11.923,-7.057,-10.463
MT-2,94450.681,177395.884,medsl2024_cd_labels,False,101366.982,178404.254,vest2020_areal_cd119,0.0,-30.512,-27.536,-29.525
NC-1,182293.447,230611.808,vest2020_blocks_cd120_cellswing,True,190436.04,218890.816,vest2020_blocks_cd120,,-11.702,-6.952,-10.271
NC-10,167972.775,242034.834,vest2020_blocks_cd120_cellswing,True,164106.818,227817.37,vest2020_blocks_cd120,,-18.064,-16.256,-17.369
NC-11,196322.038,238092.189,vest2020_blocks_cd120_cellswing,True,189678.834,237270.805,vest2020_blocks_cd120,,-9.615,-11.147,-9.755
NC-12,253914.368,92799.107,vest2020_blocks_cd120_cellswing,True,262590.271,85342.845,vest2020_blocks_cd120,,46.469,50.943,47.831
NC-13,179551.783,240467.852,vest2020_blocks_cd120_cellswing,True,158090.697,225132.32,vest2020_blocks_cd120,,-14.503,-17.494,-15.008
NC-14,171332.278,231939.322,vest2020_blocks_cd120_cellswing,True,163300.136,227008.443,vest2020_blocks_cd120,,-15.029,-16.323,-15.109
NC-2,267765.103,136174.578,vest2020_blocks_cd120_cellswing,True,274361.43,129369.064,vest2020_blocks_cd120,,32.577,35.913,33.654
NC-3,147772.601,194711.027,vest2020_blocks_cd120_cellswing,True,153774.112,182099.186,vest2020_blocks_cd120,,-13.705,-8.433,-12.144
NC-4,311860.89,116261.262,vest2020_blocks_cd120_cellswing,True,303333.565,109936.957,vest2020_blocks_cd120,,45.688,46.797,46.208
NC-5,163042.196,247034.01,vest2020_blocks_cd120_cellswing,True,167126.779,228733.845,vest2020_blocks_cd120,,-20.482,-15.563,-19.009
NC-6,149352.796,223558.02,vest2020_blocks_cd120_cellswing,True,157035.177,218931.754,vest2020_blocks_cd120,,-19.899,-16.463,-18.797
NC-7,189279.979,250663.56,vest2020_blocks_cd120_cellswing,True,182076.668,227834.798,vest2020_blocks_cd120,,-13.953,-11.163,-13.012
NC-8,165499.134,241669.867,vest2020_blocks_cd120_cellswing,True,160779.513,231185.843,vest2020_blocks_cd120,,-18.707,-17.962,-18.278
NC-9,168534.611,212081.565,vest2020_blocks_cd120_cellswing,True,157601.96,209220.953,vest2020_blocks_cd120,,-11.441,-14.072,-11.856
ND-1,112327.0,246505.0,mit_state,False,114902.0,235595.0,mit_state,,-37.393,-34.435,-36.41
NE-1,135376.468,174426.186,vest2020_blocks_cd120_countyswing,False,136850.807,171831.03,vest2020_blocks_cd120,,-12.605,-11.332,-12.044
NE-2,161979.196,146042.748,vest2020_blocks_cd120_countyswing,False,163346.001,143561.568,vest2020_blocks_cd120,,5.174,6.446,5.735
NE-3,72640.102,244346.299,vest2020_blocks_cd120_countyswing,False,74386.192,241453.402,vest2020_blocks_cd120,,-54.168,-52.896,-53.607
NH-1,208186.0,199942.0,vest2020_blocks_cd120_cellswing,False,210310.0,186410.0,vest2020_blocks_cd120,,2.02,6.024,3.264
NH-2,210302.0,195581.0,vest2020_blocks_cd120_cellswing,False,214627.0,179250.0,vest2020_blocks_cd120,,3.627,8.982,5.209
NJ-1,217333.51,152481.414,vest2020_blocks_cd120_countyswing,False,247633.896,149306.461,vest2020_blocks_cd120,,17.536,24.771,19.588
NJ-10,201505.523,65042.941,vest2020_blocks_cd120_countyswing,False,234522.652,54013.571,vest2020_blocks_cd120,,51.196,62.56,54.28
NJ-11,217742.346,185673.072,vest2020_blocks_cd120_countyswing,False,252681.486,178838.183,vest2020_blocks_cd120,,7.949,17.112,10.483
NJ-12,205226.486,126651.39,vest2020_blocks_cd120_countyswing,False,236481.934,114196.838,vest2020_blocks_cd120,,23.676,34.871,26.718
NJ-2,164670.098,215510.014,vest2020_blocks_cd120_countyswing,False,192617.077,213067.333,vest2020_blocks_cd120,,-13.373,-5.041,-11.047
NJ-3,212946.618,194306.308,vest2020_blocks_cd120_countyswing,False,248343.065,186670.461,vest2020_blocks_cd120,,4.577,14.177,7.22
NJ-4,142800.514,267723.872,vest2020_blocks_cd120_countyswing,False,163018.34,258722.016,vest2020_blocks_cd120,,-30.43,-22.693,-28.253
NJ-5,204059.664,194041.602,vest2020_blocks_cd120_countyswing,False,240220.87,186619.918,vest2020_blocks_cd120,,2.516,12.558,5.27
NJ-6,170038.797,145802.062,vest2020_blocks_cd120_countyswing,False,197757.692,133182.133,vest2020_blocks_cd120,,7.674,19.513,10.877
NJ-7,207909.766,220144.319,vest2020_blocks_cd120_countyswing,False,235345.585,217920.87,vest2020_blocks_cd120,,-2.858,3.844,-0.94
NJ-8,141595.696,76372.678,vest2020_blocks_cd120_countyswing,False,174127.638,64719.681,vest2020_blocks_cd120,,29.923,45.807,34.137
NJ-9,147726.624,135847.744,vest2020_blocks_cd120_countyswing,False,185584.767,126016.535,vest2020_blocks_cd120,,4.189,19.117,8.164
NM-1,194846.0,150029.0,medsl2024_cd_labels,False,200284.061,148512.663,vest2020_areal_cd119,0.0,12.995,14.843,13.7
NM-2,130520.0,135451.0,medsl2024_cd_labels,False,138359.873,123158.15,vest2020_areal_cd119,0.0,-1.854,5.813,0.306
NM-3,153389.0,137901.0,medsl2024_cd_labels,False,162969.356,130222.934,vest2020_areal_cd119,0.0,5.317,11.169,7.023
NV-1,168443.151,160861.851,medsl2024_cd_labels,False,172429.088,144973.342,vest2020_areal_cd119,0.0,2.302,8.65,4.132
NV-2,176240.0,234871.0,medsl2024_cd_labels,False,172869.5,216741.523,vest2020_areal_cd119,0.0,-14.262,-11.26,-13.268
NV-3,187985.226,190814.73,medsl2024_cd_labels,False,190029.955,166029.987,vest2020_areal_cd119,0.0,-0.747,6.74,1.368
NV-4,172380.623,164379.419,medsl2024_cd_labels,False,168157.411,142145.072,vest2020_areal_cd119,0.0,2.376,8.383,4.121
NY-1,176575.338,215210.662,vest2020_blocks_cd120_countyswing,False,207862.175,215368.8,vest2020_blocks_cd120,,-9.861,-1.774,-7.596
NY-10,193157.585,50096.004,vest2020_blocks_cd120_countyswing,False,243113.378,40429.887,vest2020_blocks_cd120,,58.812,71.482,62.222
NY-11,96873.653,154094.064,vest2020_blocks_cd120_countyswing,False,134685.975,157194.057,vest2020_blocks_cd120,,-22.8,-7.711,-18.785
NY-12,239286.865,59016.767,vest2020_blocks_cd120_countyswing,False,291100.445,47205.614,vest2020_blocks_cd120,,60.432,72.093,63.59
NY-13,193655.155,42348.264,vest2020_blocks_cd120_countyswing,False,241742.036,30437.52,vest2020_blocks_cd120,,64.112,77.634,67.736
NY-14,125459.954,63125.641,vest2020_blocks_cd120_countyswing,False,178044.896,50779.608,vest2020_blocks_cd120,,33.054,55.617,38.937
NY-15,130120.92,45199.667,vest2020_blocks_cd120_countyswing,False,185389.573,31391.051,vest2020_blocks_cd120,,48.438,71.039,54.331
NY-16,206577.019,102534.882,vest2020_blocks_cd120_countyswing,False,240151.604,91068.444,vest2020_blocks_cd120,,33.658,45.01,36.739
NY-17,181748.618,179956.75,vest2020_blocks_cd120_countyswing,False,210411.648,171523.894,vest2020_blocks_cd120,,0.495,10.182,3.16
NY-18,175217.914,163608.736,vest2020_blocks_cd120_countyswing,False,196158.113,163014.091,vest2020_blocks_cd120,,3.426,9.228,5.12
NY-19,171940.953,178531.453,vest2020_blocks_cd120_countyswing,False,196143.289,179031.527,vest2020_blocks_cd120,,-1.88,4.561,-0.027
NY-2,148547.22,186250.369,vest2020_blocks_cd120_countyswing,False,176295.209,185230.712,vest2020_blocks_cd120,,-11.261,-2.472,-8.821
NY-20,195678.967,142438.44,vest2020_blocks_cd120_countyswing,False,224440.125,151038.003,vest2020_blocks_cd120,,15.746,19.549,16.94
NY-21,128937.139,198439.811,vest2020_blocks_cd120_countyswing,False,146585.409,202301.03,vest2020_blocks_cd120,,-21.23,-15.97,-19.672
NY-22,181078.227,150702.924,vest2020_blocks_cd120_countyswing,False,202851.498,160633.246,vest2020_blocks_cd120,,9.155,11.615,10.013
NY-23,140110.962,213879.428,vest2020_blocks_cd120_countyswing,False,160040.669,232954.836,vest2020_blocks_cd120,,-20.839,-18.553,-20.025
NY-24,129808.327,211842.879,vest2020_blocks_cd120_countyswing,False,146392.202,222922.823,vest2020_blocks_cd120,,-24.011,-20.722,-22.946
NY-25,204255.941,134229.262,vest2020_blocks_cd120_countyswing,False,231293.11,150711.292,vest2020_blocks_cd120,,20.688,21.094,21.033
NY-26,190221.404,119591.904,vest2020_blocks_cd120_countyswing,False,218504.563,129472.696,vest2020_blocks_cd120,,22.797,25.586,23.737
NY-3,171208.904,183365.248,vest2020_blocks_cd120_countyswing,False,216914.592,172438.122,vest2020_blocks_cd120,,-3.428,11.423,0.527
NY-4,183739.414,178800.209,vest2020_blocks_cd120_countyswing,False,223919.033,166548.621,vest2020_blocks_cd120,,1.362,14.693,4.938
NY-5,157280.29,66792.955,vest2020_blocks_cd120_countyswing,False,216591.377,49615.795,vest2020_blocks_cd120,,40.383,62.724,46.211
NY-6,104232.004,90149.912,vest2020_blocks_cd120_countyswing,False,149649.176,81283.616,vest2020_blocks_cd120,,7.245,29.604,13.077
NY-7,149284.953,58255.945,vest2020_blocks_cd120_countyswing,False,199259.713,48140.647,vest2020_blocks_cd120,,43.861,61.083,48.409
NY-8,155350.211,63325.295,vest2020_blocks_cd120_countyswing,False,203612.838,57646.372,vest2020_blocks_cd120,,42.083,55.87,45.773
NY-9,155180.995,68590.908,vest2020_blocks_cd120_countyswing,False,203733.355,63614.698,vest2020_blocks_cd120,,38.696,52.411,42.367
OH-1,192578.063,200274.815,vest2020_blocks_cd120_cellswing,True,200100.082,199438.903,vest2020_blocks_cd120,,-1.959,0.165,-1.185
OH-10,173174.897,201682.443,vest2020_blocks_cd120_cellswing,True,181210.552,203762.594,vest2020_blocks_cd120,,-7.605,-5.858,-6.925
OH-11,247404.176,70877.62,vest2020_blocks_cd120_cellswing,True,280542.982,74106.718,vest2020_blocks_cd120,,55.462,58.208,56.392
OH-12,141682.743,265150.897,vest2020_blocks_cd120_cellswing,True,141031.837,258362.378,vest2020_blocks_cd120,,-30.349,-29.377,-29.863
OH-13,199643.773,187125.768,vest2020_blocks_cd120_cellswing,True,209165.591,185486.7,vest2020_blocks_cd120,,3.237,6.0,4.17
OH-14,162687.307,246921.318,vest2020_blocks_cd120_cellswing,True,172598.786,244506.462,vest2020_blocks_cd120,,-20.565,-17.24,-19.49
OH-15,160509.139,196808.966,vest2020_blocks_cd120_cellswing,True,167296.772,194286.219,vest2020_blocks_cd120,,-10.159,-7.464,-9.242
OH-2,107294.189,265850.395,vest2020_blocks_cd120_cellswing,True,111599.887,261545.414,vest2020_blocks_cd120,,-42.492,-40.184,-41.672
OH-3,249337.438,105193.727,vest2020_blocks_cd120_cellswing,True,271664.993,104532.334,vest2020_blocks_cd120,,40.658,44.427,41.843
OH-4,112142.404,280587.047,vest2020_blocks_cd120_cellswing,True,114226.14,273343.608,vest2020_blocks_cd120,,-42.891,-41.055,-42.189
OH-5,146021.238,237877.318,vest2020_blocks_cd120_cellswing,True,150184.055,232525.543,vest2020_blocks_cd120,,-23.927,-21.515,-23.081
OH-6,118524.247,245016.539,vest2020_blocks_cd120_cellswing,True,131276.066,245447.32,vest2020_blocks_cd120,,-34.795,-30.306,-33.429
OH-7,187589.39,234536.835,vest2020_blocks_cd120_cellswing,True,194813.787,236654.399,vest2020_blocks_cd120,,-11.122,-9.697,-10.523
OH-8,166692.622,233250.499,vest2020_blocks_cd120_cellswing,True,173593.226,234535.734,vest2020_blocks_cd120,,-16.642,-14.932,-15.971
OH-9,168417.373,208961.813,vest2020_blocks_cd120_cellswing,True,179860.243,206299.674,vest2020_blocks_cd120,,-10.744,-6.847,-9.526
OK-1,119841.586,187607.147,vest2020_blocks_cd120_countyswing,False,121872.53,190280.825,vest2020_blocks_cd120,,-22.041,-21.915,-21.767
OK-2,70081.753,251231.58,vest2020_blocks_cd120_countyswing,False,71999.715,243614.635,vest2020_blocks_cd120,,-56.378,-54.375,-55.634
OK-3,76974.926,197150.303,vest2020_blocks_cd120_countyswing,False,76635.082,196071.062,vest2020_blocks_cd120,,-43.84,-43.797,-43.586
OK-4,102634.951,204636.197,vest2020_blocks_cd120_countyswing,False,104033.889,200483.61,vest2020_blocks_cd120,,-33.196,-31.673,-32.572
OK-5,130066.25,195587.308,vest2020_blocks_cd120_countyswing,False,129348.785,189829.868,vest2020_blocks_cd120,,-20.12,-18.949,-19.584
OR-1,248681.57,109337.752,vest2020_blocks_cd120_countyswing,False,268237.352,114090.335,vest2020_blocks_cd120,,38.921,40.318,39.513
OR-2,128721.597,226025.817,vest2020_blocks_cd120_countyswing,False,139360.945,232379.146,vest2020_blocks_cd120,,-27.429,-25.022,-26.584
OR-3,260846.079,94987.84,vest2020_blocks_cd120_countyswing,False,280669.242,97518.332,vest2020_blocks_cd120,,46.611,48.429,47.309
OR-4,210802.305,165310.137,vest2020_blocks_cd120_countyswing,False,224336.356,172419.794,vest2020_blocks_cd120,,12.095,13.085,12.586
OR-5,216018.138,182570.307,vest2020_blocks_cd120_countyswing,False,225616.327,188099.128,vest2020_blocks_cd120,,8.392,9.068,8.804
OR-6,187842.067,150373.097,vest2020_blocks_cd120_countyswing,False,202162.779,153941.265,vest2020_blocks_cd120,,11.078,13.541,11.937
PA-1,235348.0,233796.0,medsl2024_cd_labels,False,241546.68,219934.887,vest2020_areal_cd119,0.0,0.331,4.683,1.662
PA-10,193049.0,214933.0,medsl2024_cd_labels,False,188659.661,205192.021,vest2020_areal_cd119,0.0,-5.364,-4.198,-4.829
PA-11,159917.0,247683.0,medsl2024_cd_labels,False,153274.56,237594.107,vest2020_areal_cd119,0.0,-21.532,-21.572,-21.299
PA-12,253993.0,171573.0,medsl2024_cd_labels,False,255225.202,169525.42,vest2020_areal_cd119,0.0,19.367,20.176,19.813
PA-13,110801.0,298890.0,medsl2024_cd_labels,False,107222.588,288205.034,vest2020_areal_cd119,0.0,-45.91,-45.769,-45.632
PA-14,138767.0,279136.0,medsl2024_cd_labels,False,138900.951,268741.787,vest2020_areal_cd119,0.0,-33.589,-31.852,-32.912
PA-15,121608.0,272582.0,medsl2024_cd_labels,False,119650.155,263290.541,vest2020_areal_cd119,0.0,-38.3,-37.51,-37.859
PA-16,159564.0,254762.0,medsl2024_cd_labels,False,158729.697,242663.876,vest2020_areal_cd119,0.0,-22.977,-20.911,-22.217
PA-17,238708.0,213755.0,medsl2024_cd_labels,False,237779.092,211227.514,vest2020_areal_cd119,0.0,5.515,5.913,5.858
PA-2,198243.0,93017.0,medsl2024_cd_labels,False,220612.1,87773.054,vest2020_areal_cd119,0.0,36.128,43.076,38.108
PA-3,345301.0,42202.0,medsl2024_cd_labels,False,357929.201,36744.38,vest2020_areal_cd119,0.0,78.218,81.38,79.252
PA-4,268735.0,194376.0,medsl2024_cd_labels,False,269426.48,183089.548,vest2020_areal_cd119,0.0,16.056,19.079,17.055
PA-5,266651.0,146907.0,medsl2024_cd_labels,False,276137.929,140502.357,vest2020_areal_cd119,0.0,28.955,32.555,30.098
PA-6,234313.0,185691.0,medsl2024_cd_labels,False,234877.21,173825.974,vest2020_areal_cd119,0.0,11.577,14.938,12.66
PA-7,196712.0,209881.0,medsl2024_cd_labels,False,197365.934,195058.929,vest2020_areal_cd119,0.0,-3.239,0.588,-2.039
PA-8,177272.0,210914.0,medsl2024_cd_labels,False,182941.655,193876.465,vest2020_areal_cd119,0.0,-8.666,-2.902,-6.982
PA-9,121883.0,272943.0,medsl2024_cd_labels,False,119785.191,260952.581,vest2020_areal_cd119,0.0,-38.26,-37.077,-37.721
RI-1,140075.009,88534.037,medsl2024_cd_labels,False,153006.364,83231.734,vest2020_areal_cd119,0.018,22.545,29.536,24.536
RI-2,144212.786,125219.168,medsl2024_cd_labels,False,154479.636,116690.266,vest2020_areal_cd119,0.018,7.05,13.936,9.014
SC-1,171119.743,223180.85,medsl2024_cd_labels,False,171009.311,203481.485,vest2020_areal_cd119,0.0,-13.203,-8.671,-11.827
SC-2,154745.617,205666.948,medsl2024_cd_labels,False,160881.88,199732.895,vest2020_areal_cd119,0.0,-14.129,-10.774,-13.047
SC-3,99172.712,252615.573,medsl2024_cd_labels,False,106507.534,237007.558,vest2020_areal_cd119,0.0,-43.618,-37.99,-41.968
SC-4,132542.319,216128.819,medsl2024_cd_labels,False,138173.293,202548.779,vest2020_areal_cd119,0.0,-23.973,-18.894,-22.46
SC-5,141518.44,226461.785,medsl2024_cd_labels,False,147246.205,213464.646,vest2020_areal_cd119,0.0,-23.084,-18.358,-21.659
SC-6,189671.705,118646.86,medsl2024_cd_labels,False,220452.172,113168.964,vest2020_areal_cd119,0.0,23.036,32.157,25.559
SC-7,139681.465,241046.165,medsl2024_cd_labels,False,147226.476,215630.705,vest2020_areal_cd119,0.0,-26.624,-18.852,-24.438
SD-1,146859.0,272081.0,mit_state,False,150471.0,261043.0,mit_state,,-29.89,-26.87,-28.892
TN-1,71640.602,273118.669,vest2020_blocks_cd120_cellswing,True,74140.169,256560.553,vest2020_blocks_cd120,,-58.44,-55.162,-57.378
TN-2,118782.223,242983.375,vest2020_blocks_cd120_cellswing,True,122693.172,226783.724,vest2020_blocks_cd120,,-34.332,-29.785,-32.952
TN-3,114326.074,244104.386,vest2020_blocks_cd120_cellswing,True,116138.436,226942.579,vest2020_blocks_cd120,,-36.207,-32.297,-34.987
TN-4,118851.287,187356.124,vest2020_blocks_cd120_cellswing,True,126577.758,173831.639,vest2020_blocks_cd120,,-22.372,-15.73,-20.468
TN-5,118974.742,187955.344,vest2020_blocks_cd120_cellswing,True,138192.089,178900.873,vest2020_blocks_cd120,,-22.474,-12.838,-19.822
TN-6,130044.064,227120.129,vest2020_blocks_cd120_cellswing,True,137124.19,208102.55,vest2020_blocks_cd120,,-27.18,-20.56,-25.282
TN-7,133075.302,218261.84,vest2020_blocks_cd120_cellswing,True,139426.954,202858.623,vest2020_blocks_cd120,,-24.246,-18.532,-22.575
TN-8,124471.067,191746.685,vest2020_blocks_cd120_cellswing,True,144865.667,199440.665,vest2020_blocks_cd120,,-21.275,-15.851,-19.676
TN-9,125029.742,191330.345,vest2020_blocks_cd120_cellswing,True,144552.566,179053.794,vest2020_blocks_cd120,,-20.957,-10.661,-18.14
TX-1,80899.555,241759.566,vest2020_blocks_cd120_cellswing,True,89142.722,231047.201,vest2020_blocks_cd120,,-49.854,-44.319,-48.228
TX-10,134549.352,213070.262,vest2020_blocks_cd120_cellswing,True,144394.861,195581.193,vest2020_blocks_cd120,,-22.588,-15.056,-20.462
TX-11,95050.175,196056.457,vest2020_blocks_cd120_cellswing,True,101253.771,190213.185,vest2020_blocks_cd120,,-34.697,-30.521,-33.41
TX-12,116373.725,190004.672,vest2020_blocks_cd120_cellswing,True,118761.961,170725.626,vest2020_blocks_cd120,,-24.033,-17.95,-22.269
TX-13,79853.993,220137.188,vest2020_blocks_cd120_cellswing,True,81298.365,213332.605,vest2020_blocks_cd120,,-46.762,-44.813,-46.032
TX-14,119740.179,203856.366,vest2020_blocks_cd120_cellswing,True,124545.912,193971.87,vest2020_blocks_cd120,,-25.994,-21.797,-24.702
TX-15,91305.791,131486.666,vest2020_blocks_cd120_cellswing,True,109871.834,115255.449,vest2020_blocks_cd120,,-18.035,-2.391,-13.881
TX-16,132305.893,95483.08,vest2020_blocks_cd120_cellswing,True,163991.785,76841.327,vest2020_blocks_cd120,,16.165,36.187,21.414
TX-17,128195.478,196263.91,vest2020_blocks_cd120_cellswing,True,132387.067,180971.062,vest2020_blocks_cd120,,-20.979,-15.504,-19.367
TX-18,186025.862,55044.055,vest2020_blocks_cd120_cellswing,True,217353.071,47152.626,vest2020_blocks_cd120,,54.334,64.347,57.08
TX-19,66865.581,212704.419,vest2020_blocks_cd120_cellswing,True,73172.628,202443.085,vest2020_blocks_cd120,,-52.165,-46.902,-50.607
TX-2,128468.738,208183.187,vest2020_blocks_cd120_cellswing,True,127507.301,198585.573,vest2020_blocks_cd120,,-23.679,-21.797,-22.965
TX-20,151095.399,82029.7,vest2020_blocks_cd120_cellswing,True,172232.052,72238.628,vest2020_blocks_cd120,,29.626,40.902,32.688
TX-21,160459.855,252750.39,vest2020_blocks_cd120_cellswing,True,161520.705,227694.0,vest2020_blocks_cd120,,-22.335,-17.002,-20.759
TX-22,125933.406,200707.476,vest2020_blocks_cd120_cellswing,True,131957.265,188004.672,vest2020_blocks_cd120,,-22.892,-17.517,-21.305
TX-23,128411.669,176803.115,vest2020_blocks_cd120_cellswing,True,138494.129,160219.441,vest2020_blocks_cd120,,-15.855,-7.273,-13.466
TX-24,152719.315,213351.676,vest2020_blocks_cd120_cellswing,True,164114.343,211294.476,vest2020_blocks_cd120,,-16.563,-12.568,-15.321
TX-25,116566.202,190804.485,vest2020_blocks_cd120_cellswing,True,124452.266,172163.588,vest2020_blocks_cd120,,-24.153,-16.085,-21.893
TX-26,144678.39,237898.761,vest2020_blocks_cd120_cellswing,True,142680.015,208549.47,vest2020_blocks_cd120,,-24.366,-18.754,-22.72
TX-27,121263.038,193902.612,vest2020_blocks_cd120_cellswing,True,124313.298,177116.94,vest2020_blocks_cd120,,-23.048,-17.518,-21.422
TX-28,89856.39,110439.513,vest2020_blocks_cd120_cellswing,True,112593.864,92660.565,vest2020_blocks_cd120,,-10.276,9.712,-5.036
TX-29,119266.841,60026.677,vest2020_blocks_cd120_cellswing,True,139874.447,54932.316,vest2020_blocks_cd120,,33.041,43.603,35.925
TX-3,134680.539,219764.829,vest2020_blocks_cd120_cellswing,True,136760.569,195871.848,vest2020_blocks_cd120,,-24.005,-17.771,-22.203
TX-30,180615.457,63259.076,vest2020_blocks_cd120_cellswing,True,208562.717,56390.814,vest2020_blocks_cd120,,48.122,57.433,50.693
TX-31,129317.456,206755.314,vest2020_blocks_cd120_cellswing,True,127211.056,183709.255,vest2020_blocks_cd120,,-23.042,-18.171,-21.581
TX-32,128091.056,187762.503,vest2020_blocks_cd120_cellswing,True,142067.257,174359.45,vest2020_blocks_cd120,,-18.892,-10.205,-16.477
TX-33,135704.224,67107.513,vest2020_blocks_cd120_cellswing,True,163018.988,60822.437,vest2020_blocks_cd120,,33.823,45.656,37.024
TX-34,105665.283,131031.218,vest2020_blocks_cd120_cellswing,True,123605.859,116463.379,vest2020_blocks_cd120,,-10.717,2.975,-7.051
TX-35,132826.869,163410.215,vest2020_blocks_cd120_cellswing,True,141508.632,147045.649,vest2020_blocks_cd120,,-10.324,-1.919,-7.98
TX-36,117131.984,194584.291,vest2020_blocks_cd120_cellswing,True,128115.075,186752.712,vest2020_blocks_cd120,,-24.847,-18.623,-23.048
TX-37,254843.884,68176.356,vest2020_blocks_cd120_cellswing,True,280910.027,62201.816,vest2020_blocks_cd120,,57.788,63.743,59.52
TX-38,133043.958,207474.389,vest2020_blocks_cd120_cellswing,True,142236.214,205126.045,vest2020_blocks_cd120,,-21.858,-18.105,-20.677
TX-4,138468.549,228636.848,vest2020_blocks_cd120_cellswing,True,143872.707,207432.466,vest2020_blocks_cd120,,-24.562,-18.092,-22.702
TX-5,113316.404,176447.802,vest2020_blocks_cd120_cellswing,True,117613.83,163855.496,vest2020_blocks_cd120,,-21.787,-16.429,-20.205
TX-6,115492.112,189093.972,vest2020_blocks_cd120_cellswing,True,118514.895,176774.453,vest2020_blocks_cd120,,-24.165,-19.73,-22.813
TX-7,150004.575,94129.215,vest2020_blocks_cd120_cellswing,True,180268.018,92927.572,vest2020_blocks_cd120,,22.887,31.97,25.401
TX-8,115487.161,196356.802,vest2020_blocks_cd120_cellswing,True,115160.606,167933.751,vest2020_blocks_cd120,,-25.933,-18.642,-23.867
TX-9,80575.56,116633.922,vest2020_blocks_cd120_cellswing,True,93940.887,111907.96,vest2020_blocks_cd120,,-18.284,-8.728,-15.652
UT-1,201421.002,123020.055,vest2020_blocks_cd120_cellswing,True,214982.392,127379.402,vest2020_blocks_cd120,,24.165,25.588,24.764
UT-2,125217.642,232096.241,vest2020_blocks_cd120_cellswing,True,119335.791,230693.074,vest2020_blocks_cd120,,-29.912,-31.814,-30.144
UT-3,111208.142,274019.802,vest2020_blocks_cd120_cellswing,True,104464.202,257820.101,vest2020_blocks_cd120,,-42.264,-42.33,-42.037
UT-4,124535.074,254281.042,vest2020_blocks_cd120_cellswing,True,121499.615,249246.423,vest2020_blocks_cd120,,-34.25,-34.457,-34.059
VA-1,226772.547,250555.654,medsl2024_cd_labels,False,210441.066,241696.725,vest2020_areal_cd119,0.0,-4.983,-6.913,-5.222
VA-10,220988.812,185554.685,medsl2024_cd_labels,False,240443.665,163264.777,vest2020_areal_cd119,0.0,8.716,19.117,11.559
VA-11,273145.49,130534.395,medsl2024_cd_labels,False,293174.588,120355.624,vest2020_areal_cd119,0.0,35.328,41.791,37.187
VA-2,203251.532,204074.112,medsl2024_cd_labels,False,202693.467,194546.259,vest2020_areal_cd119,0.0,-0.202,2.051,0.604
VA-3,213055.868,102398.575,medsl2024_cd_labels,False,229402.153,101128.926,vest2020_areal_cd119,0.0,35.079,38.808,36.254
VA-4,251265.664,126360.592,medsl2024_cd_labels,False,264462.922,123782.24,vest2020_areal_cd119,0.0,33.076,36.235,34.109
VA-5,191726.22,246044.814,medsl2024_cd_labels,False,195615.312,231965.195,vest2020_areal_cd119,0.0,-12.408,-8.501,-11.188
VA-6,154374.706,252672.929,medsl2024_cd_labels,False,151330.197,239857.301,vest2020_areal_cd119,0.0,-24.149,-22.63,-23.526
VA-7,203296.362,192226.773,medsl2024_cd_labels,False,206329.618,178817.337,vest2020_areal_cd119,0.0,2.799,7.143,4.128
VA-8,285337.749,93077.775,medsl2024_cd_labels,False,305812.896,84769.304,vest2020_areal_cd119,0.0,50.807,56.593,52.496
VA-9,112180.05,291584.695,medsl2024_cd_labels,False,113487.612,281941.81,vest2020_areal_cd119,0.0,-44.433,-42.6,-43.732
VT-1,235791.0,119395.0,mit_state,False,242820.0,112704.0,mit_state,,32.77,36.598,33.97
WA-1,238936.196,123297.343,medsl2024_cd_labels,False,250539.688,130248.759,vest2020_areal_cd119,0.0,31.924,31.59,32.083
WA-10,204685.0,140451.0,medsl2024_cd_labels,False,216638.711,149602.457,vest2020_areal_cd119,0.0,18.611,18.304,18.777
WA-2,253790.0,153954.0,medsl2024_cd_labels,False,262977.755,162795.173,vest2020_areal_cd119,0.0,24.485,23.53,24.489
WA-3,197904.0,211683.0,medsl2024_cd_labels,False,195986.888,213679.44,vest2020_areal_cd119,0.0,-3.364,-4.319,-3.36
WA-4,118383.0,182271.0,medsl2024_cd_labels,False,130036.404,184638.449,vest2020_areal_cd119,0.0,-21.25,-17.352,-20.032
WA-5,173906.0,217311.0,medsl2024_cd_labels,False,180896.215,222426.711,vest2020_areal_cd119,0.0,-11.095,-10.297,-10.652
WA-6,251204.0,167714.0,medsl2024_cd_labels,False,253601.539,177172.73,vest2020_areal_cd119,0.0,19.93,17.742,19.626
WA-7,330380.119,100070.806,medsl2024_cd_labels,False,396780.279,51399.889,vest2020_areal_cd119,0.0,53.504,77.063,59.637
WA-8,254416.757,164880.55,medsl2024_cd_labels,False,227718.386,198382.635,vest2020_areal_cd119,0.0,21.354,6.885,17.98
WA-9,219795.928,66575.3,medsl2024_cd_labels,False,254213.534,94099.833,vest2020_areal_cd119,0.0,53.504,45.968,51.863
WI-1,189560.0,207736.0,medsl2024_cd_labels,False,189955.476,197860.484,vest2020_areal_cd119,0.0,-4.575,-2.038,-3.698
WI-2,324784.0,136735.0,medsl2024_cd_labels,False,310949.868,125996.654,vest2020_areal_cd119,0.0,40.746,42.329,41.384
WI-3,191708.0,222857.0,medsl2024_cd_labels,False,185070.363,203580.326,vest2020_areal_cd119,0.0,-7.514,-4.763,-6.583
WI-4,258176.0,80483.0,medsl2024_cd_labels,False,260029.954,78211.432,vest2020_areal_cd119,0.0,52.47,53.754,53.034
WI-5,183713.0,290101.0,medsl2024_cd_labels,False,176139.206,282526.579,vest2020_areal_cd119,0.0,-22.454,-23.195,-22.396
WI-6,175452.0,245778.0,medsl2024_cd_labels,False,171964.586,237128.714,vest2020_areal_cd119,0.0,-16.695,-15.929,-16.261
WI-7,167604.0,266844.0,medsl2024_cd_labels,False,165867.654,250183.919,vest2020_areal_cd119,0.0,-22.843,-20.266,-21.956
WI-8,177232.0,247092.0,medsl2024_cd_labels,False,170887.555,234693.502,vest2020_areal_cd119,0.0,-16.464,-15.732,-16.038
WV-1,98066.0,259831.0,medsl2024_cd_labels,False,112946.933,273522.645,vest2020_areal_cd119,0.0,-45.199,-41.549,-44.043
WV-2,116243.0,273725.0,medsl2024_cd_labels,False,123036.999,271858.997,vest2020_areal_cd119,0.0,-40.383,-37.686,-39.466
WY-1,69527.0,192633.0,mit_state,False,73491.0,193559.0,mit_state,,-46.958,-44.961,-46.216
