seat,sh_wnh,college,sh_wnc
AK-1,0.62964,0.3167,0.43023
AL-1,0.68462,0.27623,0.49551
AL-2,0.53023,0.24665,0.39945
AL-3,0.74362,0.24071,0.56463
AL-4,0.86005,0.21416,0.67586
AL-5,0.72325,0.36058,0.46246
AL-6,0.73241,0.38937,0.44723
AL-7,0.43444,0.25334,0.32438
AR-1,0.77056,0.1838,0.62894
AR-2,0.71549,0.33302,0.47722
AR-3,0.71649,0.32099,0.4865
AR-4,0.72219,0.19104,0.58422
AZ-1,0.75463,0.52443,0.35888
AZ-2,0.6054,0.26265,0.44639
AZ-3,0.28887,0.20488,0.22968
AZ-4,0.63209,0.39141,0.38468
AZ-5,0.71219,0.4087,0.42111
AZ-6,0.67278,0.39177,0.40921
AZ-7,0.36516,0.22352,0.28354
AZ-8,0.70652,0.33109,0.4726
AZ-9,0.63258,0.2293,0.48753
CA-1,0.69095,0.28932,0.49104
CA-10,0.54829,0.53024,0.25757
CA-11,0.45104,0.64074,0.16204
CA-12,0.38997,0.54084,0.17906
CA-13,0.29099,0.13651,0.25126
CA-14,0.30925,0.50851,0.15199
CA-15,0.33806,0.4925,0.17156
CA-16,0.48706,0.62672,0.18181
CA-17,0.2848,0.63533,0.10386
CA-18,0.28226,0.23815,0.21504
CA-19,0.55327,0.47802,0.2888
CA-2,0.76465,0.40465,0.45524
CA-20,0.51335,0.26193,0.37888
CA-21,0.26916,0.17647,0.22166
CA-22,0.22076,0.11257,0.19591
CA-23,0.44007,0.19656,0.35357
CA-24,0.59462,0.39198,0.36154
CA-25,0.36701,0.22298,0.28517
CA-26,0.50855,0.38768,0.3114
CA-27,0.35938,0.29371,0.25383
CA-28,0.30782,0.46749,0.16392
CA-29,0.28299,0.25624,0.21047
CA-3,0.63928,0.38514,0.39307
CA-30,0.57999,0.51491,0.28135
CA-31,0.21687,0.29286,0.15336
CA-32,0.57519,0.5169,0.27787
CA-33,0.2265,0.22814,0.17482
CA-34,0.16388,0.2944,0.11563
CA-35,0.22328,0.27423,0.16205
CA-36,0.58168,0.66962,0.19218
CA-37,0.17833,0.29607,0.12554
CA-38,0.17011,0.28352,0.12188
CA-39,0.24305,0.19804,0.19491
CA-4,0.58165,0.33605,0.38619
CA-40,0.50498,0.37526,0.31548
CA-41,0.2649,0.29481,0.1868
CA-42,0.51964,0.45435,0.28354
CA-43,0.098456,0.22452,0.076351
CA-44,0.11463,0.18857,0.093015
CA-45,0.24931,0.34491,0.16332
CA-46,0.25215,0.24122,0.19133
CA-47,0.52619,0.61282,0.20373
CA-48,0.49657,0.32082,0.33726
CA-49,0.6219,0.5662,0.26978
CA-5,0.61423,0.28968,0.4363
CA-50,0.60617,0.55893,0.26737
CA-51,0.55767,0.41177,0.32804
CA-52,0.21665,0.25592,0.16121
CA-6,0.56167,0.34806,0.36618
CA-7,0.46379,0.36317,0.29536
CA-8,0.3745,0.32731,0.25193
CA-9,0.32363,0.24216,0.24526
CO-1,0.63042,0.56533,0.27402
CO-2,0.81339,0.59584,0.32874
CO-3,0.72312,0.33333,0.48208
CO-4,0.79359,0.48212,0.41099
CO-5,0.70715,0.42016,0.41003
CO-6,0.64943,0.45343,0.35496
CO-7,0.79418,0.49568,0.40052
CO-8,0.61028,0.30024,0.42705
CT-1,0.63007,0.39449,0.38151
CT-2,0.82446,0.39638,0.49766
CT-3,0.66888,0.40576,0.39747
CT-4,0.64076,0.53789,0.2961
CT-5,0.68755,0.39172,0.41823
DE-1,0.65021,0.35765,0.41766
FL-1,0.73767,0.32168,0.50038
FL-10,0.38449,0.33997,0.25378
FL-11,0.64009,0.37914,0.39741
FL-12,0.62067,0.34086,0.40911
FL-13,0.77796,0.34481,0.50972
FL-14,0.57682,0.38168,0.35666
FL-15,0.65166,0.28117,0.46844
FL-16,0.73415,0.35599,0.47281
FL-17,0.79993,0.33562,0.53146
FL-18,0.56019,0.24613,0.42231
FL-19,0.76037,0.36319,0.48421
FL-2,0.66428,0.31654,0.45401
FL-20,0.30621,0.28864,0.21782
FL-21,0.68676,0.36335,0.43722
FL-22,0.52375,0.4142,0.30681
FL-23,0.51292,0.3321,0.34258
FL-24,0.12583,0.2433,0.095212
FL-25,0.60675,0.49092,0.30888
FL-26,0.15012,0.35509,0.096815
FL-27,0.18792,0.43593,0.106
FL-28,0.18048,0.30511,0.12542
FL-3,0.68803,0.29072,0.48801
FL-4,0.56366,0.27157,0.41059
FL-5,0.69116,0.46323,0.37099
FL-6,0.75388,0.25635,0.56062
FL-7,0.65449,0.36893,0.41303
FL-8,0.69329,0.36153,0.44264
FL-9,0.51586,0.3039,0.35909
GA-1,0.60751,0.2911,0.43066
GA-10,0.6448,0.29735,0.45307
GA-11,0.73504,0.42167,0.42509
GA-12,0.54563,0.24576,0.41153
GA-13,0.28205,0.32086,0.19155
GA-14,0.752,0.28075,0.54087
GA-2,0.42782,0.21745,0.33479
GA-3,0.6729,0.30136,0.47011
GA-4,0.25788,0.39099,0.15706
GA-5,0.3517,0.49755,0.17671
GA-6,0.33666,0.47548,0.17658
GA-7,0.71824,0.58134,0.3007
GA-8,0.61182,0.23336,0.46905
GA-9,0.69275,0.31991,0.47113
HI-1,0.17013,0.39928,0.1022
HI-2,0.31191,0.32248,0.21133
IA-1,0.87488,0.32778,0.58811
IA-2,0.90413,0.29186,0.64025
IA-3,0.85346,0.36717,0.5401
IA-4,0.88328,0.26796,0.6466
ID-1,0.83822,0.30008,0.58668
ID-2,0.83379,0.33775,0.55218
IL-1,0.38351,0.32492,0.2589
IL-10,0.66784,0.47,0.35395
IL-11,0.70789,0.45754,0.384
IL-12,0.89074,0.2443,0.67313
IL-13,0.72262,0.32238,0.48966
IL-14,0.65179,0.34202,0.42887
IL-15,0.9141,0.26134,0.67522
IL-16,0.87713,0.31255,0.60299
IL-17,0.75692,0.24821,0.56904
IL-2,0.38602,0.24767,0.29042
IL-3,0.48962,0.37652,0.30527
IL-4,0.31567,0.24767,0.23749
IL-5,0.7484,0.65824,0.25578
IL-6,0.73784,0.4396,0.41348
IL-7,0.34794,0.47888,0.18132
IL-8,0.6283,0.39934,0.3774
IL-9,0.65957,0.56137,0.28931
IN-1,0.64747,0.26654,0.47489
IN-2,0.82506,0.24982,0.61894
IN-3,0.85221,0.25533,0.63461
IN-4,0.8664,0.3175,0.59132
IN-5,0.85485,0.40766,0.50636
IN-6,0.86974,0.28631,0.62073
IN-7,0.54928,0.36339,0.34968
IN-8,0.90585,0.23235,0.69537
IN-9,0.90594,0.27455,0.65722
KS-1,0.81417,0.30377,0.56685
KS-2,0.76622,0.28017,0.55155
KS-3,0.81764,0.5221,0.39075
KS-4,0.76649,0.30826,0.53021
KY-1,0.87385,0.20971,0.69059
KY-2,0.88,0.23819,0.67039
KY-3,0.69167,0.36128,0.44178
KY-4,0.90672,0.31896,0.61751
KY-5,0.94566,0.15964,0.79469
KY-6,0.84693,0.36667,0.53638
LA-1,0.73165,0.35491,0.47198
LA-2,0.30799,0.27238,0.2241
LA-3,0.65659,0.23836,0.50008
LA-4,0.61856,0.2178,0.48384
LA-5,0.60651,0.20747,0.48067
LA-6,0.66227,0.32831,0.44484
MA-1,0.74823,0.32386,0.50591
MA-2,0.78615,0.46531,0.42034
MA-3,0.6947,0.39963,0.41708
MA-4,0.82975,0.49932,0.41544
MA-5,0.73234,0.61365,0.28294
MA-6,0.82446,0.49953,0.41262
MA-7,0.48095,0.49842,0.24124
MA-8,0.72499,0.52812,0.34211
MA-9,0.87466,0.42607,0.502
MD-1,0.76332,0.35086,0.49551
MD-2,0.64668,0.46203,0.3479
MD-3,0.63387,0.5283,0.29899
MD-4,0.13796,0.33683,0.091493
MD-5,0.45528,0.42017,0.26398
MD-6,0.67642,0.4079,0.40051
MD-7,0.33409,0.32493,0.22553
MD-8,0.51668,0.63927,0.18638
ME-1,0.91279,0.43866,0.51238
ME-2,0.93148,0.28378,0.66715
MI-1,0.90895,0.28256,0.65212
MI-10,0.75317,0.3046,0.52375
MI-11,0.72762,0.50767,0.35823
MI-12,0.4747,0.27351,0.34487
MI-13,0.41038,0.22605,0.31762
MI-2,0.8941,0.2264,0.69167
MI-3,0.77108,0.38472,0.47443
MI-4,0.80467,0.33293,0.53677
MI-5,0.87863,0.23677,0.67059
MI-6,0.74464,0.52563,0.35324
MI-7,0.84086,0.37647,0.5243
MI-8,0.77004,0.2489,0.57838
MI-9,0.90226,0.29222,0.6386
MN-1,0.87735,0.32041,0.59624
MN-2,0.81196,0.43609,0.45787
MN-3,0.78531,0.51791,0.37859
MN-4,0.71504,0.47523,0.37523
MN-5,0.69398,0.51115,0.33926
MN-6,0.87742,0.35734,0.56388
MN-7,0.91384,0.25295,0.68269
MN-8,0.89997,0.28324,0.64506
MO-1,0.47136,0.38038,0.29206
MO-2,0.87045,0.46107,0.46911
MO-3,0.8652,0.38088,0.53566
MO-4,0.83483,0.33484,0.55529
MO-5,0.72842,0.24035,0.55334
MO-6,0.85599,0.30511,0.59482
MO-7,0.87987,0.2768,0.63632
MO-8,0.88969,0.20679,0.70571
MS-1,0.66605,0.24564,0.50244
MS-2,0.33855,0.21803,0.26474
MS-3,0.61316,0.28694,0.43722
MS-4,0.70034,0.25409,0.52239
MT-1,0.87426,0.38797,0.53507
MT-2,0.85134,0.31413,0.58391
NC-1,0.60526,0.24144,0.45913
NC-10,0.72743,0.32894,0.48814
NC-11,0.87976,0.35735,0.56538
NC-12,0.43467,0.44817,0.23986
NC-13,0.67937,0.31339,0.46646
NC-14,0.72666,0.35434,0.46917
NC-2,0.60622,0.54137,0.27803
NC-3,0.58681,0.24032,0.44579
NC-4,0.60949,0.61419,0.23515
NC-5,0.7426,0.27899,0.53542
NC-6,0.68796,0.30117,0.48077
NC-7,0.7021,0.33072,0.4699
NC-8,0.65512,0.3483,0.42694
NC-9,0.63852,0.28673,0.45544
ND-1,0.86632,0.32693,0.58309
NE-1,0.84146,0.36496,0.53436
NE-2,0.77463,0.42391,0.44625
NE-3,0.86861,0.24968,0.65173
NH-1,0.89866,0.41528,0.52547
NH-2,0.90161,0.39764,0.54309
NJ-1,0.65293,0.36098,0.41724
NJ-10,0.21672,0.32783,0.14567
NJ-11,0.67412,0.59172,0.27523
NJ-12,0.49142,0.48783,0.25169
NJ-2,0.70653,0.31319,0.48526
NJ-3,0.68016,0.4621,0.36586
NJ-4,0.83623,0.40333,0.49895
NJ-5,0.6363,0.54964,0.28657
NJ-6,0.52041,0.42707,0.29816
NJ-7,0.74896,0.54988,0.33712
NJ-8,0.33505,0.41323,0.1966
NJ-9,0.44888,0.33946,0.2965
NM-1,0.50134,0.39421,0.30371
NM-2,0.34612,0.24448,0.2615
NM-3,0.40285,0.28282,0.28892
NV-1,0.49189,0.25733,0.36531
NV-2,0.7056,0.29381,0.49829
NV-3,0.48815,0.34742,0.31856
NV-4,0.44691,0.21156,0.35237
NY-1,0.77762,0.46496,0.41605
NY-10,0.55615,0.61493,0.21416
NY-11,0.58279,0.36605,0.36946
NY-12,0.69387,0.80202,0.13737
NY-13,0.19102,0.36124,0.12201
NY-14,0.23264,0.29318,0.16444
NY-15,0.11195,0.22383,0.086895
NY-16,0.45325,0.49155,0.23046
NY-17,0.69525,0.49483,0.35121
NY-18,0.6853,0.36576,0.43465
NY-19,0.84062,0.35297,0.54391
NY-2,0.68014,0.35758,0.43693
NY-20,0.77973,0.42912,0.44513
NY-21,0.90344,0.26209,0.66666
NY-22,0.81723,0.35555,0.52667
NY-23,0.91303,0.30861,0.63126
NY-24,0.90243,0.25913,0.66858
NY-25,0.73519,0.41817,0.42776
NY-26,0.71975,0.35695,0.46283
NY-3,0.60924,0.53292,0.28456
NY-4,0.55043,0.44946,0.30303
NY-5,0.15735,0.28772,0.11208
NY-6,0.32448,0.381,0.20085
NY-7,0.40356,0.44729,0.22305
NY-8,0.29715,0.36344,0.18916
NY-9,0.32521,0.38895,0.19872
OH-1,0.75216,0.42836,0.42996
OH-10,0.75814,0.3226,0.51357
OH-11,0.45473,0.33554,0.30215
OH-12,0.88863,0.32227,0.60225
OH-13,0.79537,0.34815,0.51846
OH-14,0.89031,0.27983,0.64117
OH-15,0.79364,0.32728,0.5339
OH-2,0.93371,0.22264,0.72583
OH-3,0.61867,0.44527,0.3432
OH-4,0.88854,0.24152,0.67394
OH-5,0.85152,0.24758,0.6407
OH-6,0.88644,0.20177,0.70759
OH-7,0.88425,0.37767,0.5503
OH-8,0.77804,0.3521,0.50409
OH-9,0.79016,0.27769,0.57074
OK-1,0.67787,0.333,0.45214
OK-2,0.67188,0.1992,0.53804
OK-3,0.70017,0.22252,0.54437
OK-4,0.70775,0.27881,0.51042
OK-5,0.69026,0.38144,0.42697
OR-1,0.7277,0.47798,0.37987
OR-2,0.8164,0.24492,0.61645
OR-3,0.71254,0.4138,0.41769
OR-4,0.83286,0.32724,0.56031
OR-5,0.83612,0.39016,0.5099
OR-6,0.75085,0.35147,0.48695
PA-1,0.83624,0.44888,0.46086
PA-10,0.76657,0.34684,0.50069
PA-11,0.8499,0.30908,0.58721
PA-12,0.78126,0.41932,0.45367
PA-13,0.91959,0.22421,0.71341
PA-14,0.92486,0.27017,0.67499
PA-15,0.92652,0.25251,0.69257
PA-16,0.90402,0.29969,0.63309
PA-17,0.86443,0.45006,0.47538
PA-2,0.42606,0.28136,0.30619
PA-3,0.35354,0.43614,0.19935
PA-4,0.79759,0.49192,0.40524
PA-5,0.64161,0.42171,0.37104
PA-6,0.7672,0.48694,0.39361
PA-7,0.74405,0.32851,0.49962
PA-8,0.79468,0.27311,0.57765
PA-9,0.89694,0.23325,0.68772
RI-1,0.72036,0.38304,0.44443
RI-2,0.80276,0.37197,0.50416
SC-1,0.7263,0.43082,0.4134
SC-2,0.64398,0.36183,0.41097
SC-3,0.75743,0.26089,0.55982
SC-4,0.69998,0.36241,0.4463
SC-5,0.67622,0.29474,0.47691
SC-6,0.45853,0.29442,0.32353
SC-7,0.68578,0.2442,0.51831
SD-1,0.8499,0.31902,0.57876
TN-1,0.92033,0.23236,0.70648
TN-2,0.87489,0.34423,0.57372
TN-3,0.81976,0.29287,0.57968
TN-4,0.73058,0.3068,0.50644
TN-5,0.65658,0.2826,0.47103
TN-6,0.8156,0.34122,0.5373
TN-7,0.76826,0.36563,0.48736
TN-8,0.63753,0.34113,0.42005
TN-9,0.61457,0.28976,0.43649
TX-1,0.66349,0.23719,0.50612
TX-10,0.66524,0.43331,0.37698
TX-11,0.53301,0.32382,0.36041
TX-12,0.60212,0.30985,0.41555
TX-13,0.65536,0.2655,0.48137
TX-14,0.55081,0.3212,0.37389
TX-15,0.20873,0.19309,0.16843
TX-16,0.141,0.269,0.10307
TX-17,0.6209,0.3455,0.40638
TX-18,0.16693,0.3127,0.11473
TX-19,0.5613,0.25296,0.41931
TX-2,0.54613,0.40876,0.32289
TX-20,0.20022,0.21656,0.15686
TX-21,0.58834,0.44295,0.32773
TX-22,0.46716,0.4529,0.25558
TX-23,0.34771,0.34964,0.22613
TX-24,0.66974,0.53516,0.31132
TX-25,0.54451,0.27721,0.39357
TX-26,0.62736,0.45518,0.3418
TX-27,0.51113,0.28064,0.36769
TX-28,0.11121,0.19413,0.089618
TX-29,0.17005,0.18925,0.13787
TX-3,0.61759,0.43506,0.3489
TX-30,0.17697,0.2493,0.13285
TX-31,0.58358,0.34803,0.38048
TX-32,0.57614,0.39199,0.3503
TX-33,0.33313,0.33427,0.22177
TX-34,0.23137,0.23711,0.17651
TX-35,0.35914,0.24552,0.27097
TX-36,0.51951,0.28474,0.37159
TX-37,0.52475,0.55014,0.23606
TX-38,0.54257,0.50646,0.26778
TX-4,0.65927,0.51304,0.32103
TX-5,0.55488,0.26777,0.4063
TX-6,0.55641,0.31177,0.38294
TX-7,0.38386,0.49132,0.19526
TX-8,0.48768,0.32881,0.32732
TX-9,0.33483,0.14025,0.28787
UT-1,0.72235,0.37192,0.45369
UT-2,0.83368,0.35061,0.54139
UT-3,0.8483,0.37445,0.53065
UT-4,0.85261,0.41024,0.50284
VA-1,0.74443,0.47618,0.38995
VA-10,0.60349,0.5587,0.26632
VA-11,0.5559,0.68306,0.17619
VA-2,0.61933,0.38469,0.38108
VA-3,0.42859,0.30152,0.29936
VA-4,0.46288,0.32949,0.31036
VA-5,0.71966,0.34165,0.47379
VA-6,0.83105,0.28752,0.59211
VA-7,0.56694,0.37761,0.35286
VA-8,0.57701,0.65802,0.19733
VA-9,0.88845,0.23972,0.67547
VT-1,0.91691,0.43788,0.51541
WA-1,0.69861,0.53124,0.32748
WA-10,0.66314,0.31978,0.45108
WA-2,0.76214,0.36837,0.48139
WA-3,0.8086,0.28925,0.57471
WA-4,0.64295,0.24044,0.48836
WA-5,0.83319,0.31711,0.56898
WA-6,0.77397,0.35118,0.50216
WA-7,0.68993,0.66519,0.231
WA-8,0.75972,0.42225,0.43893
WA-9,0.49317,0.41889,0.28659
WI-1,0.80689,0.30927,0.55734
WI-2,0.85204,0.48402,0.43964
WI-3,0.92166,0.28426,0.65967
WI-4,0.49692,0.34155,0.3272
WI-5,0.89145,0.40866,0.52715
WI-6,0.89875,0.28651,0.64125
WI-7,0.92173,0.2614,0.68079
WI-8,0.88589,0.29726,0.62256
WV-1,0.92042,0.22137,0.71667
WV-2,0.90506,0.26103,0.66881
WY-1,0.85191,0.30555,0.59161
