seat,hh,sh_oil
AK-1,2.7053e+05,0.27649
AL-1,2.8645e+05,0.00097051
AL-2,2.8229e+05,0.0012637
AL-3,2.8364e+05,0.0015865
AL-4,2.8088e+05,0.0017568
AL-5,2.9754e+05,0.00096108
AL-6,2.7857e+05,0.00045476
AL-7,2.8787e+05,0.0017478
AR-1,2.9629e+05,0.0014182
AR-2,3.1614e+05,0.0012805
AR-3,2.9834e+05,0.00069558
AR-4,2.9521e+05,0.00115
AZ-1,3.6184e+05,0.00072034
AZ-2,3.1785e+05,0.0016876
AZ-3,2.6477e+05,0.0013581
AZ-4,3.2464e+05,0.0010436
AZ-5,3.0061e+05,0.0012375
AZ-6,3.4695e+05,0.00036766
AZ-7,2.9309e+05,0.00095893
AZ-8,3.2135e+05,0.0010173
AZ-9,3.2499e+05,0.0012464
CA-1,2.8948e+05,0.021356
CA-10,2.7836e+05,0.00063946
CA-11,3.309e+05,0.0013629
CA-12,2.9651e+05,0.0013153
CA-13,2.2112e+05,0.00099922
CA-14,2.4772e+05,0.0010253
CA-15,2.5513e+05,0.00055429
CA-16,2.6714e+05,0.0016526
CA-17,2.7232e+05,0.0012419
CA-18,2.179e+05,0.0014471
CA-19,2.6854e+05,0.0012961
CA-2,3.034e+05,0.028746
CA-20,2.608e+05,0.0016649
CA-21,2.3515e+05,0.0014639
CA-22,2.1766e+05,0.0017475
CA-23,2.5528e+05,0.0023712
CA-24,2.7082e+05,0.00055947
CA-25,2.5725e+05,0.000444
CA-26,2.471e+05,0.00089004
CA-27,2.3396e+05,0.00055776
CA-28,2.6986e+05,0.0012595
CA-29,2.3792e+05,0.0017737
CA-3,2.93e+05,0.002002
CA-30,3.3548e+05,0.0010849
CA-31,2.2244e+05,0.0010706
CA-32,2.9672e+05,0.00054285
CA-33,2.2541e+05,0.0010013
CA-34,2.7223e+05,0.0013579
CA-35,2.279e+05,0.0012417
CA-36,3.1818e+05,0.00079675
CA-37,2.5719e+05,0.0007827
CA-38,2.1985e+05,0.00065325
CA-39,2.077e+05,0.00033889
CA-4,2.7501e+05,0.0015575
CA-40,2.5263e+05,0.00067673
CA-41,2.3401e+05,0.0011506
CA-42,3.041e+05,0.00052305
CA-43,2.3284e+05,0.0016264
CA-44,2.1751e+05,0.00062451
CA-45,2.2918e+05,0.00071393
CA-46,2.1824e+05,0.00078314
CA-47,2.8321e+05,0.0021607
CA-48,2.6167e+05,0.00060133
CA-49,2.6565e+05,0.00097856
CA-5,2.7887e+05,0.0052995
CA-50,2.9706e+05,0.00089261
CA-51,2.9434e+05,0.00074757
CA-52,2.3271e+05,0.00081492
CA-6,2.8003e+05,0.00025279
CA-7,2.7233e+05,0.0020037
CA-8,2.673e+05,0.0011768
CA-9,2.41e+05,0.00077661
CO-1,3.3841e+05,0.0014391
CO-2,3.034e+05,0.0021708
CO-3,3.0745e+05,0.0021389
CO-4,2.8391e+05,0.0014833
CO-5,2.8691e+05,0.00074957
CO-6,2.8426e+05,0.00080334
CO-7,3.0497e+05,0.00072971
CO-8,2.6491e+05,0.00044426
CT-1,2.9776e+05,0.26682
CT-2,2.8986e+05,0.53037
CT-3,2.9029e+05,0.31367
CT-4,2.6985e+05,0.3046
CT-5,2.8624e+05,0.39653
DE-1,4.0204e+05,0.088116
FL-1,3.0957e+05,0.00078172
FL-10,2.9762e+05,0.0023766
FL-11,3.157e+05,0.0011856
FL-12,3.1493e+05,0.00055301
FL-13,3.3724e+05,0.0013115
FL-14,3.091e+05,0.0011458
FL-15,3.2315e+05,0.00097692
FL-16,3.4133e+05,0.0010862
FL-17,3.6228e+05,0.00047915
FL-18,3.0632e+05,0.001642
FL-19,3.3861e+05,0.00080509
FL-2,3.1546e+05,0.0014677
FL-20,3.0277e+05,0.0012505
FL-21,3.2174e+05,0.001523
FL-22,2.8173e+05,0.0012065
FL-23,3.1156e+05,0.0016129
FL-24,2.7887e+05,0.0010316
FL-25,3.453e+05,0.0018817
FL-26,2.6952e+05,0.0016154
FL-27,2.9763e+05,0.0027482
FL-28,2.5334e+05,0.0018
FL-3,3.1409e+05,0.0015187
FL-4,3.0986e+05,0.0039907
FL-5,3.26e+05,0.0012068
FL-6,3.4238e+05,0.001492
FL-7,3.1432e+05,0.00095763
FL-8,3.0961e+05,0.00073318
FL-9,3.0278e+05,0.0014748
GA-1,3.0103e+05,0.0010597
GA-10,2.9177e+05,0.0020455
GA-11,2.89e+05,0.0022265
GA-12,2.8071e+05,0.0016606
GA-13,2.6578e+05,0.0011863
GA-14,2.8044e+05,0.0014977
GA-2,2.917e+05,0.0013464
GA-3,2.8983e+05,0.0019028
GA-4,2.8097e+05,0.0013682
GA-5,3.283e+05,0.00093861
GA-6,3.1933e+05,0.00086846
GA-7,2.8752e+05,0.0015234
GA-8,2.8772e+05,0.00096969
GA-9,2.8027e+05,0.0028014
HI-1,2.5399e+05,0.00075987
HI-2,2.3846e+05,0.00036484
IA-1,3.2831e+05,0.0024672
IA-2,3.3176e+05,0.004437
IA-3,3.329e+05,0.0012106
IA-4,3.2274e+05,0.0056423
ID-1,3.6347e+05,0.013501
ID-2,3.4954e+05,0.011283
IL-1,2.9349e+05,0.0011903
IL-10,2.7533e+05,0.00056979
IL-11,2.8184e+05,0.00076913
IL-12,3.0416e+05,0.0016921
IL-13,3.1546e+05,0.0013335
IL-14,2.7112e+05,0.0011469
IL-15,3.0671e+05,0.0015056
IL-16,3.0542e+05,0.0022514
IL-17,3.1667e+05,0.0011158
IL-2,2.9575e+05,0.0010139
IL-3,2.7437e+05,0.00081667
IL-4,2.4487e+05,0.0006033
IL-5,3.3648e+05,0.0018213
IL-6,2.9271e+05,0.00098231
IL-7,3.358e+05,0.0011592
IL-8,2.7582e+05,0.00075188
IL-9,3.1045e+05,0.0016213
IN-1,2.9647e+05,0.0020811
IN-2,2.85e+05,0.0031723
IN-3,3.0025e+05,0.0066067
IN-4,2.9923e+05,0.0062281
IN-5,3.0517e+05,0.0034564
IN-6,2.9869e+05,0.010047
IN-7,3.146e+05,0.001744
IN-8,3.0864e+05,0.0053921
IN-9,3.0797e+05,0.0090048
KS-1,2.9341e+05,0.0026911
KS-2,2.9258e+05,0.001795
KS-3,2.9836e+05,0.00034908
KS-4,2.8971e+05,0.0018434
KY-1,3.0034e+05,0.0028934
KY-2,3.0006e+05,0.003527
KY-3,3.1813e+05,0.0020516
KY-4,2.9209e+05,0.014045
KY-5,2.946e+05,0.015071
KY-6,3.0925e+05,0.0035792
LA-1,3.0795e+05,0.0014429
LA-2,3.0052e+05,0.00060104
LA-3,3.0192e+05,0.00023452
LA-4,3.0243e+05,0.00064148
LA-5,2.8866e+05,0.0018368
LA-6,3.0331e+05,0.00048805
MA-1,3.1821e+05,0.28435
MA-2,3.0282e+05,0.33393
MA-3,2.9342e+05,0.19649
MA-4,3.0329e+05,0.26616
MA-5,3.0601e+05,0.17874
MA-6,3.0519e+05,0.25556
MA-7,3.0848e+05,0.071194
MA-8,3.2259e+05,0.18852
MA-9,3.2503e+05,0.24324
MD-1,3.058e+05,0.11529
MD-2,3.0165e+05,0.081767
MD-3,2.916e+05,0.069747
MD-4,2.7379e+05,0.024048
MD-5,2.8493e+05,0.083656
MD-6,2.9496e+05,0.089541
MD-7,3.2438e+05,0.037082
MD-8,2.8582e+05,0.021757
ME-1,2.9788e+05,0.53468
ME-2,2.9928e+05,0.57105
MI-1,3.4314e+05,0.014093
MI-10,3.2076e+05,0.00064535
MI-11,3.3182e+05,0.0016772
MI-12,3.0152e+05,0.00083014
MI-13,3.0829e+05,0.00080345
MI-2,3.0162e+05,0.020585
MI-3,3.0351e+05,0.0040946
MI-4,3.0677e+05,0.012069
MI-5,3.0599e+05,0.016278
MI-6,3.0926e+05,0.0034839
MI-7,3.1426e+05,0.015889
MI-8,3.2168e+05,0.0058896
MI-9,3.0773e+05,0.011807
MN-1,2.8884e+05,0.0099077
MN-2,2.755e+05,0.0023204
MN-3,2.8568e+05,0.0025174
MN-4,2.8434e+05,0.0034882
MN-5,3.1155e+05,0.0021265
MN-6,2.6866e+05,0.0070425
MN-7,2.9475e+05,0.035695
MN-8,2.9864e+05,0.036265
MO-1,3.4167e+05,0.0013522
MO-2,3.1028e+05,0.0026877
MO-3,3.0578e+05,0.0011725
MO-4,3.1905e+05,0.0025926
MO-5,3.0922e+05,0.00086798
MO-6,3.0393e+05,0.0018081
MO-7,3.1644e+05,0.00062996
MO-8,3.0185e+05,0.0019383
MS-1,2.881e+05,0.00097883
MS-2,2.8118e+05,0.0010368
MS-3,2.84e+05,0.001051
MS-4,2.9215e+05,0.00084545
MT-1,2.3283e+05,0.0077761
MT-2,2.2603e+05,0.0050989
NC-1,3.1467e+05,0.013319
NC-10,3.0849e+05,0.029741
NC-11,3.1046e+05,0.080738
NC-12,3.1862e+05,0.0020984
NC-13,2.9078e+05,0.0054896
NC-14,3.0442e+05,0.018127
NC-2,3.1445e+05,0.0015431
NC-3,2.9997e+05,0.0048587
NC-4,3.0433e+05,0.0023401
NC-5,3.0645e+05,0.058293
NC-6,3.0502e+05,0.024672
NC-7,3.2408e+05,0.0048787
NC-8,2.7846e+05,0.016033
NC-9,3.0213e+05,0.015605
ND-1,3.3106e+05,0.018706
NE-1,2.6554e+05,0.0025623
NE-2,2.6504e+05,0.0016625
NE-3,2.6727e+05,0.0053878
NH-1,2.8112e+05,0.39496
NH-2,2.747e+05,0.39582
NJ-1,2.9944e+05,0.049982
NJ-10,2.8991e+05,0.039606
NJ-11,2.8883e+05,0.083269
NJ-12,2.8293e+05,0.039181
NJ-2,3.078e+05,0.091417
NJ-3,2.9307e+05,0.057255
NJ-4,2.9326e+05,0.038441
NJ-5,2.8701e+05,0.093966
NJ-6,2.8324e+05,0.033226
NJ-7,2.9839e+05,0.18877
NJ-8,3.0903e+05,0.021145
NJ-9,2.7479e+05,0.031332
NM-1,3.0633e+05,0.0008081
NM-2,2.5984e+05,0.0018855
NM-3,2.7124e+05,0.0016868
NV-1,2.9194e+05,0.00086096
NV-2,3.133e+05,0.012814
NV-3,3.1508e+05,0.0017921
NV-4,2.8228e+05,0.0014999
NY-1,2.7448e+05,0.45663
NY-10,3.1291e+05,0.092686
NY-11,2.654e+05,0.055999
NY-12,3.833e+05,0.13493
NY-13,3.1097e+05,0.21294
NY-14,2.66e+05,0.17314
NY-15,2.8797e+05,0.18905
NY-16,2.9415e+05,0.19971
NY-17,2.599e+05,0.30481
NY-18,2.9226e+05,0.34048
NY-19,3.1853e+05,0.28524
NY-2,2.2852e+05,0.41965
NY-20,3.3052e+05,0.077773
NY-21,3.2107e+05,0.29105
NY-22,3.1966e+05,0.057029
NY-23,3.2449e+05,0.047219
NY-24,3.2138e+05,0.096541
NY-25,3.2602e+05,0.013194
NY-26,3.3769e+05,0.0082654
NY-3,2.7023e+05,0.25212
NY-4,2.4885e+05,0.23978
NY-5,2.5537e+05,0.077076
NY-6,2.7737e+05,0.10753
NY-7,3.0048e+05,0.060582
NY-8,2.9894e+05,0.049428
NY-9,2.7755e+05,0.084031
OH-1,3.273e+05,0.013408
OH-10,3.3134e+05,0.012462
OH-11,3.5442e+05,0.0011451
OH-12,3.0126e+05,0.020645
OH-13,3.3328e+05,0.0064515
OH-14,3.2822e+05,0.036349
OH-15,3.1825e+05,0.014243
OH-2,3.1222e+05,0.026551
OH-3,3.3179e+05,0.0021999
OH-4,3.1583e+05,0.020229
OH-5,3.2053e+05,0.010497
OH-6,3.2165e+05,0.052715
OH-7,3.2359e+05,0.010621
OH-8,3.1263e+05,0.024241
OH-9,3.3088e+05,0.0052508
OK-1,3.1945e+05,0.00040932
OK-2,3.0912e+05,0.0028411
OK-3,3.0125e+05,0.0028575
OK-4,3.1037e+05,0.0014176
OK-5,3.2218e+05,0.0010713
OR-1,3.0055e+05,0.0099949
OR-2,2.8566e+05,0.023248
OR-3,2.8134e+05,0.019081
OR-4,3.0005e+05,0.006092
OR-5,2.8212e+05,0.009167
OR-6,2.687e+05,0.0069105
PA-1,2.943e+05,0.23489
PA-10,3.1479e+05,0.1381
PA-11,2.98e+05,0.15774
PA-12,3.3665e+05,0.017796
PA-13,3.0909e+05,0.25911
PA-14,3.243e+05,0.16323
PA-15,3.0407e+05,0.16417
PA-16,3.1624e+05,0.060487
PA-17,3.2833e+05,0.026173
PA-2,2.9955e+05,0.026087
PA-3,3.4889e+05,0.027823
PA-4,2.9994e+05,0.16762
PA-5,2.925e+05,0.11199
PA-6,2.9163e+05,0.17757
PA-7,2.9912e+05,0.2186
PA-8,3.0731e+05,0.15234
PA-9,3.1016e+05,0.31698
RI-1,2.2085e+05,0.22236
RI-2,2.2072e+05,0.30892
SC-1,3.055e+05,0.00096269
SC-2,2.9795e+05,0.0020309
SC-3,2.9676e+05,0.0067868
SC-4,3.0433e+05,0.0083071
SC-5,2.9642e+05,0.0073862
SC-6,3.0665e+05,0.003641
SC-7,3.1039e+05,0.0043001
SD-1,3.6554e+05,0.012568
TN-1,3.2295e+05,0.0084657
TN-2,3.2192e+05,0.0024726
TN-3,3.1934e+05,0.0025334
TN-4,3.0183e+05,0.0027962
TN-5,3.0745e+05,0.0015471
TN-6,3.3665e+05,0.0017035
TN-7,3.1931e+05,0.0021
TN-8,2.9735e+05,0.0010399
TN-9,2.9749e+05,0.0018291
TX-1,2.8873e+05,0.0010183
TX-10,3.1048e+05,0.00081253
TX-11,3.1045e+05,0.0010236
TX-12,2.9328e+05,0.00077288
TX-13,2.9105e+05,0.0014499
TX-14,2.9064e+05,0.00060595
TX-15,2.4988e+05,0.00078025
TX-16,2.7076e+05,0.00091975
TX-17,2.9576e+05,0.00082878
TX-18,2.9555e+05,0.00021094
TX-19,2.902e+05,0.00074507
TX-2,2.8567e+05,0.00077677
TX-20,2.8324e+05,0.00058844
TX-21,3.2635e+05,0.00065048
TX-22,2.8518e+05,0.0014018
TX-23,2.6439e+05,0.0010904
TX-24,2.9606e+05,0.00077165
TX-25,2.9565e+05,0.00053639
TX-26,3.0593e+05,0.00077469
TX-27,3.0436e+05,0.0014968
TX-28,2.3856e+05,0.00090136
TX-29,2.6176e+05,0.00084004
TX-3,2.8484e+05,0.0011179
TX-30,2.634e+05,0.00061387
TX-31,3.0347e+05,0.0012056
TX-32,3.0213e+05,0.00024495
TX-33,2.924e+05,0.00069281
TX-34,2.6618e+05,0.0012135
TX-35,2.8054e+05,0.00073436
TX-36,2.904e+05,0.00072314
TX-37,3.5924e+05,0.00081938
TX-38,2.93e+05,0.00071064
TX-4,3.1094e+05,0.00074796
TX-5,2.7955e+05,0.00041054
TX-6,2.778e+05,0.0011016
TX-7,3.1863e+05,0.00092713
TX-8,2.8586e+05,0.0010719
TX-9,2.5049e+05,0.0013839
UT-1,3.033e+05,0.00083499
UT-2,2.7477e+05,0.00077156
UT-3,2.8078e+05,0.0027602
UT-4,2.6598e+05,0.00077732
VA-1,3.1249e+05,0.023638
VA-10,2.6427e+05,0.021918
VA-11,2.8257e+05,0.011001
VA-2,3.0802e+05,0.022894
VA-3,3.1592e+05,0.01191
VA-4,3.2491e+05,0.040286
VA-5,3.1699e+05,0.050687
VA-6,3.1492e+05,0.070369
VA-7,2.7674e+05,0.028082
VA-8,3.2901e+05,0.0098096
VA-9,3.1989e+05,0.054122
VT-1,2.7342e+05,0.38462
WA-1,3.0199e+05,0.0053676
WA-10,2.9395e+05,0.0073591
WA-2,3.1701e+05,0.0095593
WA-3,3.0297e+05,0.0053848
WA-4,2.7431e+05,0.0044028
WA-5,3.1227e+05,0.013422
WA-6,3.2147e+05,0.015912
WA-7,3.6951e+05,0.034124
WA-8,2.8091e+05,0.0090542
WA-9,2.9042e+05,0.017972
WI-1,3.0154e+05,0.0077516
WI-2,3.2631e+05,0.010788
WI-3,3.0348e+05,0.024383
WI-4,3.037e+05,0.0060581
WI-5,3.0838e+05,0.01262
WI-6,3.0979e+05,0.014015
WI-7,3.1652e+05,0.021433
WI-8,3.0976e+05,0.015627
WV-1,3.6016e+05,0.01165
WV-2,3.6849e+05,0.029751
WY-1,2.4332e+05,0.0013439
