state,special,side,name,cand_id,money
AL,False,D,Everett Wess,S6AL00518,80554.62999999999
AL,False,R,Barry Moore,S6AL00476,2659348.41
AK,False,D,Mary Peltola,S6AK00276,13602435.780000001
AK,False,R,Dan J. Sullivan,S4AK00214,3703941.06
AR,False,D,Hallie Shoffner,S6AR00199,2247891.01
AR,False,R,Tom Cotton,S4AR00103,3174164.47
CO,False,D,John Hickenlooper,S0CO00575,5806791.5
CO,False,R,Mark Baisley,S6CO00507,108926.03
DE,False,D,Chris Coons,S0DE00092,1867963.5899999999
DE,False,R,Michael Katz,S6DE00206,69852.0
FL,True,D,Angie Nixon,S6FL00830,625119.49
FL,True,R,Ashley Moody,S6FL00640,4529858.09
GA,False,D,Jon Ossoff,S8GA00180,67764725.10000001
GA,False,R,Mike Collins,S6GA00390,3825462.0399999996
ID,False,R,Jim Risch,S8ID00092,2087383.08
IL,False,D,Juliana Stratton,S6IL00458,4860705.55
IL,False,R,Don Tracy,S6IL00615,2401920.12
IA,False,D,Josh Turek,S6IA00298,5835816.67
IA,False,R,Ashley Hinson,S6IA00314,5267628.55
KS,False,D,Adam Hamilton,S6KS00312,3660011.28
KS,False,R,Roger Marshall,S0KS00315,1676407.8800000001
KY,False,D,Charles Booker,S6KY00385,1074758.8
KY,False,R,Andy Barr,S6KY00286,5594504.869999999
LA,False,D,Jamie Davis,S6LA00615,1979137.21
LA,False,R,Julia Letlow,S6LA00664,1378950.9100000001
ME,False,D,Troy Jackson,S6ME00464,
ME,False,R,Susan Collins,S6ME00159,10501136.6
MA,False,D,Ed Markey,S4MA00028,2118129.33
MA,False,R,John Deaton,S6MA00304,1469301.42
MI,False,D,Abdul El-Sayed,S6MI00418,12106128.879999999
MI,False,R,Mike Rogers,S4MI00595,6486139.95
MN,False,D,Peggy Flanagan,S6MN00440,5825524.85
MN,False,R,Michele Tafoya,S6MN00556,4081054.3400000003
MS,False,D,Scott Colom,S6MS00133,1968920.35
MS,False,R,Cindy Hyde-Smith,S8MS00261,1867446.55
MT,False,D,Alani Bankhead,S6MT00253,52201.77
MT,False,R,Kurt Alme,S6MT00295,1021120.28
NE,False,R,Pete Ricketts,S6NE00129,7520117.32
NH,False,D,Chris Pappas,S6NH00141,11626103.040000001
NH,False,R,John E. Sununu,S6NH00208,2056766.1199999999
NJ,False,D,Cory Booker,S4NJ00185,13880640.98
NJ,False,R,Justin Murphy,S4NJ00532,26415.519999999997
NM,False,D,Ben Ray Luján,S0NM00058,2908105.38
NM,False,R,Larry Marker,S6NM01186,28525.0
NC,False,D,Roy Cooper,S6NC00407,13115398.02
NC,False,R,Michael Whatley,S6NC00415,5464815.38
OH,True,D,Sherrod Brown,S6OH00163,31146133.4
OH,True,R,Jon Husted,S6OH00304,6271015.92
OK,False,D,N'Kiyla Jasmine Thomas,S6OK04163,52017.14
OK,False,R,Kevin Hern,S6OK04247,6161084.73
OR,False,D,Jeff Merkley,S8OR00207,3538521.76
OR,False,R,David Brock Smith,S6OR05218,109688.99
RI,False,D,Jack Reed,S6RI00163,2001604.7900000003
RI,False,R,Raymond McKay,S4RI00051,161461.14
SC,False,D,Annie Andrews,S6SC04239,10677209.93
SC,False,R,Darline Graham,S6SC04437,0.0
SD,False,R,Mike Rounds,S4SD00049,1328191.0
TN,False,D,Marquita Bradshaw,S4TN00542,1502.0700000000002
TN,False,R,Bill Hagerty,S0TN00169,3691766.3100000005
TX,False,D,James Talarico,S6TX00479,65585741.88000001
TX,False,R,Ken Paxton,S6TX00388,9015480.6
VA,False,D,Mark Warner,S6VA00093,9069227.62
VA,False,R,Bert Mizusawa,S8VA00321,340743.0
WV,False,D,Rachel Fetty Anderson,S6WV00188,49813.08
WV,False,R,Shelley Moore Capito,S4WV00159,2458064.75
WY,False,D,James W. Byrd,S6WY00217,19575.92
WY,False,R,Harriet Hageman,S6WY00209,1226678.73
NE,False,C,,S4NE00207,5541908.04
ID,False,C,,S6ID00146,596245.06
SD,False,C,,S6SD01117,775395.77
MT,False,C,,S6MT00287,3143869.5300000003
