seat,party,cand_id,indiv_jun30,self_jun30,n_reports
AL-1,R,H0AL01055,602408.97,0.0,7
AL-1,D,H6AL01094,53423.009999999995,0.0,5
AL-2,D,H4AL02170,438535.85,0.0,7
AL-2,R,H6AL01086,1118607.62,0.0,5
AL-3,D,H6AL03199,60787.05,0.0,5
AL-3,R,H2AL03032,1356433.59,0.0,7
AL-4,R,H6AL04098,523823.01,0.0,7
AL-4,D,H6AL05228,15462.0,0.0,4
AL-5,D,H6AL05244,618618.06,20000.0,7
AL-5,R,H2AL05102,687028.52,0.0,7
AL-6,D,H6AL06184,4180.0,0.0,1
AL-6,R,H4AL06098,529631.2,0.0,7
AL-7,R,H6AL07208,38700.04,100000.0,1
AL-7,D,H0AL07086,354425.62,0.0,7
AK-1,R,H2AK01083,2641852.7600000002,0.0,6
AK-1,D,H4AK00164,,,0
AZ-1,R,H6AZ05190,984024.7100000001,330000.0,4
AZ-1,D,H4AZ01194,875995.11,230654.7,5
AZ-2,R,H2AZ01354,6673658.01,0.0,5
AZ-2,D,H4AZ02184,2146663.7600000002,0.0,5
AZ-3,D,H4AZ03109,939512.45,65704.6,5
AZ-4,R,H4AZ04115,434912.47000000003,10000.0,3
AZ-4,D,H8AZ09040,1173952.4,0.0,5
AZ-5,R,H6AZ05265,660253.9299999999,40046.61,2
AZ-5,D,H6AZ05216,83026.52,23223.260000000002,3
AZ-6,R,H2AZ02360,1771664.8699999999,0.0,5
AZ-6,D,H6AZ06099,4205152.55,0.0,5
AZ-7,R,H4AZ07134,39072.43,175197.47,7
AZ-7,D,H6AZ07121,1686920.23,0.0,6
AZ-8,R,H4AZ08108,427905.6,0.0,5
AZ-8,D,,,,0
AZ-9,R,H0AZ01259,318493.86,0.0,5
AZ-9,D,H6AZ09085,260304.66,250.0,3
AR-1,R,H0AR01083,342655.70999999996,0.0,13
AR-1,D,H6AR01155,42411.53,14395.26,4
AR-2,R,H4AR02141,1792110.4899999998,0.0,7
AR-2,D,H6AR02286,1137965.6600000001,0.0,5
AR-3,D,H6AR03128,114390.67,250.0,6
AR-3,R,H0AR03055,879733.8500000001,0.0,7
AR-4,D,H6AR04084,4353.42,0.0,1
AR-4,R,H4AR04048,863973.9799999999,0.0,7
CA-1,R,H6CA01285,959754.4700000001,0.0,7
CA-1,D,H6CA01269,1527504.6,0.0,5
CA-2,D,H2CA06259,607581.82,0.0,7
CA-2,R,H6CA02309,,,0
CA-3,D,H0CA03078,571221.94,0.0,7
CA-3,R,H6CA03174,51399.0,205000.0,3
CA-4,D,H6CA04222,3007228.9699999997,5364133.1,5
CA-5,D,H6CA05377,340049.25,0.0,6
CA-5,R,H8CA04152,770054.4400000001,0.0,7
CA-6,D,H6CA03158,769475.7,0.0,4
CA-7,D,H6CA05195,840023.57,1415100.0,7
CA-8,D,H0CA10149,154592.65,0.0,7
CA-8,R,H2CA00153,8551.0,25.0,7
CA-9,D,H8CA10126,2899433.12,0.0,7
CA-9,R,H4CA09101,10309.45,0.0,8
CA-10,D,H0CA10073,260665.22,0.0,7
CA-10,R,H6CA10187,,,0
CA-11,D,H6CA11268,940671.0599999999,0.0,4
CA-12,D,H6CA12209,31000.0,247.25,2
CA-13,D,H2CA13115,2422914.26,0.0,7
CA-13,R,H4CA09093,1194408.82,0.0,9
CA-14,D,H6CA14163,574726.85,0.0,4
CA-15,R,H6CA15194,,,0
CA-15,D,H2CA14162,347324.85,0.0,7
CA-16,D,H4CA16197,1505069.67,0.0,7
CA-16,R,H6CA16176,300.0,100.0,3
CA-17,D,H4CA12055,12735789.84,0.0,7
CA-17,R,H0CA17193,37628.479999999996,25.0,7
CA-18,R,H6CA18172,14339.97,41957.55,5
CA-18,D,H4CA16049,1105068.2,0.0,7
CA-19,D,H6CA20152,1297933.4700000002,0.0,7
CA-19,R,H6CA19154,72319.0,505.0,6
CA-20,R,H4CA20181,784599.97,0.0,7
CA-20,D,H6CA20228,7179.07,9906.96,3
CA-21,D,H4CA20082,527721.78,0.0,7
CA-21,R,H6CA13199,211511.35,127459.46,4
CA-22,R,H2CA20094,1423592.37,0.0,7
CA-22,D,H6CA22190,2396295.54,0.0,6
CA-23,D,H6CA23230,70273.12,9080.4,7
CA-23,R,H0CA08135,498759.82999999996,0.0,7
CA-24,D,H6CA24303,1065070.44,0.0,7
CA-24,R,H6CA24345,169881.91999999998,22492.38,7
CA-25,R,H6CA25219,880028.1299999999,0.0,6
CA-25,D,H2CA36439,1107923.8,0.0,7
CA-26,R,H6CA26241,144557.49,232520.45,6
CA-26,D,H6CA26266,651832.31,0.0,3
CA-27,R,H6CA27306,366711.94,0.0,5
CA-27,D,H4CA27111,2806000.81,0.0,7
CA-28,D,H0CA32101,550348.25,0.0,7
CA-28,R,H4CA28127,250.0,0.0,7
CA-29,D,H8CA29100,37153.03,0.0,7
CA-30,D,H4CA30149,536826.25,0.0,7
CA-30,R,H6CA30250,18294.0,40000.0,3
CA-31,R,H2CA39151,81321.33,0.0,7
CA-31,D,H8CA39174,240263.63,6616.31,7
CA-32,D,H6CA24113,1435452.56,0.0,7
CA-32,R,H4CA32137,6864.0,27452.34,6
CA-33,D,H2CA31125,1908333.45,0.0,7
CA-33,R,H6CA33114,,,0
CA-34,D,H8CA34266,650566.7500000001,0.0,7
CA-35,R,H0CA35146,4759.0,0.0,7
CA-35,D,H4CA35031,268061.08,0.0,7
CA-36,R,H6CA36208,5139.13,0.0,1
CA-36,D,H4CA33119,963243.7000000001,0.0,7
CA-37,D,H2CA37304,764659.72,0.0,7
CA-38,R,H4CA31212,,,0
CA-38,D,H6CA38139,858285.1699999999,0.0,5
CA-39,R,H6CA39145,,,0
CA-39,D,H2CA43245,477989.82999999996,0.0,7
CA-40,R,H2CA37023,2531302.28,0.0,7
CA-41,R,H2CA38260,1209.0,500.0,1
CA-41,D,H2CA39078,343262.38,0.0,7
CA-42,R,H0CA48172,44856.86,186000.0,7
CA-42,D,H2CA47188,1958611.9100000001,0.0,7
CA-43,R,H6CA43188,,,0
CA-43,D,H4CA23011,338656.57,0.0,7
CA-44,R,H6CA44210,10897.97,3000.0,3
CA-44,D,H6CA44103,170768.62,0.0,7
CA-45,D,H4CA45170,3582677.71,0.0,7
CA-45,R,H6CA45191,468762.84,0.0,4
CA-46,D,H6CA46116,417355.23,0.0,7
CA-46,R,H4CA46137,70667.0,9000.0,7
CA-47,R,H6CA47114,224597.41999999998,150500.0,3
CA-47,D,H4CA47085,2584623.8600000003,0.0,7
CA-48,R,H6CA49128,2024358.3800000001,0.0,7
CA-48,D,H6CA48310,1684545.71,1975.0,5
CA-49,R,H6CA49169,42017.17,13613.16,3
CA-49,D,H8CA49058,2555546.8399999994,0.0,7
CA-50,R,,,,0
CA-50,D,H2CA52089,335980.14999999997,1641.43,7
CA-51,R,H6CA51140,,,0
CA-51,D,H8CA49074,414676.44,929346.65,7
CA-52,R,H6CA52163,18498.1,0.0,3
CA-52,D,H2CA50026,136002.51,0.0,7
CO-1,D,H6CO01273,1042236.6699999999,4953.08,5
CO-1,R,H6CO01331,1906.95,0.0,3
CO-2,R,H6CO02206,,,0
CO-2,D,H8CO02160,1556318.19,0.0,7
CO-3,R,H4CO03357,1900425.0399999998,0.0,7
CO-3,D,H6CO03253,354446.68,350000.0,3
CO-4,R,H0CO03165,797123.63,0.0,7
CO-4,D,H6CO04202,10327015.55,0.0,6
CO-5,R,H6CO05142,893034.3399999999,0.0,7
CO-5,D,H6CO05324,2221080.26,632433.0,5
CO-6,R,H6CO06165,,,0
CO-6,D,H8CO06229,2852189.9799999995,0.0,7
CO-7,R,H6CO07122,25165.4,29800.0,3
CO-7,D,H8CO07045,837257.59,0.0,7
CO-8,R,H4CO08034,2098932.57,0.0,7
CO-8,D,H6CO08013,4220418.5,0.0,7
CT-1,D,H6CT01206,2886677.99,0.0,5
CT-1,R,H2CT03102,4069.43,16735.809999999998,5
CT-2,R,H6CT02196,35397.0,240000.0,5
CT-2,D,H2CT02112,323038.81,0.0,7
CT-3,D,H0CT03072,518586.55000000005,0.0,7
CT-3,R,H6CT03178,13648.55,1000.0,4
CT-4,R,H6CT04143,17112.43,25000.0,3
CT-4,D,H8CT04172,416581.56000000006,0.0,7
CT-5,D,H8CT05245,610502.9299999999,0.0,7
CT-5,R,H6CT05231,255450.5,600.0,3
DE-1,R,H6DE01121,0.0,0.0,0
DE-1,D,H4DE00045,4017847.45,0.0,6
FL-1,R,H6FL01390,2927247.3200000003,12000.0,9
FL-1,D,H4FL01197,10025531.600000001,0.0,6
FL-2,D,H6FL02299,307043.94,1225.48,4
FL-2,R,H6FL02331,578854.99,375000.0,2
FL-3,R,H0FL03175,827025.31,0.0,6
FL-3,D,H6FL03099,30764.989999999998,1155.0,5
FL-4,R,H2FL04211,852743.83,0.0,6
FL-4,D,H6FL05193,20395.7,0.0,6
FL-5,D,H6FL05250,246786.89,1191.0,3
FL-5,R,H6FL04105,254948.27,0.0,6
FL-6,R,H6FL06258,2439869.69,950000.0,9
FL-6,D,H6FL06340,285150.4,2064.56,3
FL-7,D,H6FL07215,1044732.3300000001,0.0,3
FL-7,R,H6FL07231,167561.75,134100.0,1
FL-8,R,H4FL08168,857145.0999999999,0.0,6
FL-8,D,H6FL06399,674538.88,0.0,4
FL-9,R,H6FL09294,79100.0,1040000.0,1
FL-9,D,H6FL09179,663585.66,0.0,6
FL-10,D,H2FL10259,3045625.38,8250.0,6
FL-11,D,H6FL11357,51459.0,64965.0,1
FL-11,R,H6FL11332,134560.0,5000000.0,1
FL-12,R,H6FL09070,609406.79,0.0,6
FL-12,D,H6FL15200,165653.63,14001.04,4
FL-13,D,H6FL13312,1024279.0800000001,7000.0,2
FL-13,R,H0FL13158,1673657.08,0.0,6
FL-14,R,H6FL14237,79184.06,2014000.0,1
FL-14,D,H6FL11126,1147929.37,0.0,6
FL-15,R,H2FL15241,438887.0,0.0,6
FL-15,D,H6FL15168,18274.29,17071.61,6
FL-16,R,H6FL16141,867568.17,7000.0,1
FL-16,D,H6FL16158,222777.77,502.0,1
FL-17,D,H4FL17060,52205.91,38453.88,3
FL-17,R,H8FL17053,452689.37,0.0,6
FL-18,R,H0FL15104,363367.80999999994,0.0,6
FL-18,D,H6FL18212,2460.33,9747.9,2
FL-19,D,H6FL19277,5298.15,20500.0,2
FL-19,R,H6FL19137,931993.52,1000000.0,5
FL-20,R,H6FL20143,62126.49,0.0,1
FL-20,D,H4FL20023,2430060.0100000002,0.0,6
FL-21,D,H6FL21075,419132.19,150001.0,3
FL-21,R,H6FL18097,2995030.9699999997,0.0,6
FL-22,R,H6FL22248,1510.0,2500000.0,1
FL-22,D,H6FL21059,1814601.68,247000.0,5
FL-23,R,H2FL21132,70819.11,84052.77,6
FL-23,D,H2FL14053,1613481.3800000001,0.0,6
FL-24,R,H6FL14203,7250.0,306068.33,1
FL-24,D,H6FL24095,519317.8,0.0,1
FL-25,D,H2FL22171,1935774.96,0.0,6
FL-25,R,H6FL23188,1386945.9,574010.0,2
FL-26,R,H2FL25018,1092297.28,0.0,6
FL-26,D,H6FL26058,53561.65,250918.38,2
FL-27,D,H6FL27098,609733.36,7000.0,2
FL-27,R,H8FL27185,539868.05,2492.77,6
FL-28,D,H4FL28042,35187.03,343200.0,4
FL-28,R,H0FL26036,190544.8,0.0,6
GA-1,D,H6GA01158,128987.46999999999,32512.39,6
GA-1,R,H6GA01109,1742078.39,0.0,6
GA-2,D,H2GA02031,377718.14,0.0,7
GA-2,R,H6GA01182,10762.5,182288.31,5
GA-3,R,H4GA03126,879476.1899999998,0.0,7
GA-3,D,H4GA03100,141513.84000000003,0.0,7
GA-4,R,,,,0
GA-4,D,H6GA04129,77702.5,0.0,7
GA-5,R,,,,0
GA-5,D,H0GA05301,180134.96000000002,0.0,7
GA-6,R,H6GA06181,0.0,10320.0,1
GA-6,D,H8GA06393,533440.41,0.0,7
GA-7,D,H6GA07221,66129.0,316702.32,4
GA-7,R,H0GA07273,382097.92000000004,0.0,7
GA-8,D,H6GA08138,18342.58,1000.0,2
GA-8,R,H0GA08099,389401.05000000005,0.0,13
GA-9,R,H0GA09246,552361.46,0.0,7
GA-9,D,H6GA09284,35206.42,6181.0,3
GA-10,D,H6GA10183,15480.0,7600.0,3
GA-10,R,H6GA10175,2051172.0,0.0,5
GA-11,R,H0GA14048,464917.88,1750020.0,4
GA-11,D,H6GA11116,74313.25,17.0,4
GA-12,R,H2GA12121,481284.24,0.0,7
GA-12,D,H6GA12080,24942.73,1752.87,6
GA-13,R,H2GA04201,,,0
GA-13,D,H6GA13070,1562231.3900000001,0.0,6
GA-14,R,H0GA14030,1080792.2,450000.0,6
GA-14,D,H4GA14057,8084825.570000001,0.0,8
HI-1,D,H2HI02128,537216.22,0.0,6
HI-1,R,H6HI01360,,,0
HI-2,R,H6HI02426,103064.97,0.0,3
HI-2,D,H2HI02581,619500.1100000001,0.0,6
ID-1,R,H8ID01124,353594.66,0.0,7
ID-1,D,H2ID01192,165973.62999999998,0.0,7
ID-2,D,H6ID02274,106892.01999999999,0.0,3
ID-2,R,H8ID02064,506593.32999999996,0.0,7
IL-1,D,H2IL01349,269361.17,0.0,7
IL-1,R,H6IL01191,63315.86,0.0,5
IL-2,D,H6IL02355,2315377.9899999998,0.0,5
IL-2,R,H6IL02389,,,0
IL-3,R,H6IL03163,8079.52,0.0,2
IL-3,D,H2IL03162,1037672.6799999999,0.0,7
IL-4,R,H4IL04117,,,0
IL-4,D,H6IL04153,177909.59,0.0,4
IL-5,R,H2IL05241,,,0
IL-5,D,H0IL05096,244577.28,0.0,7
IL-6,D,H8IL06139,1336291.12,0.0,7
IL-6,R,H2IL06090,308087.72,0.0,7
IL-7,D,H6IL07354,480391.56,175000.0,6
IL-7,R,H2IL08203,0.0,53154.01,5
IL-8,D,H6IL08329,1451374.0899999999,323000.0,5
IL-8,R,H6IL08311,462009.04000000004,1000000.0,5
IL-9,D,H6IL09228,2733768.4099999997,3205.0,6
IL-9,R,H8IL09224,,,0
IL-10,R,H6IL10176,,,0
IL-10,D,H2IL10068,1641829.4,0.0,7
IL-11,D,H8IL14067,1197851.17,0.0,7
IL-11,R,H6IL11166,141490.48,167591.79,5
IL-12,R,H4IL12060,512599.0799999999,0.0,7
IL-12,D,H6IL12131,79766.67000000001,0.0,4
IL-13,D,H2IL13153,1648862.64,0.0,7
IL-13,R,H6IL13154,59447.76,283639.12,7
IL-14,R,H8IL16153,140265.63999999998,381.91999999999996,7
IL-14,D,H8IL14174,1800961.2299999997,0.0,7
IL-15,R,H0IL15129,1159985.77,100.0,7
IL-15,D,H6IL15092,113062.51999999999,0.0,7
IL-16,R,H6IL18088,844857.11,0.0,7
IL-16,D,H6IL16108,350687.39,1585.3300000000002,6
IL-17,D,H2IL17147,1287165.4,0.0,7
IL-17,R,H6IL17247,281531.32,16541.77,7
IN-1,D,H0IN01150,1245119.28,0.0,7
IN-1,R,H6IN01231,176912.2,2156925.0,4
IN-2,D,H6IN02189,52895.5,302693.92,5
IN-2,R,H2IN02295,2834507.63,0.0,7
IN-3,R,H0IN03198,366005.13999999996,0.0,13
IN-3,D,H6IN03294,118432.5,17907.800000000003,6
IN-4,R,H8IN04199,159099.8,0.0,7
IN-4,D,H6IN04193,19877.010000000002,500.0,3
IN-5,D,H6IN05307,530401.41,615.71,3
IN-5,R,H0IN05326,1101195.3800000001,25000.0,7
IN-6,R,H4IN06185,126148.62000000001,2000000.0,7
IN-6,D,H6IN06230,32126.71,4919.4,3
IN-7,D,H8IN07184,399064.92,730.0,7
IN-7,R,H6IN07444,,,0
IN-8,D,H6IN08293,268728.38,1928.66,5
IN-8,R,H4IN08249,257027.37,3500.0,7
IN-9,R,H6IN09143,342705.65,931.4100000000001,7
IN-9,D,H6IN09242,94168.58,11339.03,6
IA-1,D,H2IA02111,5648339.9799999995,7000.0,7
IA-1,R,H8IA02043,2945343.16,0.0,7
IA-2,D,H6IA02211,1410099.46,0.0,5
IA-2,R,H6IA02237,1397807.4300000002,100000.0,5
IA-3,R,H2IA03119,1010301.85,0.0,7
IA-3,D,H6IA03268,4755754.760000001,120.0,6
IA-4,D,H6IA04217,124916.51,0.0,5
IA-4,R,H6IA04167,562523.63,0.0,5
KS-1,R,H0KS01123,342688.69999999995,0.0,6
KS-1,D,H6KS01203,40048.0,600.8,2
KS-2,D,H6KS02276,686988.63,7000.0,4
KS-2,R,H4KS02164,876503.51,0.0,6
KS-3,D,H8KS03155,2804715.37,0.0,6
KS-3,R,H6KS03308,3981.13,1790.0,1
KS-4,R,H8KS04112,311660.87,0.0,6
KS-4,D,H6KS04272,215263.91000000003,600.0,2
KY-1,R,H6KY01110,1450577.63,0.0,7
KY-1,D,H6KY01169,111983.09,1700.0,6
KY-2,R,H8KY02031,1670800.28,0.0,7
KY-2,D,H6KY02068,7539.0,0.0,1
KY-3,D,H2KY03206,931583.9200000002,0.0,7
KY-3,R,,,,0
KY-4,R,H6KY04171,3511193.9899999998,0.0,4
KY-4,D,H6KY04189,74463.82,20000.0,4
KY-5,D,H6KY05152,119155.69,62875.0,6
KY-5,R,H0KY05015,403297.33,0.0,7
KY-6,R,H6KY06192,1199993.02,57245.22,5
KY-6,D,H6KY06184,1399355.4500000002,3665.36,5
LA-1,R,H4LA01162,,,0
LA-1,D,H6LA01258,123433.93000000001,1220.86,4
LA-2,D,H2LA02149,398512.24,0.0,6
LA-2,R,H4LA05171,,,0
LA-3,R,,,,0
LA-3,D,H6LA03205,10424.47,5000.0,2
LA-4,D,H6LA04187,208318.61,0.0,4
LA-4,R,,,,0
LA-5,R,H6LA05184,5000.0,0.0,1
LA-5,D,H6LA05291,44272.33,39238.479999999996,2
LA-6,R,H6LA06158,46400.0,37299.159999999996,2
LA-6,D,,,,0
ME-1,D,H8ME01120,180392.1,0.0,7
ME-1,R,H4ME01160,67478.79,1000.0,7
ME-2,D,H6ME02171,1181075.25,10000.0,4
ME-2,R,H6ME02148,1415549.45,0.0,8
MD-1,R,H8MD01094,1833468.76,0.0,7
MD-1,D,H6MD01320,667987.3300000001,15567.65,6
MD-2,D,H4MD02232,698489.9,0.0,7
MD-2,R,H2MD06138,18994.47,1200.0,3
MD-3,D,H4MD03156,692846.73,648.72,7
MD-3,R,H4MD03149,7958.2,0.0,3
MD-4,D,H2MD04232,335894.63000000006,0.0,7
MD-4,R,,,,0
MD-5,D,H6MD05321,1560121.13,0.0,3
MD-5,R,H4MD05169,,,0
MD-6,R,H6MD06287,1071.72,402861.98000000004,5
MD-6,D,H4MD06340,869217.38,11000000.0,7
MD-7,R,H0MD02255,,,0
MD-7,D,H6MD07020,181108.15000000002,0.0,7
MD-8,D,H6MD08457,6525800.72,0.0,7
MD-8,R,H4MD08213,16589.600000000002,0.0,7
MA-1,D,H8MA02041,571136.15,0.0,6
MA-2,D,H4MA03022,557563.0900000001,0.0,6
MA-3,R,H6MA03100,2115.7200000000003,4000.0,2
MA-3,D,H8MA03106,780983.24,0.0,6
MA-4,D,H0MA04192,2189396.84,0.0,6
MA-4,R,H6MA04140,8258.05,17275.0,1
MA-5,D,H4MA05084,1050962.9,0.0,6
MA-6,R,H6MA06202,390668.24,0.0,2
MA-6,D,H8MA03072,4348798.97,93504.95,6
MA-7,D,H8MA07032,936695.74,0.0,6
MA-8,R,,,,0
MA-8,D,H2MA09072,493331.26,0.0,6
MA-9,D,H0MA10082,225484.68000000002,0.0,6
MA-9,R,H6MA09206,160597.47,1005.0,4
MI-1,D,H4MI01155,730689.51,0.0,6
MI-1,R,H6MI01226,469925.28,0.0,6
MI-2,D,H6MI02216,83760.72,0.0,5
MI-2,R,H4MI04126,1048736.7000000002,0.0,6
MI-3,R,H6MI03198,373622.64,0.0,2
MI-3,D,H0MI03316,1533247.4300000002,0.0,6
MI-4,R,H0MI02094,1627980.8499999999,0.0,6
MI-4,D,H6MI04204,2178991.32,0.0,4
MI-5,D,H6MI05227,48717.03,0.0,3
MI-5,R,H4MI07103,847935.72,0.0,6
MI-6,D,H4MI12079,361422.29,0.0,6
MI-6,R,H4MI06154,,,0
MI-7,R,H2MI07123,3262511.99,0.0,6
MI-7,D,H6MI07298,940888.26,13071.73,4
MI-8,D,H4MI08218,3539544.23,0.0,6
MI-8,R,H6MI08312,1870.0,4605.0,1
MI-9,R,H0MI10287,2640350.09,0.0,6
MI-9,D,H6MI09245,7578.69,0.0,2
MI-10,R,H6MI10359,1263121.24,0.0,3
MI-10,D,H6MI10276,1086820.23,0.0,5
MI-11,R,H6MI11290,113601.0,0.0,1
MI-11,D,H6MI11191,1036307.92,7000.0,5
MI-12,R,H2MI12198,775.0,0.0,6
MI-12,D,H8MI13250,2274742.17,0.0,6
MI-13,D,H6MI13254,1095910.45,0.0,5
MI-13,R,H6MI13312,,,0
MN-1,R,H2MN01223,795106.68,0.0,6
MN-1,D,H6MN01190,1746534.3800000001,5371.8,5
MN-2,D,H6MN02230,700305.03,162000.0,5
MN-2,R,H6MN02263,304714.95999999996,112100.0,4
MN-3,R,H6MN03170,,,0
MN-3,D,H4MN03118,1077227.08,7000.0,6
MN-4,D,H0MN04049,773009.86,0.0,6
MN-4,R,H6MN04293,18004.0,0.0,1
MN-5,R,H6MN05357,745695.1,0.0,3
MN-5,D,H8MN05239,5463266.5600000005,0.0,6
MN-6,D,H6MN06215,316529.47,73350.63,4
MN-6,R,H4MN06087,2574972.46,0.0,6
MN-7,R,H0MN07091,462865.31,0.0,6
MN-7,D,H6MN07312,282713.18,24236.739999999998,6
MN-8,R,H8MN08043,832936.0,0.0,6
MN-8,D,H6MN08179,267258.68,0.0,2
MS-1,D,H6MS01313,524874.66,21868.760000000002,4
MS-1,R,H6MS01131,503554.64999999997,0.0,7
MS-2,R,H2MS02203,42318.44,2921.12,7
MS-2,D,H4MS02068,202967.31999999998,0.0,7
MS-3,D,H6MS03228,134823.27000000002,17776.09,5
MS-3,R,H8MS03125,451811.17999999993,0.0,7
MS-4,R,H2MS04258,464028.63999999996,0.0,7
MS-4,D,H6MS04242,24945.18,3500.0,2
MO-1,D,H4MO01134,2674028.98,0.0,6
MO-1,R,H2MO02219,,,0
MO-2,R,H2MO02102,1968414.0499999998,0.0,6
MO-2,D,H6MO02343,1065634.9,409.64,3
MO-3,D,H2MO03167,41395.69,0.0,6
MO-3,R,H4MO03221,497868.12,0.0,6
MO-4,R,H2MO04207,763231.94,0.0,6
MO-4,D,H6MO05254,30935.579999999998,8557.619999999999,5
MO-5,R,H2MO04199,279577.53,0.0,2
MO-5,D,H4MO05234,463849.5,0.0,6
MO-6,D,H6MO06260,60794.759999999995,7897.32,6
MO-6,R,H6MO06310,498596.0,0.0,1
MO-7,R,H2MO07143,1065562.6400000001,0.0,6
MO-7,D,H4MO07156,29175.36,0.0,2
MO-8,D,H6MO08183,5171.95,109.27,2
MO-8,R,H4MO08162,1529013.4300000002,0.0,6
MT-1,R,H6MT01152,824179.47,0.0,4
MT-1,D,H6MT01137,1218648.73,1267.18,3
MT-2,R,H4MT02098,1227705.56,0.0,7
MT-2,D,H6MT02150,13338.91,4831.639999999999,5
NE-1,D,H6NE01143,462913.63,104319.44,4
NE-1,R,H2NE01118,1077618.07,0.0,7
NE-2,R,H6NE02208,1368206.51,3500.0,7
NE-2,D,H6NE02174,2287847.99,65033.21,6
NE-3,R,H6NE03115,386745.93,0.0,7
NE-3,D,H6NE03180,18320.65,36730.84,6
NV-1,R,H6NV01331,1329778.16,3732.0,6
NV-1,D,H8NV03036,669878.5,0.0,7
NV-2,D,H6NV02362,213986.52,20000.0,3
NV-2,R,H4NV04108,520499.51,1675000.0,9
NV-3,D,H6NV04020,2850971.75,0.0,7
NV-3,R,H4NV03225,362261.08,3007000.0,9
NV-4,D,H2NV04011,1336757.39,0.0,7
NV-4,R,H6NV04111,557466.7000000001,320118.76,6
NH-1,R,H6NH01420,667777.09,1650000.0,3
NH-1,D,H6NH01321,2113560.9,7000.0,5
NH-2,D,H4NH02399,2770024.5700000003,0.0,6
NH-2,R,H2NH02260,973931.18,120000.0,6
NJ-1,R,H2NJ01187,10524.73,100.0,5
NJ-1,D,H4NJ01084,725335.16,0.0,7
NJ-2,D,H6NJ02251,346863.28,110000.0,3
NJ-2,R,H8NJ02166,1558847.34,0.0,7
NJ-3,D,H4NJ03080,430919.43000000005,0.0,7
NJ-3,R,H6NJ03184,58190.0,21000.0,4
NJ-4,D,H6NJ04257,27640.0,6711.97,3
NJ-4,R,H8NJ04014,355752.31999999995,0.0,7
NJ-5,D,H6NJ05171,3247855.95,0.0,7
NJ-5,R,H6NJ05221,30602.769999999997,25053.57,4
NJ-6,R,H6NJ06286,4859.1,2786.02,4
NJ-6,D,H8NJ03073,735236.52,0.0,7
NJ-7,D,H6NJ07201,3902262.3800000004,0.0,7
NJ-7,R,H0NJ07261,1956555.6099999999,0.0,7
NJ-8,D,H2NJ08232,1127127.43,0.0,7
NJ-9,R,H6NJ09264,376780.12000000005,0.0,6
NJ-9,D,H4NJ09194,1476223.36,0.0,7
NJ-10,R,H4NJ10135,1360.0,910.33,2
NJ-10,D,H4NJ10176,1582475.4,0.0,7
NJ-11,R,H6NJ11211,615710.9999999999,0.0,6
NJ-11,D,H6NJ11286,1453168.86,7000.0,6
NJ-12,D,H6NJ12417,1471865.43,0.0,3
NJ-12,R,H2NJ06210,25678.52,53746.4,4
NM-1,R,H6NM01129,98440.06,0.0,6
NM-1,D,H2NM01144,1126431.34,0.0,7
NM-2,R,H6NM02127,858443.6499999999,0.0,6
NM-2,D,H2NM02191,2449659.68,0.0,7
NM-3,D,H0NM03102,1017871.3699999999,0.0,7
NM-3,R,H6NM03083,426423.09,0.0,5
NY-1,D,H6NY01159,632983.07,3500.0,5
NY-1,R,H2NY01190,1164912.8399999999,0.0,7
NY-2,R,H0NY02234,756542.0399999999,0.0,7
NY-2,D,H6NY02140,444898.14,7000.0,5
NY-3,R,H0NY02267,461044.19,0.0,11
NY-3,D,H6NY03247,3675610.56,0.0,7
NY-4,R,H6NY04211,71913.26999999999,0.0,2
NY-4,D,H2NY04244,3004110.1,0.0,7
NY-5,R,H6NY05127,,,0
NY-5,D,H8NY06048,580263.47,0.0,7
NY-6,R,H4NY06047,2578.08,0.0,6
NY-6,D,H2NY06116,1343717.32,0.0,7
NY-7,R,H6NY07271,,,0
NY-7,D,H6NY07214,1563863.8800000001,0.0,3
NY-8,D,H2NY10092,10862973.8,0.0,7
NY-8,R,H6NY08188,,,0
NY-9,R,H6NY09145,,,0
NY-9,D,H4NY11138,427086.7100000001,0.0,7
NY-10,D,H6NY10176,2406129.84,0.0,4
NY-10,R,H6NY10218,,,0
NY-11,D,H6NY11265,67615.8,0.0,3
NY-11,R,H0NY11078,1096872.23,0.0,7
NY-12,D,H6NY12172,2793975.34,500000.0,5
NY-12,R,H6NY12404,126721.3,26379.32,3
NY-13,D,H6NY13279,1254162.47,0.0,4
NY-13,R,H6NY04195,16261.2,121000.0,3
NY-14,R,H6NY14251,333157.08999999997,8888.88,7
NY-14,D,H8NY15148,31963298.55,0.0,7
NY-15,R,H6NY16140,,,0
NY-15,D,H0NY15160,2310384.33,0.0,7
NY-16,R,H4NY07052,,,0
NY-16,D,H4NY16087,314059.13,0.0,7
NY-17,D,H6NY17171,3706160.25,7000.0,7
NY-17,R,H2NY17162,3186004.9699999997,0.0,7
NY-18,R,H6NY18252,80898.05,0.0,2
NY-18,D,H8NY19223,3604130.1500000004,0.0,7
NY-19,R,H6NY19268,455096.5299999999,130000.0,4
NY-19,D,H8NY22177,3492055.66,0.0,7
NY-20,R,H6NY20225,27690.519999999997,0.0,3
NY-20,D,H8NY21203,338374.25999999995,0.0,7
NY-21,R,H6NY21157,0.0,9400000.0,7
NY-21,D,H6NY21199,5333625.81,125.0,7
NY-22,R,H6NY22213,217988.61000000002,22000.0,3
NY-22,D,H4NY22085,1703048.5799999998,0.0,7
NY-23,D,H6NY23559,221174.36,0.0,5
NY-23,R,H2NY23228,893794.6000000001,0.0,7
NY-24,D,H6NY24219,157890.41,27597.4,5
NY-24,R,H4NY22051,1058433.4200000002,0.0,7
NY-25,R,H6NY25208,30416.43,0.0,4
NY-25,D,H8NY25105,735140.1,0.0,7
NY-26,R,H6NY26131,,,0
NY-26,D,H4NY26078,1713469.97,0.0,7
NC-1,R,H4NC01137,557046.77,2402740.0,11
NC-1,D,H2NC02287,2211710.6100000003,0.0,7
NC-2,R,H4NC02135,,,0
NC-2,D,H0NC02125,958372.0900000001,0.0,7
NC-3,R,H0NC03172,1011637.5700000001,0.0,7
NC-3,D,H6NC03229,186152.61000000002,100.0,3
NC-4,D,H2NC06114,407799.93,0.0,7
NC-4,R,H4NC02150,6245.32,4568.98,7
NC-5,R,H4NC05146,1111524.2,0.0,7
NC-5,D,H4NC05294,391242.52,0.0,7
NC-6,D,H6NC06164,181071.41999999998,0.0,5
NC-6,R,H4NC06177,590164.62,0.0,7
NC-7,D,H6NC07196,283990.97,0.0,5
NC-7,R,H2NC07096,780612.1699999999,0.0,7
NC-8,R,H4NC08066,785722.13,0.0,7
NC-8,D,H6NC08202,10409.449999999999,25460.0,5
NC-9,R,H2NC08185,909855.49,0.0,7
NC-9,D,H6NC09218,2218666.12,0.0,7
NC-10,D,H6NC10174,63998.04,14948.5,6
NC-10,R,H2NC13243,618528.05,0.0,7
NC-11,D,H6NC11248,2799701.4400000004,0.0,5
NC-11,R,H6NC11321,,,0
NC-12,D,H4NC12100,94894.06,0.0,7
NC-12,R,H6NC12113,25650.28,3053.48,4
NC-13,D,H6NC13228,552413.5800000001,461846.2,6
NC-13,R,H4NC13116,485864.57,0.0,7
NC-14,R,H4NC14015,1100993.28,0.0,7
NC-14,D,H6NC14069,22688.230000000003,0.0,3
ND-1,R,H4ND00061,383136.23,0.0,7
OH-1,R,H6OH01138,572462.71,326141.88,6
OH-1,D,H2OH01194,2810230.49,0.0,7
OH-2,D,,,,0
OH-2,R,H4OH02248,624834.38,0.0,7
OH-3,D,H2OH03125,306097.61,0.0,7
OH-3,R,H0OH03137,,,0
OH-4,R,H6OH04082,3289988.2699999996,0.0,7
OH-4,D,H6OH04181,7668.01,5100.0,3
OH-5,R,H8OH05036,610476.7899999999,0.0,7
OH-5,D,H6OH05154,3865.7,5523.47,1
OH-6,D,H6OH06244,1131.7,0.0,3
OH-6,R,H4OH06165,254129.94,0.0,7
OH-7,R,H2OH16051,924384.95,0.0,7
OH-7,D,H6OH07168,439659.22,1420.6000000000001,3
OH-8,R,H6OH08315,166376.09,0.0,7
OH-8,D,H8OH08097,0.0,0.0,1
OH-9,D,H2OH09031,2303405.52,0.0,7
OH-9,R,H4OH09169,451830.75,310000.0,10
OH-10,D,H6OH10121,321737.5,7028.02,3
OH-10,R,H2OH03067,376197.66,0.0,7
OH-11,D,H2OH11169,448898.41,0.0,7
OH-11,R,H6OH11210,,,0
OH-12,R,H8OH12180,628215.2899999999,0.0,7
OH-12,D,H4OH12080,82127.23,0.0,7
OH-13,R,H6OH13307,65571.79000000001,51000.0,3
OH-13,D,H2OH13264,1923893.5699999998,0.0,7
OH-14,R,H2OH14064,383806.12,0.0,7
OH-14,D,H6OH14248,61305.75,80.04,2
OH-15,R,H2OH15228,900358.7,0.0,7
OH-15,D,H6OH15112,583487.97,11919.630000000001,5
OK-1,D,H6OK01201,140971.56,1000.0,7
OK-1,R,H6OK01235,402461.0,1300368.6800000002,3
OK-2,R,H2OK02315,108885.55000000002,0.0,7
OK-2,D,H4OK02196,3230.26,1060.0,7
OK-3,D,,,,0
OK-3,R,H4OK06056,219820.49000000002,0.0,7
OK-4,R,H2OK04055,2062049.3699999999,0.0,7
OK-4,D,H6OK04155,42046.32,23230.62,5
OK-5,R,H0OK05205,453943.55,0.0,7
OK-5,D,H6OK05293,439761.87,0.0,5
OR-1,D,H2OR01133,392016.08999999997,0.0,7
OR-1,R,H6OR01308,2775.5299999999997,0.0,2
OR-2,D,H6OR02322,86900.0,0.0,3
OR-2,R,H0OR02127,448526.26,0.0,7
OR-3,R,H6OR03197,,,0
OR-3,D,H4OR03192,673580.9700000001,0.0,7
OR-4,R,H6OR04260,317313.7,30434.0,4
OR-4,D,H2OR04095,612316.3200000001,0.0,7
OR-5,R,H6OR05242,412318.89,7143.56,4
OR-5,D,H4OR05304,2165823.15,0.0,7
OR-6,R,H2OR01240,790.84,2000.0,6
OR-6,D,H2OR06066,915858.2999999999,7.0,7
PA-1,R,H6PA08277,1622227.5999999999,0.0,7
PA-1,D,H6PA01181,1744286.49,0.0,6
PA-2,R,H6PA02205,,,0
PA-2,D,H4PA13199,495116.74,0.0,7
PA-3,D,H6PA03203,1205734.9700000002,0.0,5
PA-4,D,H8PA04116,615035.7,0.0,7
PA-4,R,H6PA04169,,,0
PA-5,R,H6PA05216,3871.15,5425.0,2
PA-5,D,H8PA07200,540398.47,0.0,7
PA-6,D,H8PA06087,1095495.07,0.0,7
PA-6,R,H6PA06156,307138.52999999997,100000.0,5
PA-7,D,H6PA07188,1942165.53,3500.0,5
PA-7,R,H8PA15195,1493241.0099999998,0.0,7
PA-8,R,H4PA08124,1891896.8499999999,55536.35,7
PA-8,D,H6PA08293,3862341.76,0.0,5
PA-9,R,H8PA10147,890906.51,0.0,7
PA-9,D,H6PA09127,655064.65,0.0,5
PA-10,R,H2PA04135,3100218.6100000003,0.0,7
PA-10,D,H4PA10104,4909050.140000001,0.0,7
PA-11,D,H6PA11099,157523.0,47456.53999999999,5
PA-11,R,H6PA16320,224612.38,0.0,7
PA-12,R,H4PA12068,34913.76,25.0,7
PA-12,D,H2PA18200,1148369.26,0.0,7
PA-13,D,H4PA13298,52357.71,167.94,7
PA-13,R,H8PA13125,439883.77,0.0,7
PA-14,D,H6PA14200,181512.12,2000.0,5
PA-14,R,H8PA18199,2464837.61,0.0,7
PA-15,D,H6PA15181,136168.45,1100.0,3
PA-15,R,H8PA05071,737504.0900000001,0.0,7
PA-16,R,H0PA03271,290110.56999999995,0.0,7
PA-16,D,H6PA16379,65921.3,620.0,5
PA-17,D,H2PA17103,2219098.08,0.0,7
PA-17,R,H6PA17203,112264.23999999999,0.0,3
RI-1,D,H4RI01265,910235.06,0.0,6
RI-1,R,H6RI01153,2235.25,8100.0,1
RI-2,D,H2RI02184,696730.16,0.0,6
RI-2,R,H6RI02318,23234.88,2930333.79,3
SC-1,R,H6SC01334,450952.35000000003,13500.0,5
SC-1,D,H6SC01359,2199086.8099999996,0.0,4
SC-2,D,H6SC02159,12410.29,0.0,3
SC-2,R,H2SC02059,374200.55,200000.0,7
SC-3,R,H4SC01313,89551.38,0.0,7
SC-3,D,H6SC03090,39975.04,100.0,4
SC-4,D,H6SC04171,31786.589999999997,0.0,3
SC-4,R,H8SC04250,292757.85000000003,650000.0,7
SC-5,R,H6SC05202,642654.05,5629.58,5
SC-5,D,H6SC05228,136238.83,1208.66,5
SC-6,D,H2SC02042,457422.16,0.0,7
SC-6,R,H6SC06184,,,0
SC-7,R,H2SC07280,774347.82,0.0,7
SC-7,D,H6SC07034,282341.67,10749.86,7
SD-1,D,H6SD01141,245960.13,1500.0,5
SD-1,R,H6SD01109,1246028.5999999999,1000.0,5
TN-1,D,H6TN01537,92076.61,10.0,2
TN-1,R,H0TN01118,440907.86,0.0,6
TN-2,D,H6TN02170,352141.6,6415.0,4
TN-2,R,H8TN02119,2127572.12,0.0,6
TN-3,R,H0TN03254,1479850.79,0.0,6
TN-3,D,H6TN03228,40528.880000000005,0.0,2
TN-4,D,H4TN04270,43665.85,500.0,6
TN-4,R,H0TN04195,225256.80000000002,0.0,12
TN-5,R,H6TN05405,557265.03,133713.46999999997,3
TN-5,D,H6TN05397,2260798.4499999997,0.0,4
TN-6,D,H6TN06171,32382.0,0.0,3
TN-6,R,H6TN06213,1020289.64,1202291.57,4
TN-7,D,H6TN07286,600775.1900000001,190335.83000000002,5
TN-7,R,H6TN07161,1638133.0699999998,0.0,8
TN-8,D,H6TN08367,16185.0,0.0,1
TN-8,R,H2TN07103,1045960.1599999999,0.0,12
TN-9,D,H6TN09449,2167624.1100000003,278.38,3
TN-9,R,H6TN09464,358038.59,1000000.0,1
TX-1,R,H2TX01112,747700.3099999999,0.0,7
TX-1,D,H6TX01352,2206.3500000000004,7038.25,2
TX-2,D,H6TX02251,764947.65,1961000.0,6
TX-2,R,H6TX08175,713027.92,13000.0,5
TX-3,D,H6TX03234,366005.53,75000.0,6
TX-3,R,H2TX00064,460593.1499999999,1850.94,7
TX-4,R,H0TX04219,258495.24000000005,0.0,7
TX-4,D,H6TX04174,7474.27,8796.819999999998,4
TX-5,R,H8TX05144,396592.89,0.0,7
TX-5,D,H6TX05189,12665.95,0.0,6
TX-6,R,H8TX06266,1636528.75,0.0,7
TX-6,D,H6TX25203,36158.0,3125.0,7
TX-7,D,H8TX07140,268848.47,0.0,7
TX-7,R,H6TX07151,70457.15000000001,3615.43,5
TX-8,D,H0TX08145,19355.0,0.0,7
TX-8,R,H6TX08209,795136.5800000001,650000.0,5
TX-9,D,H6TX09231,54607.9,500.0,4
TX-9,R,H6TX09140,1703956.3099999998,4850.44,6
TX-10,R,H6TX10221,701244.02,1649821.91,4
TX-10,D,H6TX31102,328047.88,28061.09,5
TX-11,R,H0TX11230,729051.7799999999,0.0,7
TX-11,D,H6TX11112,84198.41,5.0,4
TX-12,R,H4TX12065,373103.62,0.0,7
TX-12,D,H6TX12169,,,0
TX-13,R,H0TX13228,2605375.3100000005,0.0,7
TX-13,D,H6TX13159,86816.27,11132.28,5
TX-14,D,H6TX14181,25723.19,0.0,5
TX-14,R,H2TX14149,251409.25999999998,0.0,7
TX-15,R,H0TX15124,3312300.74,84.0,7
TX-15,D,H6TX15246,2439537.38,150300.0,5
TX-16,R,H6TX16152,,,0
TX-16,D,H8TX16109,492367.8499999999,0.0,7
TX-17,R,H2TX03126,498752.72000000003,10.0,7
TX-17,D,H6TX17168,3498.66,5302.27,4
TX-18,D,H6TX18232,3399374.7900000005,100.0,8
TX-18,R,H6TX18497,,,0
TX-19,D,H6TX19198,30075.77,200.0,6
TX-19,R,H6TX19206,1616486.3800000001,0.0,5
TX-20,D,H2TX35011,373773.02,0.0,7
TX-20,R,H6TX20113,16050.9,31985.0,6
TX-21,D,H4TX21108,236895.06,0.0,6
TX-21,R,H6TX21301,750385.6499999999,2750000.0,5
TX-22,D,H4TX22197,47126.630000000005,0.0,7
TX-22,R,H0TX22302,159108.08,0.0,6
TX-23,R,H4TX23120,85420.97,420000.0,7
TX-23,D,H6TX23273,440407.26,9792.42,4
TX-24,D,H6TX24172,206359.75,3500.0,7
TX-24,R,H0TX24209,570713.9600000001,0.0,7
TX-25,D,H6TX25237,,,0
TX-25,R,H2TX33040,69715.09000000001,0.0,7
TX-26,R,H4TX26149,3384259.12,0.0,7
TX-26,D,H6TX26144,17226.54,0.0,5
TX-27,R,H8TX27049,819031.94,0.0,7
TX-27,D,H4TX27089,139716.19,71.89,7
TX-28,D,H2TX23082,1123180.23,314500.0,7
TX-28,R,H6TX28124,603666.24,0.0,8
TX-29,R,H6TX29122,0.0,0.0,4
TX-29,D,H8TX29052,335398.26999999996,0.0,7
TX-30,D,H6TX30245,372638.06000000006,0.0,4
TX-30,R,H6TX30211,17014.79,200.0,5
TX-31,R,H2TX31044,406933.73,0.0,7
TX-31,D,H6TX31094,73873.57,42642.1,6
TX-32,D,H6TX32217,86975.48999999999,0.0,4
TX-32,R,H6TX32225,472694.38,207000.0,4
TX-33,D,H8TX32098,3123283.9800000004,0.0,5
TX-33,R,H2TX33248,,,0
TX-34,R,H2TX34113,1249093.1900000002,0.0,7
TX-34,D,H6TX15162,1902919.8599999999,0.0,7
TX-35,R,H6TX35087,765712.52,53000.0,5
TX-35,D,H6TX35095,708832.64,0.0,5
TX-36,R,H6TX02079,233773.56,0.0,7
TX-36,D,H4TX14111,0.0,0.0,3
TX-37,D,H2TX35144,888990.46,0.0,7
TX-37,R,H6TX35038,117889.62999999999,0.0,7
TX-38,R,H6TX02244,1014280.41,351231.4,7
TX-38,D,H4TX38011,37386.44,28042.46,7
UT-1,D,H8UT04053,1977494.3699999999,0.0,7
UT-1,R,H6UT01244,98532.89,30000.0,2
UT-2,D,H6UT01160,50891.49,0.0,4
UT-2,R,H0UT01205,999545.9299999999,0.0,7
UT-3,R,H4UT02296,709248.13,0.0,7
UT-3,D,H6UT03182,47382.72,20.0,2
UT-4,R,H4UT03260,430497.5,0.0,6
UT-4,D,H6UT02424,16973.370000000003,36155.42,4
VT-1,D,H2VT01076,644454.87,0.0,6
VT-1,R,H6VT01085,28619.46,5045.45,1
VA-1,D,H6VA01299,1608453.15,0.0,4
VA-1,R,H8VA01147,1405923.12,0.0,6
VA-2,R,H2VA02064,2898893.52,0.0,6
VA-2,D,H6VA02198,3182230.42,8010.129999999999,3
VA-3,R,H6VA03121,1902.23,4100.0,1
VA-3,D,H6VA01117,360284.01,0.0,6
VA-4,D,H4VA04066,520000.49,0.0,6
VA-4,R,H6VA04129,,,0
VA-5,R,H0VA07133,1092728.73,0.0,9
VA-5,D,H6VA05217,1938602.8599999999,13111.2,3
VA-6,R,H8VA06104,699048.78,0.0,6
VA-6,D,H6VA06173,1551857.67,0.0,3
VA-7,R,H6VA07205,238361.25,0.0,3
VA-7,D,H4VA07234,10944610.24,715.67,6
VA-8,D,H4VA08224,1522613.41,0.0,6
VA-8,R,H6VA08252,6327.639999999999,3712.44,5
VA-9,R,H0VA09055,549085.39,0.0,6
VA-9,D,H6VA09136,81050.94,2587.46,3
VA-10,R,H2VA10273,52869.97,50000.0,2
VA-10,D,H4VA10279,769150.1599999999,2170.56,6
VA-11,R,H6VA11249,6798.099999999999,3981.84,6
VA-11,D,H6VA11066,1781084.6500000001,0.0,6
WA-1,D,H0WA08046,1718011.1300000001,0.0,6
WA-1,R,H4WA01282,741.98,2244.16,4
WA-2,R,H6WA02228,,,0
WA-2,D,H0WA02080,819258.03,0.0,6
WA-3,R,H6WA03275,1480475.09,11433.79,4
WA-3,D,H2WA03217,2463145.41,0.0,6
WA-4,D,H6WA04190,159813.73,887.0,5
WA-4,R,H6WA04216,717824.4199999999,63791.8,2
WA-5,R,H4WA05234,1307617.05,0.0,6
WA-5,D,H4WA05168,354427.28,9940.76,6
WA-6,R,H6WA06286,14881.97,7025.0,1
WA-6,D,H4WA06117,857241.16,0.0,6
WA-7,D,H6WA07458,2128231.42,0.0,6
WA-7,R,H4WA08147,910.81,5900.0,1
WA-8,R,H6WA08167,41416.630000000005,85000.0,2
WA-8,D,H8WA08189,1976362.0599999998,0.0,6
WA-9,R,H4WA09061,6381.88,72760.0,6
WA-9,D,H6WA09025,1254651.7599999998,0.0,6
WA-10,R,H6WA10031,,,0
WA-10,D,H0WA10034,823829.9400000001,0.0,6
WV-1,D,H6WV01160,18330.0,240000.0,3
WV-1,R,H8WV03097,500424.13,0.0,7
WV-2,R,H4WV02205,463426.91,0.0,7
WV-2,D,H6WV02150,133184.89,60.0,4
WI-1,D,H6WI01283,634422.35,0.0,4
WI-1,R,H8WI01156,1434722.78,0.0,6
WI-2,D,H2WI02124,355196.47,0.0,6
WI-3,D,H4WI03169,6961784.2700000005,0.0,6
WI-3,R,H0WI03175,4193810.44,0.0,6
WI-4,D,H4WI04183,371117.55,668.0,6
WI-4,R,H4WI04274,,,0
WI-5,D,H6WI05136,12987.26,1625.0,6
WI-5,R,H0WI05113,471818.5900000001,0.0,6
WI-6,R,H4WI06048,593021.5700000001,0.0,6
WI-6,D,H6WI06191,142446.11,11286.04,4
WI-7,R,H6WI07223,1051356.57,0.0,3
WI-7,D,H6WI07207,378410.72000000003,5030.0,4
WI-8,D,H6WI08205,56774.65,1500.0,3
WI-8,R,H4WI08119,451663.59,0.0,6
WY-1,R,H6WY00217,228436.0,1147000.0,3
WY-1,D,H6WY01173,13270.0,0.0,2
