date,REP,DEM,MINOR,NPA,total,source,R_minus_D_pct
2022-06-30,5157343,4955022,256413,3887406,14256184,DOS voter-registration-report archive 2022 (party-affiliation-by-county-2022.xlsx),1.42
2022-07-31,5194845,4963930,257491,3909340,14325606,DOS voter-registration-report archive 2022 (party-affiliation-by-county-2022.xlsx),1.61
2022-08-31,5233366,4963722,258804,3939389,14395281,DOS voter-registration-report archive 2022 (party-affiliation-by-county-2022.xlsx),1.87
2022-09-30,5259406,4966873,260936,3974540,14461755,DOS voter-registration-report archive 2022 (party-affiliation-by-county-2022.xlsx),2.02
2022-10-31,5297121,4970554,263352,4008962,14539989,DOS voter-registration-report archive 2022 (party-affiliation-by-county-2022.xlsx),2.25
2022-11-30,5325589,4969377,264802,4037098,14596866,DOS voter-registration-report archive 2022 (party-affiliation-by-county-2022.xlsx),2.44
2024-06-30,5257407,4300964,365009,3507230,13430610,DOS voter-registration-report archive 2024 (party-affiliation-by-county-2024.xlsx),7.12
2024-07-31,5324654,4327859,376096,3535426,13564035,DOS voter-registration-report archive 2024 (party-affiliation-by-county-2024.xlsx),7.35
2024-08-31,5385554,4359354,390220,3544576,13679704,DOS voter-registration-report archive 2024 (party-affiliation-by-county-2024.xlsx),7.5
2024-09-30,5455480,4400561,404890,3584982,13845913,DOS voter-registration-report archive 2024 (party-affiliation-by-county-2024.xlsx),7.62
2024-10-31,5592151,4480006,422798,3683097,14178052,DOS voter-registration-report archive 2024 (party-affiliation-by-county-2024.xlsx),7.84
2024-11-30,5633700,4497119,428587,3719066,14278472,DOS voter-registration-report archive 2024 (party-affiliation-by-county-2024.xlsx),7.96
2026-01-31,5523700,4044077,464457,3331321,13363555,"DOS monthly report by county and party, 2026 workbook (downloaded 2026-10-03)",11.07
2026-02-28,5535837,4048551,471323,3334336,13390047,"DOS monthly report by county and party, 2026 workbook (downloaded 2026-10-03)",11.11
2026-03-31,5545284,4052862,478145,3338457,13414748,"DOS monthly report by county and party, 2026 workbook (downloaded 2026-10-03)",11.13
2026-04-30,5533497,4028123,481041,3318339,13361000,"DOS monthly report by county and party, 2026 workbook (downloaded 2026-10-03)",11.27
2026-05-31,5542778,4027885,485808,3317596,13374067,"DOS monthly report by county and party, 2026 workbook (downloaded 2026-10-03)",11.33
2026-06-30,5569028,4040000,493188,3324324,13426540,"DOS monthly report by county and party, 2026 workbook (downloaded 2026-10-03)",11.39
2026-07-31,5607836,4066503,497679,3327656,13499674,"DOS monthly report by county and party, 2026 workbook (downloaded 2026-10-03)",11.42
2026-08-31,5649410,4098139,505914,3326661,13580124,"DOS monthly report by county and party, 2026 workbook (downloaded 2026-10-03)",11.42
