year,state,margin,dn,rn,oth_max,inc_old,inc_fix
2024,DE,12.2,Matt Meyer,Michael Ramone,0.0,0.0,0.0
2024,IN,-13.3,Jennifer McCormick,Mike Braun,4.5,0.0,0.0
2024,MO,-20.5,Crystal Quade,Mike Kehoe,1.4,0.0,0.0
2024,MT,-20.3,Ryan Busse,Greg Gianforte,2.5,-1.0,-1.0
2024,NH,-9.3,Joyce Craig,Kelly Ayotte,2.1,0.0,0.0
2024,NC,14.8,Josh Stein,Mark Robinson,3.2,0.0,0.0
2024,ND,-42.4,Merrill Piepkorn,Kelly Armstrong,5.6,0.0,0.0
2024,UT,-24.4,Brian King,Spencer Cox,13.4,-1.0,-1.0
2024,VT,-51.6,Esther Charlestin,Phil Scott,2.6,-1.0,-1.0
2024,WA,11.4,Bob Ferguson,Dave Reichert,0.0,0.0,0.0
2024,WV,-30.4,Steve Williams,Patrick Morrisey,2.9,0.0,0.0
