year,state,name,party,title,has_page,statewide,congress,experienced,office,revid
1998,AL,Fob James,Republican,Fob James,1,0,0,0,,1376429074.0
1998,AK,Tony Knowles,Democratic,Tony Knowles (politician),1,0,0,0,,1364391112.0
1998,AK,Robin L. Taylor,Write-in,Robin L. Taylor,1,0,0,0,,1365776177.0
1998,AK,John Howard Lindauer,Republican,John Howard Lindauer,1,0,0,0,,1367639516.0
1998,AK,Ray Metcalfe,Republican Moderate,Ray Metcalfe,1,0,0,0,,1378154685.0
1998,AK,Desa Jacobsson,Green,,0,0,0,0,,
1998,AK,Sylvia Sullivan,AK Independence,,0,0,0,0,,
1998,AZ,Jane Dee Hull,Republican,Jane Dee Hull,1,1,0,1,20th Governor of Arizona,1378551196.0
1998,AZ,Paul Johnson,Democratic,Paul Johnson (American politician),1,0,0,0,,1375627052.0
1998,AZ,Katherine Gallant,Libertarian,,0,0,0,0,,
1998,AR,Mike Huckabee,Republican,Mike Huckabee,1,1,0,1,16th Lieutenant Governor of Arkansas,1378518919.0
1998,AR,Bill Bristow,Democratic,,0,0,0,0,,
1998,AR,Keith Carle,Reform,,0,0,0,0,,
1998,CA,Gray Davis,Democratic,Gray Davis,1,1,0,1,44th Lieutenant Governor of California,1376663922.0
1998,CA,Dan Lungren,Republican,Dan Lungren,1,1,0,1,29th Attorney General of California,1377519033.0
1998,CA,Daniel Hamburg,Green,Daniel Hamburg,1,0,0,0,,1364742183.0
1998,CO,Bill Owens,Republican,Bill Owens (Colorado politician),1,1,0,1,51st Treasurer of Colorado,1370334079.0
1998,CO,Gail Schoettler,Democratic,Gail Schoettler,1,1,0,1,44th Lieutenant Governor of Colorado,1345306793.0
1998,CO,Sandra D. Johnson,Libertarian,,0,0,0,0,,
1998,CT,John G. Rowland,Republican,John G. Rowland,1,0,0,0,,1374275921.0
1998,CT,Barbara Kennelly,Democratic,Barbara Kennelly,1,1,0,1,67th Secretary of State of Connecticut,1372416279.0
1998,FL,Jeb Bush,Republican,Jeb Bush,1,0,0,0,,1378133928.0
1998,FL,Buddy MacKay,Democratic,Buddy MacKay,1,1,0,1,14th Lieutenant Governor of Florida,1366104974.0
1998,GA,Roy Barnes,Democratic,Roy Barnes,1,0,0,0,,1368359773.0
1998,GA,Guy Millner,Republican,Guy Millner,1,0,0,0,,1345444944.0
1998,GA,Jack Cashin,Libertarian,,0,0,0,0,,
1998,HI,Ben Cayetano,Democratic,Ben Cayetano,1,1,0,1,9th Lieutenant Governor of Hawaii,1373803824.0
1998,HI,Linda Lingle,Republican,Linda Lingle,1,0,0,0,,1377122981.0
1998,HI,George Peabody,Libertarian,Molokai Advertiser-News,1,0,0,0,,1368906438.0
1998,ID,Dirk Kempthorne,Republican,Dirk Kempthorne,1,0,1,1,United States Senator Idaho,1364567288.0
1998,ID,Robert C. Huntley,Democratic,Robert C. Huntley,1,0,0,0,,1365766575.0
1998,ID,Peter Rickards,Independent,,0,0,0,0,,
1998,IL,George Ryan,Republican,George Ryan,1,1,0,1,36th Secretary of State of Illinois,1378693145.0
1998,IL,Glenn Poshard,Democratic,Glenn Poshard,1,0,0,0,,1376293841.0
1998,IL,Lawrence Redmond,Reform,,0,0,0,0,,
1998,IA,Tom Vilsack,Democratic,Tom Vilsack,1,0,0,0,,1371641401.0
1998,IA,Jim Ross Lightfoot,Republican,Jim Ross Lightfoot,1,0,0,0,,1371730153.0
1998,KS,Bill Graves,Republican,Bill Graves,1,1,0,1,28th Secretary of State of Kansas,1378074703.0
1998,KS,Tom Sawyer,Democratic,Tom Sawyer (Kansas politician),1,0,0,0,,1365793574.0
1998,KS,Kirt Poovey,Constitution,,0,0,0,0,,
1998,KS,Darrel King,Reform,,0,0,0,0,,
1998,ME,Angus King,Independent,Angus King,1,0,0,0,,1375018276.0
1998,ME,James B. Longley Jr.,Republican,James B. Longley Jr.,1,0,0,0,,1370944442.0
1998,ME,Thomas J. Connolly,Democratic,Thomas J. Connolly,1,0,0,0,,1346572880.0
1998,ME,Pat LaMarche,Green,Pat LaMarche,1,0,0,0,,1374390799.0
1998,ME,William P. Clarke Jr.,Constitution,,0,0,0,0,,
1998,MD,Parris Glendening,Democratic,Parris Glendening,1,0,0,0,,1373095281.0
1998,MD,Ellen Sauerbrey,Republican,Ellen Sauerbrey,1,0,0,0,,1370836473.0
1998,MA,Paul Cellucci,Republican,Paul Cellucci,1,1,0,1,Governor of Massachusetts,1375226546.0
1998,MA,Scott Harshbarger,Democratic,Scott Harshbarger,1,1,0,1,41st Attorney General of Massachusetts,1365686822.0
1998,MA,Dean Cook,Libertarian,,0,0,0,0,,
1998,MI,John Engler,Republican,John Engler,1,0,0,0,,1375944513.0
1998,MI,Geoffrey Fieger,Democratic,Geoffrey Fieger,1,0,0,0,,1364200570.0
1998,MN,Jesse Ventura,Reform,Jesse Ventura,1,0,0,0,,1373614495.0
1998,MN,Norm Coleman,Republican,Norm Coleman,1,0,0,0,,1374870583.0
1998,MN,Skip Humphrey,Democratic,Skip Humphrey,1,1,0,1,27th Attorney General of Minnesota,1372800315.0
1998,NE,Mike Johanns,Republican,Mike Johanns,1,0,0,0,,1373366202.0
1998,NE,Bill Hoppner,Democratic,,0,0,0,0,,
1998,NV,Kenny Guinn,Republican,Kenny Guinn,1,0,0,0,,1360167607.0
1998,NV,Jan Laverty Jones,Democratic,Jan Laverty Jones,1,0,0,0,,1371689736.0
1998,NV,Chuck Horne,Independent American,,0,0,0,0,,
1998,NV,Terry C. Savage,Libertarian,,0,0,0,0,,
1998,NH,Jeanne Shaheen,Democratic,Jeanne Shaheen,1,1,0,1,78th Governor of New Hampshire,1376671668.0
1998,NH,Jay Lucas,Republican,,0,0,0,0,,
1998,NH,Ken Blevens,Libertarian,,0,0,0,0,,
1998,NM,Gary Johnson,Republican,Gary Johnson,1,0,0,0,,1378271644.0
1998,NM,Martin Chávez,Democratic,Martin Chávez,1,0,0,0,,1365920557.0
1998,NY,George Pataki,Republican,George Pataki,1,0,0,0,,1378299783.0
1998,NY,Peter Vallone Sr.,Democratic,Peter Vallone Sr.,1,0,0,0,,1371764937.0
1998,NY,Tom Golisano,Independence,Tom Golisano,1,0,0,0,,1378676356.0
1998,NY,Betsy McCaughey,Liberal,Betsy McCaughey,1,1,0,1,Lieutenant Governor of New York,1373067880.0
1998,NY,Michael Reynolds,Right to Life,,0,0,0,0,,
1998,NY,Al Lewis,Green,Al Lewis (actor),1,0,0,0,,1377168666.0
1998,OH,Bob Taft,Republican,Bob Taft,1,1,0,1,47th Secretary of State of Ohio,1372678141.0
1998,OH,Lee Fisher,Democratic,Lee Fisher,1,1,0,1,44th Attorney General of Ohio,1365672444.0
1998,OH,John R. Mitchel,Reform,,0,0,0,0,,
1998,OH,Zanna Feitler,Natural Law,,0,0,0,0,,
1998,OK,Frank Keating,Republican,Frank Keating,1,1,0,1,United States Associate Attorney General,1374904962.0
1998,OK,Laura Boyd,Democratic,Laura Boyd,1,0,0,0,,1363785191.0
1998,OK,Hoppy Heidelberg,Reform,,0,0,0,0,,
1998,OR,John Kitzhaber,Democratic,John Kitzhaber,1,0,0,0,,1364571720.0
1998,OR,Bill Sizemore,Republican,Bill Sizemore,1,0,0,0,,1357526798.0
1998,OR,Richard P. Burke,Libertarian,,0,0,0,0,,
1998,OR,Blair Bobier,Pacific Green,,0,0,0,0,,
1998,PA,Tom Ridge,Republican,Tom Ridge,1,0,0,0,,1377219352.0
1998,PA,Ivan Itkin,Democratic,Ivan Itkin,1,0,0,0,,1365594098.0
1998,PA,Peg Luksik,Constitution,,0,0,0,0,,
1998,PA,Ken Krawchuk,Libertarian,,0,0,0,0,,
1998,RI,Lincoln Almond,Republican,Lincoln Almond,1,0,0,0,,1374904563.0
1998,RI,Myrth York,Democratic,Myrth York,1,0,0,0,,1365691238.0
1998,RI,Robert J. Healey,Cool Moose,Robert J. Healey,1,0,0,0,,1377069578.0
1998,SC,Jim Hodges,Democratic,Jim Hodges,1,0,0,0,,1364551846.0
1998,SC,David Beasley,Republican,David Beasley,1,0,0,0,,1376489149.0
1998,SC,Timothy Moultrie,Libertarian,,0,0,0,0,,
1998,SD,Bill Janklow,Republican,Bill Janklow,1,1,0,1,25th Attorney General of South Dakota,1378723058.0
1998,SD,Bernie Hunhoff,Democratic,Bernie Hunhoff,1,0,0,0,,1374991460.0
1998,SD,Bob Newland,Libertarian,,0,0,0,0,,
1998,SD,Ronald Wieczorek,Independent,,0,0,0,0,,
1998,TN,Don Sundquist,Republican,Don Sundquist,1,1,0,1,Governor of Tennessee,1372648139.0
1998,TN,John Jay Hooker,Democratic,John Jay Hooker,1,0,0,0,,1328931095.0
1998,TX,George W. Bush,Republican,George W. Bush,1,1,0,1,Governor of Texas,1377045723.0
1998,TX,Garry Mauro,Democratic,Garry Mauro,1,1,0,1,25th Land Commissioner of Texas,1304397050.0
1998,VT,Howard Dean,Democratic,Howard Dean,1,1,0,1,Chair of the National Governors Association,1370925863.0
1998,VT,Ruth Dwyer,Republican,Ruth Dwyer (politician),1,0,0,0,,1365778431.0
1998,VT,Joel Williams,Grassroots,,0,0,0,0,,
1998,VT,Amy Berkey,Libertarian,,0,0,0,0,,
1998,WI,Tommy Thompson,Republican,Tommy Thompson,1,1,0,1,Chair of the National Governors Association,1378502627.0
1998,WI,Ed Garvey,Democratic,Ed Garvey,1,0,0,0,,1336984436.0
1998,WY,Jim Geringer,Republican,Jim Geringer,1,1,0,1,30th Governor of Wyoming,1371056766.0
1998,WY,John Vinich,Democratic,John Vinich,1,0,0,0,,1365631449.0
1998,WY,Dave Dawson,Libertarian,,0,0,0,0,,
2000,DE,Ruth Ann Minner,Democratic,Ruth Ann Minner,1,1,0,1,23rd Lieutenant Governor of Delaware,1377367877.0
2000,DE,John M. Burris,Republican,,0,0,0,0,,
2000,DE,Floyd E. McDowell,Independent,,0,0,0,0,,
2000,IN,Frank O'Bannon,Democratic,Frank O'Bannon,1,1,0,1,46th Lieutenant Governor of Indiana,1373870188.0
2000,IN,David M. McIntosh,Republican,David M. McIntosh,1,0,0,0,,1369099194.0
2000,IN,Andrew Horning,Libertarian,,0,0,0,0,,
2000,MO,Bob Holden,Democratic,Bob Holden,1,1,0,1,42nd Treasurer of Missouri,1373668591.0
2000,MO,Jim Talent,Republican,Jim Talent,1,0,0,0,,1364784902.0
2000,MO,Larry Rice,Independent,,0,0,0,0,,
2000,MT,Judy Martz,Republican,Judy Martz,1,1,0,1,31st Lieutenant Governor of Montana,1371681986.0
2000,MT,Mark O'Keefe,Democratic,Mark O'Keefe (politician),1,1,0,1,Auditor of Montana,1365681272.0
2000,MT,Stan Jones,Libertarian,Stan Jones (Libertarian politician),1,0,0,0,,1374246220.0
2000,NH,Jeanne Shaheen,Democratic,Jeanne Shaheen,1,1,0,1,78th Governor of New Hampshire,1376671668.0
2000,NH,Gordon J. Humphrey,Republican,Gordon J. Humphrey,1,0,1,1,United States Senator New Hampshire,1368977793.0
2000,NH,Mary Brown,Independent,,0,0,0,0,,
2000,NH,John J. Babiarz,Libertarian,,0,0,0,0,,
2000,NC,Mike Easley,Democratic,Mike Easley,1,1,0,1,49th Attorney General of North Carolina,1367309721.0
2000,NC,Richard Vinroot,Republican,Richard Vinroot,1,0,0,0,,1366905573.0
2000,NC,Barbara Howe,Libertarian,Barbara Howe,1,0,0,0,,1376774595.0
2000,ND,John Hoeven,Republican,John Hoeven,1,0,0,0,,1369046295.0
2000,ND,Heidi Heitkamp,Democratic,Heidi Heitkamp,1,1,0,1,28th Attorney General of North Dakota,1369633350.0
2000,UT,Mike Leavitt,Republican,Mike Leavitt,1,1,0,1,Chair of the National Governors Association,1375497514.0
2000,UT,Bill Orton,Democratic,Bill Orton,1,0,0,0,,1364736390.0
2000,VT,Howard Dean,Democratic,Howard Dean,1,1,0,1,Chair of the National Governors Association,1370925863.0
2000,VT,Ruth Dwyer,Republican,Ruth Dwyer (politician),1,0,0,0,,1365778431.0
2000,VT,Anthony Pollina,Progressive,Anthony Pollina,1,0,0,0,,1370755565.0
2000,WA,Gary Locke,Democratic,Gary Locke,1,0,0,0,,1372063248.0
2000,WA,John Carlson,Republican,John Carlson (radio host),1,0,0,0,,1368442417.0
2000,WA,Steve LePage,Libertarian,,0,0,0,0,,
2000,WV,Bob Wise,Democratic,Bob Wise,1,0,0,0,,1364550190.0
2000,WV,Cecil Underwood,Republican,Cecil Underwood,1,0,0,0,,1378504415.0
2000,WV,Denise Giardina,Mountain,Denise Giardina,1,0,0,0,,1332445937.0
2002,AL,Don Siegelman,Democratic,Don Siegelman,1,1,0,1,26th Lieutenant Governor of Alabama,1363231780.0
2002,AL,John Sophocleus,Libertarian,John Sophocleus,1,0,0,0,,1374590309.0
2002,AK,Frank Murkowski,Republican,Frank Murkowski,1,0,1,1,United States Senator Alaska,1371878764.0
2002,AK,Fran Ulmer,Democratic,Fran Ulmer,1,1,0,1,7th Lieutenant Governor of Alaska,1365567088.0
2002,AK,Diane E. Benson,Green,Diane E. Benson,1,0,0,0,,1371888486.0
2002,AZ,Janet Napolitano,Democratic,Janet Napolitano,1,1,0,1,23rd Attorney General of Arizona,1378710337.0
2002,AZ,Matt Salmon,Republican,Matt Salmon,1,0,0,0,,1365632642.0
2002,AZ,Richard D. Mahoney,Independent,Richard D. Mahoney,1,1,0,1,Secretary of State of Arizona,1376681799.0
2002,AZ,Barry Hess,Libertarian,,0,0,0,0,,
2002,AR,Mike Huckabee,Republican,Mike Huckabee,1,1,0,1,16th Lieutenant Governor of Arkansas,1378518919.0
2002,AR,Jimmie Lou Fisher,Democratic,Jimmie Lou Fisher,1,1,0,1,Treasurer of Arkansas,1355590166.0
2002,CA,Gray Davis,Democratic,Gray Davis,1,1,0,1,44th Lieutenant Governor of California,1376663922.0
2002,CA,Bill Simon,Republican,Bill Simon (politician),1,0,0,0,,1355427779.0
2002,CA,Peter Camejo,Green,Peter Camejo,1,0,0,0,,1373169173.0
2002,CA,Gary Copeland,Libertarian,,0,0,0,0,,
2002,CA,Reinhold Gulke,American Independent,,0,0,0,0,,
2002,CA,Iris Adam,Natural Law,,0,0,0,0,,
2002,CO,Bill Owens,Republican,Bill Owens (Colorado politician),1,1,0,1,51st Treasurer of Colorado,1370334079.0
2002,CO,Rollie Heath,Democratic,Rollie Heath,1,0,0,0,,1365004585.0
2002,CO,Ronald Forthofer,Green,,0,0,0,0,,
2002,CO,Ralph Shnelvar,Libertarian,,0,0,0,0,,
2002,CT,John G. Rowland,Republican,John G. Rowland,1,0,0,0,,1374275921.0
2002,CT,Bill Curry,Democratic,Bill Curry (politician),1,1,0,1,Comptroller of Connecticut,1376924764.0
2002,FL,Jeb Bush,Republican,Jeb Bush,1,0,0,0,,1378133928.0
2002,FL,Bill McBride,Democratic,Bill McBride (candidate),1,0,0,0,,1368414444.0
2002,GA,Sonny Perdue,Republican,Sonny Perdue,1,0,0,0,,1377477154.0
2002,GA,Roy Barnes,Democratic,Roy Barnes,1,0,0,0,,1368359773.0
2002,GA,Garrett Hayes,Libertarian,,0,0,0,0,,
2002,HI,Linda Lingle,Republican,Linda Lingle,1,0,0,0,,1377122981.0
2002,HI,Mazie Hirono,Democratic,Mazie Hirono,1,1,0,1,10th Lieutenant Governor of Hawaii,1374939928.0
2002,ID,Dirk Kempthorne,Republican,Dirk Kempthorne,1,0,1,1,United States Senator Idaho,1364567288.0
2002,ID,Jerry Brady,Democratic,,0,0,0,0,,
2002,ID,Daniel Adams,Libertarian,,0,0,0,0,,
2002,IL,Rod Blagojevich,Democratic,Rod Blagojevich,1,0,0,0,,1378693362.0
2002,IL,Jim Ryan,Republican,Jim Ryan (politician),1,1,0,1,40th Attorney General of Illinois,1372737915.0
2002,IL,Calvin Skinner,Libertarian,Calvin Skinner,1,0,0,0,,1378320550.0
2002,IA,Tom Vilsack,Democratic,Tom Vilsack,1,0,0,0,,1371641401.0
2002,IA,Doug Gross,Republican,,0,0,0,0,,
2002,IA,Jay Robinson,Green,,0,0,0,0,,
2002,IA,Clyde Cleveland,Libertarian,,0,0,0,0,,
2002,KS,Kathleen Sebelius,Democratic,Kathleen Sebelius,1,1,0,1,23rd Insurance Commissioner of Kansas,1367612918.0
2002,KS,Tim Shallenburger,Republican,Tim Shallenburger,1,1,0,1,36th Treasurer of Kansas,1366835385.0
2002,KS,Theodore Pettibone,Reform,,0,0,0,0,,
2002,KS,Dennis Hawver,Libertarian,,0,0,0,0,,
2002,ME,John Baldacci,Democratic,John Baldacci,1,0,0,0,,1369054766.0
2002,ME,Peter Cianchette,Republican,Peter Cianchette,1,0,0,0,,1365699014.0
2002,ME,Jonathan Carter,Green,Jonathan Carter (politician),1,0,0,0,,1355712915.0
2002,ME,John Michael,Independent,John Michael (politician),1,0,0,0,,1368784232.0
2002,MD,Bob Ehrlich,Republican,Bob Ehrlich,1,0,0,0,,1378437915.0
2002,MD,Kathleen K. Townsend,Democratic,Kathleen Kennedy Townsend,1,1,0,1,6th Lieutenant Governor of Maryland,1370848090.0
2002,MA,Mitt Romney,Republican,Mitt Romney,1,0,0,0,,1378149925.0
2002,MA,Shannon O'Brien,Democratic,Shannon O'Brien (Massachusetts politician),1,1,0,1,55th Treasurer and Receiver-General of Massachusetts,1365782945.0
2002,MA,Jill Stein,Green-Rainbow,Jill Stein,1,0,0,0,,1378106153.0
2002,MA,Carla Howell,Libertarian,Carla Howell,1,0,0,0,,1368802661.0
2002,MI,Jennifer Granholm,Democratic,Jennifer Granholm,1,1,0,1,51st Attorney General of Michigan,1377912429.0
2002,MI,Dick Posthumus,Republican,Dick Posthumus,1,1,0,1,61st Lieutenant Governor of Michigan,1370411192.0
2002,MN,Tim Pawlenty,Republican,Tim Pawlenty,1,0,0,0,,1372810157.0
2002,MN,Roger Moe,Democratic,Roger Moe,1,0,0,0,,1372185112.0
2002,MN,Tim Penny,Independence,Tim Penny,1,0,0,0,,1364810647.0
2002,MN,Ken Pentel,Green,,0,0,0,0,,
2002,NE,Mike Johanns,Republican,Mike Johanns,1,0,0,0,,1373366202.0
2002,NE,Stormy Dean,Democratic,,0,0,0,0,,
2002,NE,Paul A. Rosberg,Nebraska,,0,0,0,0,,
2002,NV,Kenny Guinn,Republican,Kenny Guinn,1,0,0,0,,1360167607.0
2002,NV,Joe Neal,Democratic,Joe Neal (politician),1,0,0,0,,1365613381.0
2002,NV,Dick Geyer,Libertarian,,0,0,0,0,,
2002,NV,David G. Holmgren,Independent American,,0,0,0,0,,
2002,NV,Jerry L. Norton,Independent,,0,0,0,0,,
2002,NH,Craig Benson,Republican,Craig Benson,1,0,0,0,,1365912839.0
2002,NH,Mark Fernald,Democratic,Mark Fernald,1,0,0,0,,1365680759.0
2002,NH,John Babiarz,Libertarian,,0,0,0,0,,
2002,NM,Bill Richardson,Democratic,Bill Richardson,1,0,0,0,,1375633454.0
2002,NM,John Sanchez,Republican,John Sanchez,1,0,0,0,,1372741755.0
2002,NM,David Bacon,Green,,0,0,0,0,,
2002,NY,George Pataki,Republican,George Pataki,1,0,0,0,,1378299783.0
2002,NY,Carl McCall,Democratic,Carl McCall,1,1,0,1,52nd Comptroller of New York,1372866577.0
2002,NY,Tom Golisano,Independence,Tom Golisano,1,0,0,0,,1378676356.0
2002,NY,Gerald Cronin,Right to Life,,0,0,0,0,,
2002,OH,Bob Taft,Republican,Bob Taft,1,1,0,1,47th Secretary of State of Ohio,1372678141.0
2002,OH,Tim Hagan,Democratic,Tim Hagan,1,0,0,0,,1362419590.0
2002,OH,John Eastman,Independent,,0,0,0,0,,
2002,OK,Brad Henry,Democratic,Brad Henry,1,0,0,0,,1364566652.0
2002,OK,Steve Largent,Republican,Steve Largent,1,0,0,0,,1376139301.0
2002,OK,Gary Richardson,Independent,Gary Richardson (lawyer),1,0,0,0,,1378303286.0
2002,OR,Ted Kulongoski,Democratic,Ted Kulongoski,1,1,0,1,14th Attorney General of Oregon,1371999314.0
2002,OR,Kevin Mannix,Republican,Kevin Mannix,1,0,0,0,,1369255440.0
2002,OR,Tom Cox,Libertarian,,0,0,0,0,,
2002,PA,Ed Rendell,Democratic,Ed Rendell,1,0,0,0,,1373038046.0
2002,PA,Mike Fisher,Republican,D. Michael Fisher,1,1,0,1,43rd Attorney General of Pennsylvania,1365537900.0
2002,PA,Ken Krawchuk,Libertarian,,0,0,0,0,,
2002,PA,Mike Morrill,Green,,0,0,0,0,,
2002,RI,Donald Carcieri,Republican,Donald Carcieri,1,0,0,0,,1374203785.0
2002,RI,Myrth York,Democratic,Myrth York,1,0,0,0,,1365691238.0
2002,SC,Mark Sanford,Republican,Mark Sanford,1,0,0,0,,1375836235.0
2002,SC,Jim Hodges,Democratic,Jim Hodges,1,0,0,0,,1364551846.0
2002,SD,Mike Rounds,Republican,Mike Rounds,1,0,0,0,,1377404008.0
2002,SD,Jim Abbott,Democratic,James W. Abbott,1,0,0,0,,1371451483.0
2002,TN,Phil Bredesen,Democratic,Phil Bredesen,1,0,0,0,,1365182469.0
2002,TN,Van Hilleary,Republican,Van Hilleary,1,0,0,0,,1368954988.0
2002,TX,Rick Perry,Republican,Rick Perry,1,1,0,1,Governor of Texas,1378526053.0
2002,TX,Tony Sanchez,Democratic,Tony Sanchez (politician),1,0,0,0,,1350602545.0
2002,TX,Jeff Daiell,Libertarian,,0,0,0,0,,
2002,VT,Jim Douglas,Republican,Jim Douglas,1,1,0,1,28th Treasurer of Vermont,1368823438.0
2002,VT,Doug Racine,Democratic,Doug Racine,1,1,0,1,79th Lieutenant Governor of Vermont,1363623338.0
2002,VT,Cornelius Hogan,Independent,,0,0,0,0,,
2002,WI,Jim Doyle,Democratic,Jim Doyle,1,1,0,1,41st Attorney General of Wisconsin,1366732878.0
2002,WI,Scott McCallum,Republican,Scott McCallum,1,1,0,1,41st Lieutenant Governor of Wisconsin,1366510310.0
2002,WI,Ed Thompson,Libertarian,Ed Thompson (Wisconsin politician),1,0,0,0,,1378198972.0
2002,WI,Jim Young,Green,,0,0,0,0,,
2002,WY,Dave Freudenthal,Democratic,Dave Freudenthal,1,0,0,0,,1371056717.0
2002,WY,Eli Bebout,Republican,Eli Bebout,1,0,0,0,,1365561083.0
2002,WY,Dave Dawson,Libertarian,,0,0,0,0,,
2004,DE,Ruth Ann Minner,Democratic,Ruth Ann Minner,1,1,0,1,23rd Lieutenant Governor of Delaware,1377367877.0
2004,DE,Bill Lee,Republican,Bill Lee (Delaware politician),1,0,0,0,,1357638667.0
2004,DE,Frank Infante,Independent,,0,0,0,0,,
2004,IN,Mitch Daniels,Republican,Mitch Daniels,1,0,0,0,,1378719610.0
2004,IN,Joe Kernan,Democratic,Joe Kernan (politician),1,1,0,1,47th Lieutenant Governor of Indiana,1363579974.0
2004,IN,Kenn Gividen,Libertarian,,0,0,0,0,,
2004,MO,Matt Blunt,Republican,Matt Blunt,1,1,0,1,37th Secretary of State of Missouri,1365997443.0
2004,MO,Claire McCaskill,Democratic,Claire McCaskill,1,1,0,1,34th Auditor of Missouri,1377910343.0
2004,MT,Brian Schweitzer,Democratic,Brian Schweitzer,1,0,0,0,,1364566713.0
2004,MT,Bob Brown,Republican,Bob Brown (Montana politician),1,1,0,1,18th Secretary of State of Montana,1371545424.0
2004,MT,Bob Kelleher,Green,Bob Kelleher,1,0,0,0,,1377069616.0
2004,MT,Stan Jones,Libertarian,Stan Jones (Libertarian politician),1,0,0,0,,1374246220.0
2004,NH,John Lynch,Democratic,John Lynch (New Hampshire governor),1,0,0,0,,1377527693.0
2004,NH,Craig Benson,Republican,Craig Benson,1,1,0,1,79th Governor of New Hampshire,1365912839.0
2004,NC,Mike Easley,Democratic,Mike Easley,1,1,0,1,49th Attorney General of North Carolina,1367309721.0
2004,NC,Patrick J. Ballantine,Republican,Patrick J. Ballantine,1,0,0,0,,1365696668.0
2004,NC,Barbara Howe,Libertarian,Barbara Howe,1,0,0,0,,1376774595.0
2004,ND,John Hoeven,Republican,John Hoeven,1,0,0,0,,1369046295.0
2004,ND,Joe Satrom,Democratic,Joe Satrom,1,0,0,0,,1365613566.0
2004,ND,Roland Riemers,Libertarian,Roland Riemers,1,0,0,0,,1378370650.0
2004,UT,Jon Huntsman Jr.,Republican,Jon Huntsman Jr.,1,0,0,0,,1378179046.0
2004,UT,Scott Matheson Jr.,Democratic,Scott Matheson Jr.,1,0,0,0,,1368718608.0
2004,VT,Jim Douglas,Republican,Jim Douglas,1,1,0,1,28th Treasurer of Vermont,1368823438.0
2004,VT,Peter Clavelle,Democratic,Peter Clavelle,1,0,0,0,,1367208639.0
2004,VT,Cris Ericson,Marijuana,Cris Ericson,1,0,0,0,,1377069501.0
2004,WA,Christine Gregoire,Democratic,Christine Gregoire,1,1,0,1,16th Attorney General of Washington,1364566960.0
2004,WA,Dino Rossi,Republican,Dino Rossi,1,0,0,0,,1377708507.0
2004,WA,Ruth Bennett,Libertarian,,0,0,0,0,,
2004,WV,Joe Manchin,Democratic,Joe Manchin,1,1,0,1,27th Secretary of State of West Virginia,1376415537.0
2004,WV,Monty Warner,Republican,,0,0,0,0,,
2004,WV,Jesse Johnson,Mountain,Jesse Johnson (West Virginia politician),1,0,0,0,,1370789664.0
2006,AL,Bob Riley,Republican,Bob Riley,1,0,0,0,,1365848385.0
2006,AL,Lucy Baxley,Democratic,Lucy Baxley,1,1,0,1,28th Lieutenant Governor of Alabama,1370718593.0
2006,AK,Sarah Palin,Republican,Sarah Palin,1,0,0,0,,1375742306.0
2006,AK,Tony Knowles,Democratic,Tony Knowles (politician),1,0,0,0,,1364391112.0
2006,AK,Andrew Halcro,Independent,Andrew Halcro,1,0,0,0,,1365501246.0
2006,AZ,Janet Napolitano,Democratic,Janet Napolitano,1,1,0,1,21st Governor of Arizona,1378710337.0
2006,AZ,Len Munsil,Republican,Len Munsil,1,0,0,0,,1363018749.0
2006,AZ,Barry Hess,Libertarian,Barry Hess,1,0,0,0,,1376377316.0
2006,AR,Mike Beebe,Democratic,Mike Beebe,1,1,0,1,54th Attorney General of Arkansas,1372513730.0
2006,AR,Asa Hutchinson,Republican,Asa Hutchinson,1,0,0,0,,1370713675.0
2006,AR,Rod Bryan,Independent,,0,0,0,0,,
2006,AR,Jim Lendall,Green,Jim Lendall,1,0,0,0,,1349158544.0
2006,CA,Arnold Schwarzenegger,Republican,Arnold Schwarzenegger,1,0,0,0,,1378012949.0
2006,CA,Phil Angelides,Democratic,Phil Angelides,1,1,0,1,31st Treasurer of California,1364868270.0
2006,CA,Peter Camejo,Green,Peter Camejo,1,0,0,0,,1373169173.0
2006,CA,Art Olivier,Libertarian,Art Olivier,1,0,0,0,,1378198482.0
2006,CO,Bill Ritter,Democratic,Bill Ritter,1,0,0,0,,1369793428.0
2006,CO,Bob Beauprez,Republican,Bob Beauprez,1,0,0,0,,1364736548.0
2006,CO,Dawn Winkler,Libertarian,,0,0,0,0,,
2006,CT,Jodi Rell,Republican,Jodi Rell,1,1,0,1,105th Lieutenant Governor of Connecticut,1365935288.0
2006,CT,John DeStefano Jr.,Democratic,John DeStefano Jr.,1,0,0,0,,1367278870.0
2006,FL,Charlie Crist,Republican,Charlie Crist,1,1,0,1,35th Attorney General of Florida,1375541622.0
2006,FL,Jim Davis,Democratic,Jim Davis (Florida politician),1,0,0,0,,1378547098.0
2006,FL,Max Linn,Reform,,0,0,0,0,,
2006,GA,Sonny Perdue,Republican,Sonny Perdue,1,0,0,0,,1377477154.0
2006,GA,Mark Taylor,Democratic,Mark Taylor (American politician),1,1,0,1,10th Lieutenant Governor of Georgia,1364280056.0
2006,GA,Gary Hayes,Libertarian,,0,0,0,0,,
2006,HI,Linda Lingle,Republican,Linda Lingle,1,0,0,0,,1377122981.0
2006,HI,Randy Iwase,Democratic,Randy Iwase,1,0,0,0,,1365760689.0
2006,HI,James Brewer Jr.,Green,,0,0,0,0,,
2006,ID,Butch Otter,Republican,Butch Otter,1,1,0,1,37th Lieutenant Governor of Idaho,1368952481.0
2006,ID,Jerry Brady,Democratic,Jerry Brady,1,0,0,0,,1355212077.0
2006,ID,Marvin Richardson,Constitution,Pro-Life (politician),1,0,0,0,,1377269586.0
2006,ID,Ted Dunlap,Libertarian,,0,0,0,0,,
2006,IL,Rod Blagojevich,Democratic,Rod Blagojevich,1,0,0,0,,1378693362.0
2006,IL,Judy Baar Topinka,Republican,Judy Baar Topinka,1,1,0,1,71st Treasurer of Illinois,1365662854.0
2006,IL,Rich Whitney,Green,Rich Whitney,1,0,0,0,,1375965747.0
2006,IA,Chet Culver,Democratic,Chet Culver,1,1,0,1,29th Secretary of State of Iowa,1369679439.0
2006,IA,Jim Nussle,Republican,Jim Nussle,1,0,0,0,,1374258011.0
2006,KS,Kathleen Sebelius,Democratic,Kathleen Sebelius,1,1,0,1,23rd Insurance Commissioner of Kansas,1367612918.0
2006,KS,Jim Barnett,Republican,Jim Barnett (Kansas politician),1,0,0,0,,1365609857.0
2006,KS,Carl Kramer,Libertarian,,0,0,0,0,,
2006,ME,John Baldacci,Democratic,John Baldacci,1,1,0,1,73rd Governor of Maine,1369054766.0
2006,ME,Chandler Woodcock,Republican,Chandler Woodcock,1,0,0,0,,1374780398.0
2006,ME,Barbara Merrill,Independent,Barbara Merrill,1,0,0,0,,1378302817.0
2006,ME,Pat LaMarche,Green,Pat LaMarche,1,0,0,0,,1374390799.0
2006,MD,Martin O'Malley,Democratic,Martin O'Malley,1,0,0,0,,1377945745.0
2006,MD,Bob Ehrlich,Republican,Bob Ehrlich,1,0,0,0,,1378437915.0
2006,MA,Deval Patrick,Democratic,Deval Patrick,1,0,0,0,,1370781297.0
2006,MA,Kerry Healey,Republican,Kerry Healey,1,1,0,1,70th Lieutenant Governor of Massachusetts,1370098271.0
2006,MA,Christy Mihos,Independent,Christy Mihos,1,0,0,0,,1378287390.0
2006,MA,Grace Ross,Green,Grace Ross,1,0,0,0,,1356631384.0
2006,MI,Jennifer Granholm,Democratic,Jennifer Granholm,1,1,0,1,51st Attorney General of Michigan,1377912429.0
2006,MI,Dick DeVos,Republican,Dick DeVos,1,0,0,0,,1374455769.0
2006,MN,Tim Pawlenty,Republican,Tim Pawlenty,1,0,0,0,,1372810157.0
2006,MN,Mike Hatch,DFL,Mike Hatch,1,1,0,1,28th Attorney General of Minnesota,1375460159.0
2006,MN,Peter Hutchinson,Independence,Peter Hutchinson (politician),1,0,0,0,,1347130614.0
2006,NE,Dave Heineman,Republican,Dave Heineman,1,1,0,1,37th Lieutenant Governor of Nebraska,1374974863.0
2006,NE,David Hahn,Democratic,David Hahn (Nebraska),1,0,0,0,,1367292961.0
2006,NV,Jim Gibbons,Republican,Jim Gibbons (American politician),1,0,0,0,,1360167750.0
2006,NV,Dina Titus,Democratic,Dina Titus,1,0,0,0,,1375361554.0
2006,NV,Christopher Hansen,Independent American,,0,0,0,0,,
2006,NV,Craig Bergland,Green,,0,0,0,0,,
2006,NH,John Lynch,Democratic,John Lynch (New Hampshire governor),1,1,0,1,80th Governor of New Hampshire,1377527693.0
2006,NH,Jim Coburn,Republican,Jim Coburn,1,0,0,0,,1365610060.0
2006,NM,Bill Richardson,Democratic,Bill Richardson,1,0,0,0,,1375633454.0
2006,NM,John Dendahl,Republican,John Dendahl,1,0,0,0,,1342472750.0
2006,NY,Eliot Spitzer,Democratic,Eliot Spitzer,1,1,0,1,63rd Attorney General of New York,1373143262.0
2006,NY,John Faso,Republican,John Faso,1,0,0,0,,1377042333.0
2006,OH,Ted Strickland,Democratic,Ted Strickland,1,0,0,0,,1372805214.0
2006,OH,Ken Blackwell,Republican,Ken Blackwell,1,1,0,1,48th Secretary of State of Ohio,1371136870.0
2006,OH,Bill Peirce,Libertarian,,0,0,0,0,,
2006,OH,Bob Fitrakis,Green,Bob Fitrakis,1,0,0,0,,1372740488.0
2006,OK,Brad Henry,Democratic,Brad Henry,1,0,0,0,,1364566652.0
2006,OK,Ernest Istook,Republican,Ernest Istook,1,0,0,0,,1372967876.0
2006,OR,Ted Kulongoski,Democratic,Ted Kulongoski,1,1,0,1,36th Governor of Oregon,1371999314.0
2006,OR,Ron Saxton,Republican,Ron Saxton,1,0,0,0,,1375944056.0
2006,OR,Mary Starrett,Constitution,,0,0,0,0,,
2006,OR,Joe Keating,Pacific Green,,0,0,0,0,,
2006,OR,Richard Morley,Libertarian,,0,0,0,0,,
2006,PA,Ed Rendell,Democratic,Ed Rendell,1,0,0,0,,1373038046.0
2006,PA,Lynn Swann,Republican,Lynn Swann,1,0,0,0,,1376728479.0
2006,RI,Donald Carcieri,Republican,Donald Carcieri,1,0,0,0,,1374203785.0
2006,RI,Charles Fogarty,Democratic,Charles Fogarty,1,1,0,1,67th Lieutenant Governor of Rhode Island,1365818144.0
2006,SC,Mark Sanford,Republican,Mark Sanford,1,0,0,0,,1375836235.0
2006,SC,Tommy Moore,Democratic,Tommy Moore (politician),1,0,0,0,,1364836478.0
2006,SD,Mike Rounds,Republican,Mike Rounds,1,0,0,0,,1377404008.0
2006,SD,Jack Billion,Democratic,Jack Billion,1,0,0,0,,1365595581.0
2006,SD,Steven J. Willis,Constitution,,0,0,0,0,,
2006,TN,Phil Bredesen,Democratic,Phil Bredesen,1,0,0,0,,1365182469.0
2006,TN,Jim Bryson,Republican,Jim Bryson (politician),1,0,0,0,,1365609959.0
2006,TX,Rick Perry,Republican,Rick Perry,1,1,0,1,Governor of Texas,1378526053.0
2006,TX,Chris Bell,Democratic,Chris Bell (politician),1,0,0,0,,1378192950.0
2006,TX,Carole K. Strayhorn,Independent,Carole Keeton Strayhorn,1,1,0,1,36th Comptroller of Texas,1378483878.0
2006,TX,Richard Friedman,Independent,Kinky Friedman,1,0,0,0,,1376880522.0
2006,VT,Jim Douglas,Republican,Jim Douglas,1,1,0,1,28th Treasurer of Vermont,1368823438.0
2006,VT,Scudder Parker,Democratic,Scudder Parker,1,0,0,0,,1365782426.0
2006,WI,Jim Doyle,Democratic,Jim Doyle,1,1,0,1,41st Attorney General of Wisconsin,1366732878.0
2006,WI,Mark Green,Republican,Mark Green (Wisconsin politician),1,0,0,0,,1372768418.0
2006,WI,Nelson Eisman,Green,,0,0,0,0,,
2006,WY,Dave Freudenthal,Democratic,Dave Freudenthal,1,0,0,0,,1371056717.0
2006,WY,Ray Hunkins,Republican,,0,0,0,0,,
2008,DE,Jack Markell,Democratic,Jack Markell,1,1,0,1,Treasurer of Delaware,1378677836.0
2008,DE,Bill Lee,Republican,Bill Lee (Delaware politician),1,0,0,0,,1357638667.0
2008,IN,Mitch Daniels,Republican,Mitch Daniels,1,0,0,0,,1378719610.0
2008,IN,Jill Long Thompson,Democratic,Jill Long Thompson,1,0,0,0,,1373800818.0
2008,IN,Andy Horning,Libertarian,,0,0,0,0,,
2008,MO,Jay Nixon,Democratic,Jay Nixon,1,1,0,1,40th Attorney General of Missouri,1364570907.0
2008,MO,Kenny Hulshof,Republican,Kenny Hulshof,1,0,0,0,,1363188571.0
2008,MO,Andrew Finkenstadt,Libertarian,,0,0,0,0,,
2008,MO,Gregory Thompson,Constitution,,0,0,0,0,,
2008,MT,Brian Schweitzer,Democratic,Brian Schweitzer,1,0,0,0,,1364566713.0
2008,MT,Roy Brown,Republican,Roy Brown (Montana politician),1,0,0,0,,1365777756.0
2008,MT,Stan Jones,Libertarian,Stan Jones (Libertarian politician),1,0,0,0,,1374246220.0
2008,NH,John Lynch,Democratic,John Lynch (New Hampshire governor),1,1,0,1,80th Governor of New Hampshire,1377527693.0
2008,NH,Joseph Kenney,Republican,Joseph Kenney,1,0,0,0,,1365648827.0
2008,NH,Susan Newell,Libertarian,,0,0,0,0,,
2008,NC,Bev Perdue,Democratic,Bev Perdue,1,1,0,1,32nd Lieutenant Governor of North Carolina,1370046703.0
2008,NC,Pat McCrory,Republican,Pat McCrory,1,0,0,0,,1378565046.0
2008,NC,Michael Munger,Libertarian,Michael Munger,1,0,0,0,,1369682012.0
2008,ND,John Hoeven,Republican,John Hoeven,1,0,0,0,,1369046295.0
2008,ND,Tim Mathern,Democratic–NPL,Tim Mathern,1,0,0,0,,1365791964.0
2008,ND,DuWayne Hendrickson,Independent,,0,0,0,0,,
2008,UT,Jon Huntsman Jr.,Republican,Jon Huntsman Jr.,1,0,0,0,,1378179046.0
2008,UT,Bob Springmeyer,Democratic,,0,0,0,0,,
2008,UT,Dell Schanze,Libertarian,,0,0,0,0,,
2008,VT,Jim Douglas,Republican,Jim Douglas,1,1,0,1,28th Treasurer of Vermont,1368823438.0
2008,VT,Anthony Pollina,Independent,Anthony Pollina,1,0,0,0,,1370755565.0
2008,VT,Gaye Symington,Democratic,Gaye Symington,1,0,0,0,,1365572600.0
2008,WA,Christine Gregoire,Democratic,Christine Gregoire,1,1,0,1,16th Attorney General of Washington,1364566960.0
2008,WA,Dino Rossi,Republican,Dino Rossi,1,0,0,0,,1377708507.0
2008,WV,Joe Manchin,Democratic,Joe Manchin,1,1,0,1,27th Secretary of State of West Virginia,1376415537.0
2008,WV,Russ Weeks,Republican,Russ Weeks,1,0,0,0,,1365778198.0
2008,WV,Jesse Johnson,Mountain,Jesse Johnson (West Virginia politician),1,0,0,0,,1370789664.0
2010,AL,Robert J. Bentley,Republican,Robert J. Bentley,1,0,0,0,,1359341209.0
2010,AL,Ron Sparks,Democratic,Ron Sparks (politician),1,1,0,1,28th Agriculture Commissioner of Alabama,1359033670.0
2010,AK,Sean Parnell,Republican,Sean Parnell,1,1,0,1,9th Lieutenant Governor of Alaska,1366229204.0
2010,AK,Ethan Berkowitz,Democratic,Ethan Berkowitz,1,0,0,0,,1365564865.0
2010,AK,Don Wright,Independence,Don Wright (politician),1,0,0,0,,1348951490.0
2010,AK,Billy Toien,Libertarian,,0,0,0,0,,
2010,AZ,Jan Brewer,Republican,Jan Brewer,1,1,0,1,22nd Governor of Arizona,1378632308.0
2010,AZ,Terry Goddard,Democratic,Terry Goddard,1,1,0,1,24th Attorney General of Arizona,1372983617.0
2010,AZ,Barry Hess,Libertarian,Barry Hess,1,0,0,0,,1376377316.0
2010,AR,Mike Beebe,Democratic,Mike Beebe,1,1,0,1,54th Attorney General of Arkansas,1372513730.0
2010,AR,Jim Keet,Republican,Jim Keet,1,0,0,0,,1365610637.0
2010,AR,Jim Lendall,Green,Jim Lendall,1,0,0,0,,1349158544.0
2010,CA,Jerry Brown,Democratic,Jerry Brown,1,1,0,1,31st Attorney General of California,1378405519.0
2010,CA,Meg Whitman,Republican,Meg Whitman,1,0,0,0,,1374081382.0
2010,CA,Chelene Nightingale,American Ind.,,0,0,0,0,,
2010,CA,Dale Ogden,Libertarian,,0,0,0,0,,
2010,CA,Laura Wells,Green,Laura Wells,1,0,0,0,,1372834686.0
2010,CO,John Hickenlooper,Democratic,John Hickenlooper,1,0,0,0,,1377012866.0
2010,CO,Tom Tancredo,Constitution,Tom Tancredo,1,0,0,0,,1377269269.0
2010,CO,Dan Maes,Republican,,0,0,0,0,,
2010,CT,Dannel Malloy,Democratic,Dannel Malloy,1,0,0,0,,1377888239.0
2010,CT,Thomas C. Foley,Republican,Thomas C. Foley,1,0,0,0,,1350854419.0
2010,CT,Thomas E. Marsh,Independent,,0,0,0,0,,
2010,FL,Rick Scott,Republican,Rick Scott,1,0,0,0,,1376813554.0
2010,FL,Alex Sink,Democratic,Alex Sink,1,0,0,0,,1370114815.0
2010,FL,Peter Allen,Independence,,0,0,0,0,,
2010,GA,Nathan Deal,Republican,Nathan Deal,1,0,0,0,,1366363203.0
2010,GA,Roy Barnes,Democratic,Roy Barnes,1,0,0,0,,1368359773.0
2010,GA,John Monds,Libertarian,John Monds,1,0,0,0,,1355712436.0
2010,HI,Neil Abercrombie,Democratic,Neil Abercrombie,1,0,0,0,,1374425348.0
2010,HI,Duke Aiona,Republican,Duke Aiona,1,1,0,1,11th Lieutenant Governor of Hawaii,1368480654.0
2010,ID,Butch Otter,Republican,Butch Otter,1,1,0,1,37th Lieutenant Governor of Idaho,1368952481.0
2010,ID,Keith G. Allred,Democratic,Keith G. Allred,1,0,0,0,,1369997642.0
2010,ID,Jana M. Kemp,Independent,,0,0,0,0,,
2010,ID,Ted Dunlap,Libertarian,,0,0,0,0,,
2010,IL,Pat Quinn,Democratic,Pat Quinn (politician),1,1,0,1,45th Lieutenant Governor of Illinois,1376264140.0
2010,IL,Bill Brady,Republican,Bill Brady (politician),1,0,0,0,,1377043990.0
2010,IL,Scott Lee Cohen,Independent,Scott Lee Cohen,1,0,0,0,,1376956736.0
2010,IL,Rich Whitney,Green,,0,0,0,0,,
2010,IA,Terry Branstad,Republican,Terry Branstad,1,1,0,1,Chair of the National Governors Association,1370523144.0
2010,IA,Chet Culver,Democratic,Chet Culver,1,1,0,1,29th Secretary of State of Iowa,1369679439.0
2010,IA,Jonathan Narcisse,Iowa,,0,0,0,0,,
2010,IA,Eric Cooper,Libertarian,,0,0,0,0,,
2010,KS,Sam Brownback,Republican,Sam Brownback,1,0,1,1,United States Senator Kansas,1371960401.0
2010,KS,Tom Holland,Democratic,Tom Holland (politician),1,0,0,0,,1373945668.0
2010,KS,Andrew P. Gray,Libertarian,,0,0,0,0,,
2010,KS,Kenneth W. Cannon,Reform,,0,0,0,0,,
2010,ME,Paul LePage,Republican,Paul LePage,1,0,0,0,,1377442478.0
2010,ME,Eliot Cutler,Independent,Eliot Cutler,1,0,0,0,,1375597120.0
2010,ME,Libby Mitchell,Democratic,Libby Mitchell,1,0,0,0,,1374497824.0
2010,ME,Shawn Moody,Independent,,0,0,0,0,,
2010,ME,Kevin Scott,Independent,,0,0,0,0,,
2010,MD,Martin O'Malley,Democratic,Martin O'Malley,1,0,0,0,,1377945745.0
2010,MD,Bob Ehrlich,Republican,Bob Ehrlich,1,0,0,0,,1378437915.0
2010,MA,Deval Patrick,Democratic,Deval Patrick,1,0,0,0,,1370781297.0
2010,MA,Charlie Baker,Republican,Charlie Baker,1,0,0,0,,1378314764.0
2010,MA,Tim Cahill,Independent,Tim Cahill (Massachusetts politician),1,1,0,1,Treasurer and Receiver-General of Massachusetts,1356688311.0
2010,MA,Jill Stein,Green,Jill Stein,1,0,0,0,,1378106153.0
2010,MI,Rick Snyder,Republican,Rick Snyder,1,0,0,0,,1378220712.0
2010,MI,Virg Bernero,Democratic,Virg Bernero,1,0,0,0,,1365796312.0
2010,MN,Mark Dayton,DFL,Mark Dayton,1,1,1,1,United States Senator Minnesota,1376287008.0
2010,MN,Tom Emmer,Republican,Tom Emmer,1,0,0,0,,1376461560.0
2010,MN,Tom Horner,Independence,,0,0,0,0,,
2010,NE,Dave Heineman,Republican,Dave Heineman,1,1,0,1,37th Lieutenant Governor of Nebraska,1374974863.0
2010,NE,Mike Meister,Democratic,,0,0,0,0,,
2010,NV,Brian Sandoval,Republican,Brian Sandoval,1,1,0,1,30th Attorney General of Nevada,1368395970.0
2010,NV,Rory Reid,Democratic,Rory Reid (politician),1,0,0,0,,1355394875.0
2010,NH,John Lynch,Democratic,John Lynch (New Hampshire governor),1,1,0,1,80th Governor of New Hampshire,1377527693.0
2010,NH,John Stephen,Republican,John Stephen (New Hampshire politician),1,0,0,0,,1329815590.0
2010,NH,John Babiarz,Libertarian,,0,0,0,0,,
2010,NM,Susana Martinez,Republican,Susana Martinez,1,0,0,0,,1375916553.0
2010,NM,Diane Denish,Democratic,Diane Denish,1,1,0,1,28th Lieutenant Governor of New Mexico,1371640701.0
2010,NY,Andrew Cuomo,Democratic,Andrew Cuomo,1,1,0,1,64th Attorney General of New York,1378678510.0
2010,NY,Carl Paladino,Republican,Carl Paladino,1,0,0,0,,1368968811.0
2010,NY,Howie Hawkins,Green,Howie Hawkins,1,0,0,0,,1377069573.0
2010,NY,Warren Redlich,Libertarian,Warren Redlich,1,0,0,0,,1350938462.0
2010,OH,John Kasich,Republican,John Kasich,1,0,0,0,,1369078290.0
2010,OH,Ted Strickland,Democratic,Ted Strickland,1,0,0,0,,1372805214.0
2010,OH,Ken Matesz,Libertarian,,0,0,0,0,,
2010,OH,Dennis Spisak,Green,,0,0,0,0,,
2010,OK,Mary Fallin,Republican,Mary Fallin,1,1,0,1,14th Lieutenant Governor of Oklahoma,1368424761.0
2010,OK,Jari Askins,Democratic,Jari Askins,1,1,0,1,15th Lieutenant Governor of Oklahoma,1367197219.0
2010,OR,John Kitzhaber,Democratic,John Kitzhaber,1,0,0,0,,1364571720.0
2010,OR,Chris Dudley,Republican,Chris Dudley,1,0,0,0,,1377862038.0
2010,OR,Greg Kord,Constitution,,0,0,0,0,,
2010,OR,Wes Wagner,Libertarian,,0,0,0,0,,
2010,PA,Tom Corbett,Republican,Tom Corbett,1,1,0,1,46th Attorney General of Pennsylvania,1374904110.0
2010,PA,Dan Onorato,Democratic,Dan Onorato,1,0,0,0,,1363858792.0
2010,RI,Lincoln Chafee,Independent,Lincoln Chafee,1,0,1,1,United States Senator Rhode Island,1377886442.0
2010,RI,John Robitaille,Republican,,0,0,0,0,,
2010,RI,Frank T. Caprio,Democratic,Frank T. Caprio,1,1,0,1,29th Treasurer of Rhode Island,1373957889.0
2010,RI,Ken Block,Moderate,Ken Block (politician),1,0,0,0,,1374159849.0
2010,SC,Nikki Haley,Republican,Nikki Haley,1,0,0,0,,1378294147.0
2010,SC,Vincent Sheheen,Democratic,Vincent Sheheen,1,0,0,0,,1353748159.0
2010,SC,Morgan B. Reeves,United Citizens,,0,0,0,0,,
2010,SD,Dennis Daugaard,Republican,Dennis Daugaard,1,1,0,1,37th Lieutenant Governor of South Dakota,1361222719.0
2010,SD,Scott Heidepriem,Democratic,Scott Heidepriem,1,0,0,0,,1365782060.0
2010,TN,Bill Haslam,Republican,Bill Haslam,1,0,0,0,,1376344405.0
2010,TN,Mike McWherter,Democratic,Mike McWherter,1,0,0,0,,1378630441.0
2010,TX,Rick Perry,Republican,Rick Perry,1,1,0,1,Governor of Texas,1378526053.0
2010,TX,Bill White,Democratic,Bill White (Texas politician),1,0,0,0,,1356602625.0
2010,TX,Kathie Glass,Libertarian,,0,0,0,0,,
2010,VT,Peter Shumlin,Democratic,Peter Shumlin,1,0,0,0,,1376407111.0
2010,VT,Brian Dubie,Republican,Brian Dubie,1,1,0,1,80th Lieutenant Governor of Vermont,1365967907.0
2010,WI,Scott Walker,Republican,Scott Walker (politician),1,0,0,0,,1371687071.0
2010,WI,Tom Barrett,Democratic,Tom Barrett (Wisconsin politician),1,0,0,0,,1372377385.0
2010,WY,Matt Mead,Republican,Matt Mead,1,0,0,0,,1371056605.0
2010,WY,Leslie Petersen,Democratic,,0,0,0,0,,
2010,WY,Taylor Haynes,Independent,,0,0,0,0,,
2010,WY,Mike Wheeler,Libertarian,,0,0,0,0,,
2012,DE,Jack Markell,Democratic,Jack Markell,1,1,0,1,Chair of the National Governors Association,1378677836.0
2012,DE,Jeff Cragg,Republican,,0,0,0,0,,
2012,DE,Mark Perri,Green,,0,0,0,0,,
2012,IN,Mike Pence,Republican,Mike Pence,1,0,0,0,,1378420164.0
2012,IN,John R. Gregg,Democratic,John R. Gregg,1,0,0,0,,1365629262.0
2012,IN,Rupert Boneham,Libertarian,Rupert Boneham,1,0,0,0,,1372227859.0
2012,MO,Jay Nixon,Democratic,Jay Nixon,1,1,0,1,40th Attorney General of Missouri,1364570907.0
2012,MO,Dave Spence,Republican,Dave Spence,1,0,0,0,,1370334000.0
2012,MO,Jim Higgins,Libertarian,,0,0,0,0,,
2012,MT,Steve Bullock,Democratic,Steve Bullock (American politician),1,1,0,1,23rd Attorney General of Montana,1376712183.0
2012,MT,Rick Hill,Republican,Rick Hill,1,0,0,0,,1367172558.0
2012,MT,Ron Vandevender,Libertarian,,0,0,0,0,,
2012,NH,Maggie Hassan,Democratic,Maggie Hassan,1,0,0,0,,1378242705.0
2012,NH,Ovide Lamontagne,Republican,Ovide Lamontagne,1,0,0,0,,1356670124.0
2012,NH,John J. Babiarz,Libertarian,,0,0,0,0,,
2012,NC,Pat McCrory,Republican,Pat McCrory,1,0,0,0,,1378565046.0
2012,NC,Walter Dalton,Democratic,Walter Dalton,1,1,0,1,33rd Lieutenant Governor of North Carolina,1373973465.0
2012,NC,Barbara Howe,Libertarian,,0,0,0,0,,
2012,ND,Jack Dalrymple,Republican,Jack Dalrymple,1,1,0,1,36th Lieutenant Governor of North Dakota,1351678673.0
2012,ND,Ryan Taylor,Democratic–NPL,,0,0,0,0,,
2012,ND,Paul Sorum,Independent,,0,0,0,0,,
2012,UT,Gary Herbert,Republican,Gary Herbert,1,1,0,1,6th Lieutenant Governor of Utah,1368274781.0
2012,UT,Peter Cooke,Democratic,Peter Cooke (politician),1,0,0,0,,1350626361.0
2012,UT,Ken Larsen,Libertarian,,0,0,0,0,,
2012,UT,Kirk Pearson,Constitution,,0,0,0,0,,
2012,VT,Peter Shumlin,Democratic,Peter Shumlin,1,0,0,0,,1376407111.0
2012,VT,Randy Brock,Republican,Randy Brock,1,1,0,1,28th Auditor of Vermont,1366428541.0
2012,VT,Emily Peyton,Independent,,0,0,0,0,,
2012,VT,Cris Ericson,Marijuana,Cris Ericson,1,0,0,0,,1377069501.0
2012,WA,Jay Inslee,Democratic,Jay Inslee,1,0,0,0,,1378359296.0
2012,WA,Rob McKenna,Republican,Rob McKenna,1,1,0,1,17th Attorney General of Washington,1377513183.0
2012,WV,Earl Ray Tomblin,Democratic,Earl Ray Tomblin,1,1,0,1,President of the West Virginia Senate Lieutenant Governor of West Virginia,1377759440.0
2012,WV,Bill Maloney,Republican,Bill Maloney,1,0,0,0,,1369014243.0
2012,WV,Jesse Johnson,Mountain,Jesse Johnson (West Virginia politician),1,0,0,0,,1370789664.0
2012,WV,David Moran,Libertarian,,0,0,0,0,,
2014,AL,Robert J. Bentley,Republican,Robert J. Bentley,1,0,0,0,,1359341209.0
2014,AL,Parker Griffith,Democratic,Parker Griffith,1,0,0,0,,1378342518.0
2014,AK,Bill Walker,Independent,Bill Walker (American politician),1,0,0,0,,1374573840.0
2014,AK,Sean Parnell,Republican,Sean Parnell,1,1,0,1,9th Lieutenant Governor of Alaska,1366229204.0
2014,AK,Carolyn Clift,Libertarian,,0,0,0,0,,
2014,AK,J. R. Myers,Constitution,,0,0,0,0,,
2014,AZ,Doug Ducey,Republican,Doug Ducey,1,1,0,1,42nd Treasurer of Arizona,1376998046.0
2014,AZ,Fred DuVal,Democratic,Fred DuVal,1,0,0,0,,1353185820.0
2014,AZ,Barry Hess,Libertarian,Barry Hess,1,0,0,0,,1376377316.0
2014,AZ,John Lewis Mealer,Americans Elect,,0,0,0,0,,
2014,AR,Asa Hutchinson,Republican,Asa Hutchinson,1,0,0,0,,1370713675.0
2014,AR,Mike Ross,Democratic,Mike Ross (politician),1,0,0,0,,1377578934.0
2014,AR,Frank Gilbert,Libertarian,,0,0,0,0,,
2014,AR,Josh Drake,Green,,0,0,0,0,,
2014,CA,Jerry Brown,Democratic,Jerry Brown,1,1,0,1,31st Attorney General of California,1378405519.0
2014,CA,Neel Kashkari,Republican,Neel Kashkari,1,0,0,0,,1368828665.0
2014,CO,John Hickenlooper,Democratic,John Hickenlooper,1,1,0,1,Chair of the National Governors Association,1377012866.0
2014,CO,Bob Beauprez,Republican,Bob Beauprez,1,0,0,0,,1364736548.0
2014,CO,Matthew Hess,Libertarian,,0,0,0,0,,
2014,CO,Harry Hempy,Green,,0,0,0,0,,
2014,CO,Mike Dunafon,Independent,,0,0,0,0,,
2014,CT,Dannel Malloy,Democratic,Dannel Malloy,1,0,0,0,,1377888239.0
2014,CT,Thomas C. Foley,Republican,Thomas C. Foley,1,0,0,0,,1350854419.0
2014,CT,Joe Visconti,Independent,,0,0,0,0,,
2014,FL,Rick Scott,Republican,Rick Scott,1,0,0,0,,1376813554.0
2014,FL,Charlie Crist,Democratic,Charlie Crist,1,1,0,1,35th Attorney General of Florida,1375541622.0
2014,FL,Adrian Wyllie,Libertarian,Adrian Wyllie,1,0,0,0,,1372660685.0
2014,GA,Nathan Deal,Republican,Nathan Deal,1,0,0,0,,1366363203.0
2014,GA,Jason Carter,Democratic,Jason Carter (politician),1,0,0,0,,1366362609.0
2014,GA,Andrew Hunt,Libertarian,,0,0,0,0,,
2014,HI,David Ige,Democratic,David Ige,1,0,0,0,,1369672802.0
2014,HI,Duke Aiona,Republican,Duke Aiona,1,1,0,1,11th Lieutenant Governor of Hawaii,1368480654.0
2014,HI,Mufi Hannemann,Independent,Mufi Hannemann,1,0,0,0,,1347511939.0
2014,HI,Jeff Davis,Libertarian,,0,0,0,0,,
2014,ID,Butch Otter,Republican,Butch Otter,1,1,0,1,37th Lieutenant Governor of Idaho,1368952481.0
2014,ID,A. J. Balukoff,Democratic,,0,0,0,0,,
2014,ID,John Bujak,Libertarian,,0,0,0,0,,
2014,ID,Jill Humble,Independent,,0,0,0,0,,
2014,ID,Steven Pankey,Constitution,Steven Pankey,1,0,0,0,,1376871840.0
2014,IL,Bruce Rauner,Republican,Bruce Rauner,1,0,0,0,,1371316132.0
2014,IL,Pat Quinn,Democratic,Pat Quinn (politician),1,1,0,1,45th Lieutenant Governor of Illinois,1376264140.0
2014,IL,Chad Grimm,Libertarian,,0,0,0,0,,
2014,IA,Terry Branstad,Republican,Terry Branstad,1,1,0,1,Chair of the National Governors Association,1370523144.0
2014,IA,Jack Hatch,Democratic,Jack Hatch,1,0,0,0,,1365595850.0
2014,IA,Lee Hieb,Libertarian,,0,0,0,0,,
2014,KS,Sam Brownback,Republican,Sam Brownback,1,0,1,1,United States Senator Kansas,1371960401.0
2014,KS,Paul Davis,Democratic,Paul Davis (Kansas politician),1,0,0,0,,1365697352.0
2014,KS,Keen Umbehr,Libertarian,,0,0,0,0,,
2014,ME,Paul LePage,Republican,Paul LePage,1,1,0,1,74th Governor of Maine,1377442478.0
2014,ME,Mike Michaud,Democratic,Mike Michaud,1,0,0,0,,1368171482.0
2014,ME,Eliot Cutler,Independent,Eliot Cutler,1,0,0,0,,1375597120.0
2014,MD,Larry Hogan,Republican,Larry Hogan,1,0,0,0,,1370849853.0
2014,MD,Anthony Brown,Democratic,Anthony Brown (Maryland politician),1,1,0,1,8th Lieutenant Governor of Maryland,1372666398.0
2014,MD,Shawn Quinn,Libertarian,,0,0,0,0,,
2014,MA,Charlie Baker,Republican,Charlie Baker,1,0,0,0,,1378314764.0
2014,MA,Martha Coakley,Democratic,Martha Coakley,1,1,0,1,43rd Attorney General of Massachusetts,1371482030.0
2014,MA,Evan Falchuk,United Independent,,0,0,0,0,,
2014,MI,Rick Snyder,Republican,Rick Snyder,1,0,0,0,,1378220712.0
2014,MI,Mark Schauer,Democratic,Mark Schauer,1,0,0,0,,1364795824.0
2014,MI,Mary Buzuma,Libertarian,,0,0,0,0,,
2014,MN,Mark Dayton,DFL,Mark Dayton,1,1,1,1,United States Senator Minnesota,1376287008.0
2014,MN,Jeff Johnson,Republican,Jeff Johnson (Minnesota politician),1,0,0,0,,1365605112.0
2014,MN,Hannah Nicollet,Independence,,0,0,0,0,,
2014,MN,Chris Wright,GLC,,0,0,0,0,,
2014,NE,Pete Ricketts,Republican,Pete Ricketts,1,0,0,0,,1378183269.0
2014,NE,Chuck Hassebrook,Democratic,,0,0,0,0,,
2014,NE,Mark Elworth Jr.,Libertarian,,0,0,0,0,,
2014,NV,Brian Sandoval,Republican,Brian Sandoval,1,1,0,1,30th Attorney General of Nevada,1368395970.0
2014,NV,Bob Goodman,Democratic,,0,0,0,0,,
2014,NV,David VanDerBeek,Independent American,,0,0,0,0,,
2014,NH,Maggie Hassan,Democratic,Maggie Hassan,1,1,0,1,81st Governor of New Hampshire,1378242705.0
2014,NH,Walt Havenstein,Republican,Walt Havenstein,1,0,0,0,,1350846837.0
2014,NM,Susana Martinez,Republican,Susana Martinez,1,0,0,0,,1375916553.0
2014,NM,Gary King,Democratic,Gary King (politician),1,1,0,1,30th Attorney General of New Mexico,1372716723.0
2014,NY,Andrew Cuomo,Democratic,Andrew Cuomo,1,1,0,1,64th Attorney General of New York,1378678510.0
2014,NY,Rob Astorino,Republican,Rob Astorino,1,0,0,0,,1376472967.0
2014,NY,Howie Hawkins,Green,Howie Hawkins,1,0,0,0,,1377069573.0
2014,OH,John Kasich,Republican,John Kasich,1,0,0,0,,1369078290.0
2014,OH,Ed FitzGerald,Democratic,Ed FitzGerald,1,0,0,0,,1374400307.0
2014,OH,Anita Rios,Green,,0,0,0,0,,
2014,OK,Mary Fallin,Republican,Mary Fallin,1,1,0,1,Chair of the National Governors Association,1368424761.0
2014,OK,Joe Dorman,Democratic,Joe Dorman,1,0,0,0,,1369749383.0
2014,OK,Kimberly Willis,Independent,,0,0,0,0,,
2014,OK,Richard Prawdzienski,Independent,,0,0,0,0,,
2014,OR,John Kitzhaber,Democratic,John Kitzhaber,1,1,0,1,35th and 37th Governor of Oregon,1364571720.0
2014,OR,Dennis Richardson,Republican,Dennis Richardson (politician),1,0,0,0,,1367529277.0
2014,OR,Jason Levin,Green,,0,0,0,0,,
2014,OR,Paul Grad,Libertarian,,0,0,0,0,,
2014,OR,Aaron Auer,Constitution,,0,0,0,0,,
2014,OR,Chris Henry,Progressive,,0,0,0,0,,
2014,PA,Tom Wolf,Democratic,Tom Wolf,1,0,0,0,,1378009342.0
2014,PA,Tom Corbett,Republican,Tom Corbett,1,1,0,1,46th Attorney General of Pennsylvania,1374904110.0
2014,RI,Gina Raimondo,Democratic,Gina Raimondo,1,1,0,1,30th Treasurer of Rhode Island,1378372681.0
2014,RI,Allan Fung,Republican,Allan Fung,1,0,0,0,,1365347931.0
2014,RI,Robert J. Healey,Moderate,Robert J. Healey,1,0,0,0,,1377069578.0
2014,RI,Kate Fletcher,Independent,,0,0,0,0,,
2014,SC,Nikki Haley,Republican,Nikki Haley,1,0,0,0,,1378294147.0
2014,SC,Vincent Sheheen,Democratic,Vincent Sheheen,1,0,0,0,,1353748159.0
2014,SC,Steve French,Libertarian,,0,0,0,0,,
2014,SD,Dennis Daugaard,Republican,Dennis Daugaard,1,1,0,1,37th Lieutenant Governor of South Dakota,1361222719.0
2014,SD,Susan Wismer,Democratic,Susan Wismer,1,0,0,0,,1365787266.0
2014,SD,Michael J. Myers,Independent,,0,0,0,0,,
2014,TN,Bill Haslam,Republican,Bill Haslam,1,0,0,0,,1376344405.0
2014,TN,Charles Brown,Democratic,,0,0,0,0,,
2014,TN,John Jay Hooker,Independent,John Jay Hooker,1,0,0,0,,1328931095.0
2014,TN,Shaun Crowell,Constitution,,0,0,0,0,,
2014,TN,Isa Infante,Green,,0,0,0,0,,
2014,TX,Greg Abbott,Republican,Greg Abbott,1,1,0,1,50th Attorney General of Texas,1376548972.0
2014,TX,Wendy Davis,Democratic,Wendy Davis (politician),1,0,0,0,,1365651945.0
2014,TX,Kathie Glass,Libertarian,,0,0,0,0,,
2014,VT,Peter Shumlin,Democratic,Peter Shumlin,1,0,0,0,,1376407111.0
2014,VT,Scott Milne,Republican,Scott Milne,1,0,0,0,,1296386380.0
2014,VT,Dan Feliciano,Libertarian,,0,0,0,0,,
2014,VT,Emily Peyton,Independent,,0,0,0,0,,
2014,WI,Scott Walker,Republican,Scott Walker (politician),1,0,0,0,,1371687071.0
2014,WI,Mary Burke,Democratic,Mary Burke,1,0,0,0,,1353877334.0
2014,WY,Matt Mead,Republican,Matt Mead,1,0,0,0,,1371056605.0
2014,WY,Pete Gosar,Democratic,Pete Gosar,1,0,0,0,,1355281949.0
2014,WY,Don Wills,Independent,,0,0,0,0,,
2014,WY,Dee Cozzens,Libertarian,,0,0,0,0,,
2016,DE,John Carney,Democratic,John Carney (Delaware politician),1,1,0,1,24th Lieutenant Governor of Delaware,1378401786.0
2016,DE,Colin Bonini,Republican,Colin Bonini,1,0,0,0,,1365535154.0
2016,DE,Andrew Groff,Green,,0,0,0,0,,
2016,DE,Sean Louis Goward,Libertarian,,0,0,0,0,,
2016,IN,Eric Holcomb,Republican,Eric Holcomb,1,1,0,1,51st Lieutenant Governor of Indiana,1375784505.0
2016,IN,John R. Gregg,Democratic,John R. Gregg,1,0,0,0,,1365629262.0
2016,IN,Rex Bell,Libertarian,,0,0,0,0,,
2016,MO,Eric Greitens,Republican,Eric Greitens,1,0,0,0,,1375158317.0
2016,MO,Chris Koster,Democratic,Chris Koster,1,1,0,1,41st Attorney General of Missouri,1365530487.0
2016,MO,Cisse Spragins,Libertarian,,0,0,0,0,,
2016,MO,Don Fitz,Green,,0,0,0,0,,
2016,MT,Steve Bullock,Democratic,Steve Bullock (American politician),1,1,0,1,23rd Attorney General of Montana,1376712183.0
2016,MT,Greg Gianforte,Republican,Greg Gianforte,1,0,0,0,,1377988673.0
2016,MT,Ted Dunlap,Libertarian,,0,0,0,0,,
2016,NH,Chris Sununu,Republican,Chris Sununu,1,0,0,0,,1375681607.0
2016,NH,Colin Van Ostern,Democratic,Colin Van Ostern,1,0,0,0,,1354183848.0
2016,NH,Max Abramson,Libertarian,,0,0,0,0,,
2016,NC,Roy Cooper,Democratic,Roy Cooper,1,1,0,1,50th Attorney General of North Carolina,1378467005.0
2016,NC,Pat McCrory,Republican,Pat McCrory,1,0,0,0,,1378565046.0
2016,NC,Lon Cecil,Libertarian,,0,0,0,0,,
2016,ND,Doug Burgum,Republican,Doug Burgum,1,0,0,0,,1376972736.0
2016,ND,Marvin Nelson,Democratic–NPL,Marvin Nelson,1,0,0,0,,1365682876.0
2016,ND,Marty Riske,Libertarian,,0,0,0,0,,
2016,OR,Kate Brown,Democratic,Kate Brown,1,1,0,1,38th Governor of Oregon,1370497407.0
2016,OR,Bud Pierce,Republican,Bud Pierce,1,0,0,0,,1358032678.0
2016,OR,James Foster,Libertarian,,0,0,0,0,,
2016,OR,Aaron Donald Auer,Constitution,,0,0,0,0,,
2016,UT,Gary Herbert,Republican,Gary Herbert,1,1,0,1,Chair of the National Governors Association,1368274781.0
2016,UT,Mike Weinholtz,Democratic,,0,0,0,0,,
2016,UT,Brian Kamerath,Libertarian,,0,0,0,0,,
2016,UT,Superdell Schnaze,Independent American,,0,0,0,0,,
2016,VT,Phil Scott,Republican,Phil Scott,1,1,0,1,81st Lieutenant Governor of Vermont,1376872964.0
2016,VT,Sue Minter,Democratic,Sue Minter,1,0,0,0,,1365786853.0
2016,VT,Bill Lee,Independent,,0,0,0,0,,
2016,WA,Jay Inslee,Democratic,Jay Inslee,1,0,0,0,,1378359296.0
2016,WA,Bill Bryant,Republican,Bill Bryant (politician),1,0,0,0,,1363983912.0
2016,WV,Jim Justice,Democratic,Jim Justice,1,0,0,0,,1374952673.0
2016,WV,Bill Cole,Republican,,0,0,0,0,,
2016,WV,Charlotte Pritt,Mountain,Charlotte Pritt,1,0,0,0,,1365529157.0
2016,WV,David Moran,Libertarian,,0,0,0,0,,
2016,WV,Phil Hudok,Constitution,,0,0,0,0,,
2018,AL,Kay Ivey,Republican,Kay Ivey,1,1,0,1,30th Lieutenant Governor of Alabama,1377384852.0
2018,AL,Walt Maddox,Democratic,Walt Maddox,1,0,0,0,,1374300663.0
2018,AK,Mike Dunleavy,Republican,Mike Dunleavy (politician),1,0,0,0,,1377300505.0
2018,AK,Mark Begich,Democratic,Mark Begich,1,0,1,1,United States Senator Alaska,1377935824.0
2018,AK,Bill Walker,Independent,Bill Walker (American politician),1,0,0,0,,1374573840.0
2018,AK,William Toien,Libertarian,,0,0,0,0,,
2018,AZ,Doug Ducey,Republican,Doug Ducey,1,1,0,1,42nd Treasurer of Arizona,1376998046.0
2018,AZ,David Garcia,Democratic,David Garcia (politician),1,0,0,0,,1310342436.0
2018,AZ,Angel Torres,Green,,0,0,0,0,,
2018,AR,Asa Hutchinson,Republican,Asa Hutchinson,1,0,0,0,,1370713675.0
2018,AR,Jared Henderson,Democratic,,0,0,0,0,,
2018,AR,Mark West,Libertarian,,0,0,0,0,,
2018,CA,Gavin Newsom,Democratic,Gavin Newsom,1,1,0,1,49th Lieutenant Governor of California,1377534074.0
2018,CA,John H. Cox,Republican,John H. Cox,1,0,0,0,,1377675748.0
2018,CO,Jared Polis,Democratic,Jared Polis,1,0,0,0,,1376526876.0
2018,CO,Walker Stapleton,Republican,Walker Stapleton,1,1,0,1,56th Treasurer of Colorado,1363822114.0
2018,CO,Scott Helker,Libertarian,,0,0,0,0,,
2018,CO,Bill Hammons,Unity,,0,0,0,0,,
2018,CT,Ned Lamont,Democratic,Ned Lamont,1,0,0,0,,1375080236.0
2018,CT,Bob Stefanowski,Republican,Bob Stefanowski,1,0,0,0,,1369810998.0
2018,CT,Oz Griebel,Independent,Oz Griebel,1,0,0,0,,1375615102.0
2018,FL,Ron DeSantis,Republican,Ron DeSantis,1,0,0,0,,1378515513.0
2018,FL,Andrew Gillum,Democratic,Andrew Gillum,1,0,0,0,,1378687353.0
2018,GA,Brian Kemp,Republican,Brian Kemp,1,1,0,1,27th Secretary of State of Georgia,1376230618.0
2018,GA,Stacey Abrams,Democratic,Stacey Abrams,1,0,0,0,,1377979506.0
2018,HI,David Ige,Democratic,David Ige,1,0,0,0,,1369672802.0
2018,HI,Andria Tupola,Republican,Andria Tupola,1,0,0,0,,1372341535.0
2018,HI,Jim Brewer,Green,,0,0,0,0,,
2018,HI,Terrence Teruya,Nonpartisan,,0,0,0,0,,
2018,ID,Brad Little,Republican,Brad Little,1,1,0,1,42nd Lieutenant Governor of Idaho,1370197408.0
2018,ID,Paulette Jordan,Democratic,Paulette Jordan,1,0,0,0,,1366632788.0
2018,ID,Bev Boeck,Libertarian,,0,0,0,0,,
2018,ID,Walter L. Bayes,Constitution,,0,0,0,0,,
2018,IL,J. B. Pritzker,Democratic,J. B. Pritzker,1,0,0,0,,1378028439.0
2018,IL,Bruce Rauner,Republican,Bruce Rauner,1,0,0,0,,1371316132.0
2018,IL,Sam McCann,Conservative,Sam McCann,1,0,0,0,,1378711542.0
2018,IL,Kash Jackson,Libertarian,,0,0,0,0,,
2018,IA,Kim Reynolds,Republican,Kim Reynolds,1,1,0,1,46th Lieutenant Governor of Iowa,1376531546.0
2018,IA,Fred Hubbell,Democratic,Fred Hubbell,1,0,0,0,,1354882535.0
2018,IA,Jake Porter,Libertarian,,0,0,0,0,,
2018,KS,Laura Kelly,Democratic,Laura Kelly,1,0,0,0,,1375123223.0
2018,KS,Kris Kobach,Republican,Kris Kobach,1,1,0,1,31st Secretary of State of Kansas,1377675541.0
2018,KS,Greg Orman,Independent,Greg Orman,1,0,0,0,,1376202815.0
2018,KS,Jeff Caldwell,Libertarian,,0,0,0,0,,
2018,ME,Janet Mills,Democratic,Janet Mills,1,1,0,1,55th and 57th Attorney General of Maine,1376630508.0
2018,ME,Shawn Moody,Republican,,0,0,0,0,,
2018,ME,Terry Hayes,Independent,Terry Hayes (politician),1,1,0,1,51st Treasurer of Maine,1378167476.0
2018,MD,Larry Hogan,Republican,Larry Hogan,1,0,0,0,,1370849853.0
2018,MD,Ben Jealous,Democratic,Ben Jealous,1,0,0,0,,1371740004.0
2018,MA,Charlie Baker,Republican,Charlie Baker,1,0,0,0,,1378314764.0
2018,MA,Jay Gonzalez,Democratic,Jay Gonzalez (politician),1,0,0,0,,1378510747.0
2018,MI,Gretchen Whitmer,Democratic,Gretchen Whitmer,1,0,0,0,,1377810693.0
2018,MI,Bill Schuette,Republican,Bill Schuette,1,1,0,1,53rd Attorney General of Michigan,1377061892.0
2018,MI,Bill Gelineau,Libertarian,,0,0,0,0,,
2018,MN,Tim Walz,DFL,Tim Walz,1,0,0,0,,1374892940.0
2018,MN,Jeff Johnson,Republican,Jeff Johnson (Minnesota politician),1,0,0,0,,1365605112.0
2018,MN,Chris Wright,GLC,Chris Wright (activist),1,0,0,0,,1355466980.0
2018,MN,Josh Welter,Libertarian,,0,0,0,0,,
2018,NE,Pete Ricketts,Republican,Pete Ricketts,1,0,0,0,,1378183269.0
2018,NE,Bob Krist,Democratic,Bob Krist,1,0,0,0,,1375234627.0
2018,NV,Steve Sisolak,Democratic,Steve Sisolak,1,0,0,0,,1366863989.0
2018,NV,Adam Laxalt,Republican,Adam Laxalt,1,1,0,1,33rd Attorney General of Nevada,1364186806.0
2018,NV,Ryan C. Bundy,Independent,Ryan C. Bundy,1,0,0,0,,1376358903.0
2018,NV,Russell Best,Independent American,,0,0,0,0,,
2018,NH,Chris Sununu,Republican,Chris Sununu,1,1,0,1,82nd Governor of New Hampshire,1375681607.0
2018,NH,Molly Kelly,Democratic,Molly Kelly,1,0,0,0,,1374071966.0
2018,NH,Jilletta Jarvis,Libertarian,,0,0,0,0,,
2018,NM,Michelle Lujan Grisham,Democratic,Michelle Lujan Grisham,1,0,0,0,,1376162551.0
2018,NM,Steve Pearce,Republican,Steve Pearce (politician),1,0,0,0,,1374598766.0
2018,NY,Andrew Cuomo,Democratic,Andrew Cuomo,1,1,0,1,64th Attorney General of New York,1378678510.0
2018,NY,Marc Molinaro,Republican,Marc Molinaro,1,0,0,0,,1367909102.0
2018,NY,Howie Hawkins,Green,Howie Hawkins,1,0,0,0,,1377069573.0
2018,NY,Larry Sharpe,Libertarian,Larry Sharpe (political activist),1,0,0,0,,1366217230.0
2018,OH,Mike DeWine,Republican,Mike DeWine,1,1,1,1,United States Senator Ohio,1378614261.0
2018,OH,Richard Cordray,Democratic,Richard Cordray,1,1,0,1,49th Attorney General of Ohio,1377033395.0
2018,OH,Travis Irvine,Libertarian,,0,0,0,0,,
2018,OH,Constance Gadell-Newton,Green,,0,0,0,0,,
2018,OK,Kevin Stitt,Republican,Kevin Stitt,1,0,0,0,,1377388705.0
2018,OK,Drew Edmondson,Democratic,Drew Edmondson,1,1,0,1,16th Attorney General of Oklahoma,1360170890.0
2018,OK,Chris Powell,Libertarian,Chris Powell (politician),1,0,0,0,,1342309279.0
2018,OR,Kate Brown,Democratic,Kate Brown,1,1,0,1,38th Governor of Oregon,1370497407.0
2018,OR,Knute Buehler,Republican,Knute Buehler,1,0,0,0,,1377956761.0
2018,OR,Patrick Starnes,Independent,,0,0,0,0,,
2018,OR,Nick Chen,Libertarian,,0,0,0,0,,
2018,OR,Aaron Auer,Constitution,,0,0,0,0,,
2018,PA,Tom Wolf,Democratic,Tom Wolf,1,0,0,0,,1378009342.0
2018,PA,Scott Wagner,Republican,Scott Wagner,1,0,0,0,,1365782369.0
2018,PA,Ken Krawchuk,Libertarian,,0,0,0,0,,
2018,RI,Gina Raimondo,Democratic,Gina Raimondo,1,1,0,1,30th Treasurer of Rhode Island,1378372681.0
2018,RI,Allan Fung,Republican,Allan Fung,1,0,0,0,,1365347931.0
2018,RI,Joe Trillo,Independent,Joe Trillo,1,0,0,0,,1367535740.0
2018,RI,Bill Gilbert,Moderate,,0,0,0,0,,
2018,RI,Luis-Daniel Munoz,Independent,,0,0,0,0,,
2018,RI,Anne Armstrong,Compassion,,0,0,0,0,,
2018,SC,Henry McMaster,Republican,Henry McMaster,1,1,0,1,91st Lieutenant Governor of South Carolina,1374596885.0
2018,SC,James E. Smith Jr.,Democratic,James E. Smith Jr.,1,0,0,0,,1364894648.0
2018,SD,Kristi Noem,Republican,Kristi Noem,1,0,0,0,,1378709202.0
2018,SD,Billie Sutton,Democratic,Billie Sutton,1,0,0,0,,1365514889.0
2018,SD,Kurt Evans,Libertarian,,0,0,0,0,,
2018,TN,Bill Lee,Republican,Bill Lee (Tennessee politician),1,0,0,0,,1377857517.0
2018,TN,Karl Dean,Democratic,Karl Dean,1,0,0,0,,1353243587.0
2018,TX,Greg Abbott,Republican,Greg Abbott,1,1,0,1,Governor of Texas,1376548972.0
2018,TX,Lupe Valdez,Democratic,Lupe Valdez,1,0,0,0,,1373414628.0
2018,TX,Mark Tippetts,Libertarian,,0,0,0,0,,
2018,VT,Phil Scott,Republican,Phil Scott,1,1,0,1,81st Lieutenant Governor of Vermont,1376872964.0
2018,VT,Christine Hallquist,Democratic,Christine Hallquist,1,0,0,0,,1368804689.0
2018,VT,Trevor Barlow,Independent,,0,0,0,0,,
2018,WI,Tony Evers,Democratic,Tony Evers,1,0,0,0,,1377523716.0
2018,WI,Scott Walker,Republican,Scott Walker (politician),1,1,0,1,Chair of the Republican Governors Association,1371687071.0
2018,WY,Mark Gordon,Republican,Mark Gordon (politician),1,1,0,1,29th Treasurer of Wyoming,1374700472.0
2018,WY,Mary Throne,Democratic,Mary Throne,1,0,0,0,,1365684085.0
2018,WY,Rex Rammell,Constitution,Rex Rammell,1,0,0,0,,1355867711.0
2018,WY,Lawrence Struempf,Libertarian,,0,0,0,0,,
2020,DE,John Carney,Democratic,John Carney (Delaware politician),1,1,0,1,24th Lieutenant Governor of Delaware,1378401786.0
2020,DE,Julianne Murray,Republican,Julianne Murray,1,0,0,0,,1375267396.0
2020,DE,Kathy DeMatteis,Independent,,0,0,0,0,,
2020,IN,Eric Holcomb,Republican,Eric Holcomb,1,1,0,1,51st Lieutenant Governor of Indiana,1375784505.0
2020,IN,Woody Myers,Democratic,Woody Myers,1,0,0,0,,1345412004.0
2020,IN,Donald Rainwater,Libertarian,,0,0,0,0,,
2020,MO,Mike Parson,Republican,Mike Parson,1,1,0,1,47th Lieutenant Governor of Missouri,1364575331.0
2020,MO,Nicole Galloway,Democratic,Nicole Galloway,1,1,0,1,38th Auditor of Missouri,1375109756.0
2020,MO,Rik Combs,Libertarian,Rik Combs,1,0,0,0,,1378465736.0
2020,MT,Greg Gianforte,Republican,Greg Gianforte,1,0,0,0,,1377988673.0
2020,MT,Mike Cooney,Democratic,Mike Cooney,1,1,0,1,36th Lieutenant Governor of Montana,1365688903.0
2020,MT,Lyman Bishop,Libertarian,,0,0,0,0,,
2020,NH,Chris Sununu,Republican,Chris Sununu,1,1,0,1,82nd Governor of New Hampshire,1375681607.0
2020,NH,Dan Feltes,Democratic,Dan Feltes,1,0,0,0,,1367736115.0
2020,NH,Darryl W. Perry,Libertarian,,0,0,0,0,,
2020,NC,Roy Cooper,Democratic,Roy Cooper,1,1,0,1,Governor of North Carolina,1378467005.0
2020,NC,Dan Forest,Republican,Dan Forest,1,1,0,1,34th Lieutenant Governor of North Carolina,1370046727.0
2020,NC,Steven J. DiFiore,Libertarian,,0,0,0,0,,
2020,ND,Doug Burgum,Republican,Doug Burgum,1,0,0,0,,1376972736.0
2020,ND,Shelley Lenz,Democratic–NPL,Shelley Lenz,1,0,0,0,,1366017514.0
2020,ND,DuWayne Hendrickson,Libertarian,,0,0,0,0,,
2020,UT,Spencer Cox,Republican,Spencer Cox (politician),1,1,0,1,8th Lieutenant Governor of Utah,1378203905.0
2020,UT,Christopher Peterson,Democratic,Christopher Peterson (law professor),1,0,0,0,,1366420702.0
2020,UT,Daniel Cottam,Libertarian,,0,0,0,0,,
2020,UT,Gregory Duerden,Independent American,,0,0,0,0,,
2020,VT,Phil Scott,Republican,Phil Scott,1,1,0,1,81st Lieutenant Governor of Vermont,1376872964.0
2020,VT,David Zuckerman,Progressive,David Zuckerman (politician),1,0,0,0,,1371142691.0
2020,VT,Kevin Hoyt,Independent,,0,0,0,0,,
2020,VT,Emily Peyton,Independent,,0,0,0,0,,
2020,WA,Jay Inslee,Democratic,Jay Inslee,1,0,0,0,,1378359296.0
2020,WA,Loren Culp,Republican,,0,0,0,0,,
2020,WV,Jim Justice,Republican,Jim Justice,1,0,0,0,,1374952673.0
2020,WV,Ben Salango,Democratic,,0,0,0,0,,
2020,WV,Erika Kolenich,Libertarian,,0,0,0,0,,
2020,WV,S. Marshall Wilson,Independent/write-in,S. Marshall Wilson,1,0,0,0,,1377272204.0
2020,WV,Daniel Lutz,Mountain,,0,0,0,0,,
2022,AL,Kay Ivey,Republican,Kay Ivey,1,1,0,1,30th Lieutenant Governor of Alabama,1377384852.0
2022,AL,Yolanda Flowers,Democratic,,0,0,0,0,,
2022,AL,Jimmy Blake,Libertarian,,0,0,0,0,,
2022,AK,Mike Dunleavy,Republican,Mike Dunleavy (politician),1,1,0,1,Governor of Alaska,1377300505.0
2022,AK,Les Gara,Democratic,Les Gara,1,0,0,0,,1365673519.0
2022,AK,Bill Walker,Independent,Bill Walker (American politician),1,0,0,0,,1374573840.0
2022,AK,Charlie Pierce,Republican,,0,0,0,0,,
2022,AZ,Katie Hobbs,Democratic,Katie Hobbs,1,1,0,1,21st Secretary of State of Arizona,1377584899.0
2022,AZ,Kari Lake,Republican,Kari Lake,1,0,0,0,,1376377310.0
2022,AR,Sarah Huckabee Sanders,Republican,Sarah Huckabee Sanders,1,0,0,0,,1377750225.0
2022,AR,Chris Jones,Democratic,,0,0,0,0,,
2022,AR,Ricky Harrington,Libertarian,,0,0,0,0,,
2022,CA,Gavin Newsom,Democratic,Gavin Newsom,1,1,0,1,49th Lieutenant Governor of California,1377534074.0
2022,CA,Brian Dahle,Republican,Brian Dahle,1,0,0,0,,1365517806.0
2022,CO,Jared Polis,Democratic,Jared Polis,1,1,0,1,Governor of Colorado,1376526876.0
2022,CO,Heidi Ganahl,Republican,Heidi Ganahl,1,0,0,0,,1376530591.0
2022,CO,Kevin Ruskusky,Libertarian,,0,0,0,0,,
2022,CO,Danielle Neuschwanger,Constitution,,0,0,0,0,,
2022,CO,Paul Noel Fiorino,Unity,Paul Noel Fiorino,1,0,0,0,,1377069526.0
2022,CT,Ned Lamont,Democratic,Ned Lamont,1,0,0,0,,1375080236.0
2022,CT,Bob Stefanowski,Republican,Bob Stefanowski,1,0,0,0,,1369810998.0
2022,CT,Robert Hotaling,Independent,,0,0,0,0,,
2022,FL,Ron DeSantis,Republican,Ron DeSantis,1,0,0,0,,1378515513.0
2022,FL,Charlie Crist,Democratic,Charlie Crist,1,1,0,1,35th Attorney General of Florida,1375541622.0
2022,FL,Carmen Gimenez,Independent,,0,0,0,0,,
2022,FL,Hector Roos,Libertarian,,0,0,0,0,,
2022,GA,Brian Kemp,Republican,Brian Kemp,1,1,0,1,Governor of Georgia,1376230618.0
2022,GA,Stacey Abrams,Democratic,Stacey Abrams,1,0,0,0,,1377979506.0
2022,GA,Shane Hazel,Libertarian,,0,0,0,0,,
2022,HI,Josh Green,Democratic,Josh Green (politician),1,1,0,1,15th Lieutenant Governor of Hawaii,1374498940.0
2022,HI,Duke Aiona,Republican,Duke Aiona,1,1,0,1,11th Lieutenant Governor of Hawaii,1368480654.0
2022,ID,Brad Little,Republican,Brad Little,1,1,0,1,42nd Lieutenant Governor of Idaho,1370197408.0
2022,ID,Stephen Heidt,Democratic,,0,0,0,0,,
2022,ID,Ammon Bundy,Independent,Ammon Bundy,1,0,0,0,,1378616626.0
2022,ID,Paul Sand,Libertarian,,0,0,0,0,,
2022,ID,Chantyrose Davison,Constitution,,0,0,0,0,,
2022,IL,J. B. Pritzker,Democratic,J. B. Pritzker,1,0,0,0,,1378028439.0
2022,IL,Darren Bailey,Republican,Darren Bailey,1,0,0,0,,1376672917.0
2022,IL,Scott Schluter,Libertarian,,0,0,0,0,,
2022,IA,Kim Reynolds,Republican,Kim Reynolds,1,1,0,1,46th Lieutenant Governor of Iowa,1376531546.0
2022,IA,Deidre DeJear,Democratic,,0,0,0,0,,
2022,IA,Rick Stewart,Libertarian,,0,0,0,0,,
2022,KS,Laura Kelly,Democratic,Laura Kelly,1,0,0,0,,1375123223.0
2022,KS,Derek Schmidt,Republican,Derek Schmidt,1,1,0,1,44th Attorney General of Kansas,1376610107.0
2022,KS,Dennis Pyle,Independent,Dennis Pyle,1,0,0,0,,1371412334.0
2022,KS,Seth Cordell,Libertarian,,0,0,0,0,,
2022,ME,Janet Mills,Democratic,Janet Mills,1,1,0,1,75th Governor of Maine,1376630508.0
2022,ME,Paul LePage,Republican,Paul LePage,1,1,0,1,74th Governor of Maine,1377442478.0
2022,ME,Sam Hunkler,Independent,,0,0,0,0,,
2022,MD,Wes Moore,Democratic,Wes Moore,1,0,0,0,,1376270232.0
2022,MD,Dan Cox,Republican,Dan Cox,1,0,0,0,,1374249562.0
2022,MD,David Lashar,Libertarian,,0,0,0,0,,
2022,MD,David Harding,Working Class,,0,0,0,0,,
2022,MD,Nancy Wallace,Green,,0,0,0,0,,
2022,MA,Maura Healey,Democratic,Maura Healey,1,1,0,1,44th Attorney General of Massachusetts,1378182281.0
2022,MA,Geoff Diehl,Republican,Geoff Diehl,1,0,0,0,,1372744422.0
2022,MA,Kevin Reed,Libertarian,,0,0,0,0,,
2022,MI,Gretchen Whitmer,Democratic,Gretchen Whitmer,1,0,0,0,,1377810693.0
2022,MI,Tudor Dixon,Republican,Tudor Dixon,1,0,0,0,,1374936050.0
2022,MI,Mary Buzuma,Libertarian,,0,0,0,0,,
2022,MI,Donna Brandenburg,U.S. Taxpayers,,0,0,0,0,,
2022,MI,Kevin Hogan,Green,,0,0,0,0,,
2022,MI,Daryl Simpson,Natural Law,,0,0,0,0,,
2022,MN,Tim Walz,DFL,Tim Walz,1,0,0,0,,1374892940.0
2022,MN,Scott Jensen,Republican,Scott Jensen (Minnesota politician),1,0,0,0,,1376511445.0
2022,MN,James McCaskel,Legal Marijuana Now,,0,0,0,0,,
2022,MN,Steve Patterson,GLC,,0,0,0,0,,
2022,MN,Hugh McTavish,IPM–Alliance,,0,0,0,0,,
2022,MN,Gabrielle Prosser,Socialist Workers,,0,0,0,0,,
2022,NE,Jim Pillen,Republican,Jim Pillen,1,0,0,0,,1376703219.0
2022,NE,Carol Blood,Democratic,Carol Blood,1,0,0,0,,1353891919.0
2022,NE,Scott Zimmerman,Libertarian,,0,0,0,0,,
2022,NV,Joe Lombardo,Republican,Joe Lombardo,1,0,0,0,,1377741197.0
2022,NV,Steve Sisolak,Democratic,Steve Sisolak,1,0,0,0,,1366863989.0
2022,NV,Brandon Davis,Libertarian,,0,0,0,0,,
2022,NV,Ed Bridges,Independent American,,0,0,0,0,,
2022,NH,Chris Sununu,Republican,Chris Sununu,1,1,0,1,82nd Governor of New Hampshire,1375681607.0
2022,NH,Tom Sherman,Democratic,Tom Sherman (politician),1,0,0,0,,1335684755.0
2022,NH,Kelly Halldorson,Libertarian,,0,0,0,0,,
2022,NH,Karlyn Borysenko,Libertarian,,0,0,0,0,,
2022,NM,Michelle Lujan Grisham,Democratic,Michelle Lujan Grisham,1,0,0,0,,1376162551.0
2022,NM,Mark Ronchetti,Republican,,0,0,0,0,,
2022,NM,Karen Bedonie,Libertarian,,0,0,0,0,,
2022,NY,Kathy Hochul,Democratic,Kathy Hochul,1,1,0,1,Lieutenant Governor of New York,1378288256.0
2022,NY,Lee Zeldin,Republican,Lee Zeldin,1,0,0,0,,1370215975.0
2022,OH,Mike DeWine,Republican,Mike DeWine,1,1,1,1,Governor of Ohio,1378614261.0
2022,OH,Nan Whaley,Democratic,Nan Whaley,1,0,0,0,,1370931678.0
2022,OK,Kevin Stitt,Republican,Kevin Stitt,1,0,0,0,,1377388705.0
2022,OK,Joy Hofmeister,Democratic,Joy Hofmeister,1,1,0,1,14th Oklahoma Superintendent of Public Instruction,1377576186.0
2022,OK,Natalie Bruno,Libertarian,,0,0,0,0,,
2022,OK,Ervin Yen,Independent,Ervin Yen,1,0,0,0,,1360940144.0
2022,OR,Tina Kotek,Democratic,Tina Kotek,1,0,0,0,,1377598811.0
2022,OR,Christine Drazan,Republican,Christine Drazan,1,0,0,0,,1377526283.0
2022,OR,Betsy Johnson,Independent,Betsy Johnson,1,0,0,0,,1376624858.0
2022,OR,Donice Smith,Constitution,,0,0,0,0,,
2022,OR,R. Leon Noble,Libertarian,,0,0,0,0,,
2022,PA,Josh Shapiro,Democratic,Josh Shapiro,1,1,0,1,Attorney General of Pennsylvania,1378582751.0
2022,PA,Doug Mastriano,Republican,Doug Mastriano,1,0,0,0,,1378652192.0
2022,PA,Matt Hackenburg,Libertarian,,0,0,0,0,,
2022,PA,Christina DiGiulio,Green,,0,0,0,0,,
2022,PA,Joe Soloski,Keystone,,0,0,0,0,,
2022,RI,Dan McKee,Democratic,Dan McKee,1,1,0,1,69th Lieutenant Governor of Rhode Island,1377210487.0
2022,RI,Ashley Kalus,Republican,,0,0,0,0,,
2022,RI,Zachary Hurwitz,Independent,,0,0,0,0,,
2022,RI,Paul Rianna Jr.,Independent,,0,0,0,0,,
2022,RI,Elijah Gizzarelli,Libertarian,,0,0,0,0,,
2022,SC,Henry McMaster,Republican,Henry McMaster,1,1,0,1,91st Lieutenant Governor of South Carolina,1374596885.0
2022,SC,Joe Cunningham,Democratic,Joe Cunningham (American politician),1,0,0,0,,1370184066.0
2022,SC,Bruce Reeves,Libertarian,,0,0,0,0,,
2022,SD,Kristi Noem,Republican,Kristi Noem,1,0,0,0,,1378709202.0
2022,SD,Jamie Smith,Democratic,Jamie Smith (politician),1,0,0,0,,1378183265.0
2022,SD,Tracey Quint,Libertarian,,0,0,0,0,,
2022,TN,Bill Lee,Republican,Bill Lee (Tennessee politician),1,0,0,0,,1377857517.0
2022,TN,Jason Martin,Democratic,,0,0,0,0,,
2022,TN,John Gentry,Independent,,0,0,0,0,,
2022,TN,Constance Every,Independent,,0,0,0,0,,
2022,TN,Deborah Rouse,Independent,,0,0,0,0,,
2022,TN,Rick Tyler,Independent,Rick Tyler,1,0,0,0,,1355868465.0
2022,TN,Charles Morgan,Independent,,0,0,0,0,,
2022,TN,Basil Marceaux,Independent,Basil Marceaux,1,0,0,0,,1369151228.0
2022,TN,Alfred O'Neil,Independent,,0,0,0,0,,
2022,TN,Michael Scantland,Independent,,0,0,0,0,,
2022,TX,Greg Abbott,Republican,Greg Abbott,1,1,0,1,Governor of Texas,1376548972.0
2022,TX,Beto O'Rourke,Democratic,Beto O'Rourke,1,0,0,0,,1376981273.0
2022,TX,Mark Tippetts,Libertarian,,0,0,0,0,,
2022,TX,Delilah Barrios,Green,,0,0,0,0,,
2022,VT,Phil Scott,Republican,Phil Scott,1,1,0,1,81st Lieutenant Governor of Vermont,1376872964.0
2022,VT,Brenda Siegel,Democratic,,0,0,0,0,,
2022,VT,Kevin Hoyt,Independent,,0,0,0,0,,
2022,VT,Peter Duval,Independent,,0,0,0,0,,
2022,VT,Bernard Peters,Independent,,0,0,0,0,,
2022,WI,Tony Evers,Democratic,Tony Evers,1,0,0,0,,1377523716.0
2022,WI,Tim Michels,Republican,,0,0,0,0,,
2022,WI,Joan Ellis Beglinger,Independent,,0,0,0,0,,
2022,WY,Mark Gordon,Republican,Mark Gordon,1,1,0,1,33rd Governor of Wyoming,1374700472.0
2022,WY,Theresa Livingston,Democratic,,0,0,0,0,,
2022,WY,Jared Baldes,Libertarian,,0,0,0,0,,
2024,DE,Matt Meyer,Democratic,Matt Meyer,1,0,0,0,,1378114178.0
2024,DE,Michael Ramone,Republican,Michael Ramone,1,0,0,0,,1365689661.0
2024,IN,Mike Braun,Republican,Mike Braun,1,0,1,1,United States Senator Indiana,1376796744.0
2024,IN,Jennifer McCormick,Democratic,Jennifer McCormick,1,1,0,1,44th Indiana Superintendent of Public Instruction,1349157664.0
2024,IN,Donald Rainwater,Libertarian,,0,0,0,0,,
2024,MO,Mike Kehoe,Republican,Mike Kehoe,1,1,0,1,48th Lieutenant Governor of Missouri,1371524271.0
2024,MO,Crystal Quade,Democratic,Crystal Quade,1,0,0,0,,1366844808.0
2024,MO,Bill Slantz,Libertarian,,0,0,0,0,,
2024,MO,Paul Lehmann,Green,,0,0,0,0,,
2024,MT,Greg Gianforte,Republican,Greg Gianforte,1,0,0,0,,1377988673.0
2024,MT,Ryan Busse,Democratic,Ryan Busse,1,0,0,0,,1377893103.0
2024,MT,Kaiser Leib,Libertarian,,0,0,0,0,,
2024,NH,Kelly Ayotte,Republican,Kelly Ayotte,1,1,1,1,United States Senator New Hampshire,1377743042.0
2024,NH,Joyce Craig,Democratic,Joyce Craig,1,0,0,0,,1374066316.0
2024,NH,Stephen Villee,Libertarian,,0,0,0,0,,
2024,NC,Josh Stein,Democratic,Josh Stein,1,1,0,1,51st Attorney General of North Carolina,1371022742.0
2024,NC,Mark Robinson,Republican,Mark Robinson (American politician),1,1,0,1,35th Lieutenant Governor of North Carolina,1376008395.0
2024,NC,Mike Ross,Libertarian,,0,0,0,0,,
2024,NC,Vinny Smith,Constitution,,0,0,0,0,,
2024,NC,Wayne Turner,Green,,0,0,0,0,,
2024,ND,Kelly Armstrong,Republican,Kelly Armstrong,1,0,0,0,,1376458353.0
2024,ND,Merrill Piepkorn,Democratic–NPL,Merrill Piepkorn,1,0,0,0,,1341411829.0
2024,ND,Michael Coachman,Independent,,0,0,0,0,,
2024,UT,Spencer Cox,Republican,Spencer Cox (politician),1,1,0,1,Chair of the National Governors Association,1378203905.0
2024,UT,Brian King,Democratic,Brian King (politician),1,0,0,0,,1375300066.0
2024,UT,Phil Lyman,Write-in,Phil Lyman,1,0,0,0,,1365699893.0
2024,UT,Robert Latham,Libertarian,,0,0,0,0,,
2024,UT,Tommy Williams,Independent American,,0,0,0,0,,
2024,UT,Tom Tomeny,Independent,,0,0,0,0,,
2024,VT,Phil Scott,Republican,Phil Scott,1,1,0,1,81st Lieutenant Governor of Vermont,1376872964.0
2024,VT,Esther Charlestin,Democratic,,0,0,0,0,,
2024,VT,Kevin Hoyt,Independent,,0,0,0,0,,
2024,VT,June Goodband,Green Mountain,,0,0,0,0,,
2024,VT,Eli Mutino,Independent,,0,0,0,0,,
2024,WA,Bob Ferguson,Democratic,Bob Ferguson (politician),1,1,0,1,18th Attorney General of Washington,1377491542.0
2024,WA,Dave Reichert,Republican,Dave Reichert,1,0,0,0,,1354657802.0
2024,WV,Patrick Morrisey,Republican,Patrick Morrisey,1,1,0,1,34th Attorney General of West Virginia,1372094420.0
2024,WV,Steve Williams,Democratic,Stephen T. Williams,1,0,0,0,,1376773944.0
2024,WV,Erika Kolenich,Libertarian,,0,0,0,0,,
2024,WV,Marshall Wilson,Constitution,,0,0,0,0,,
2024,WV,Chase Linko-Looper,Mountain,,0,0,0,0,,
2026,AL,Doug Jones,Democratic,Doug Jones (politician),1,0,1,1,United States Senator Alabama,1376165765.0
2026,AL,Tommy Tuberville,Republican,Tommy Tuberville,1,0,1,1,United States Senator Alabama,1378137059.0
2026,AK,Dave Bronson,Republican,Dave Bronson,1,0,0,0,,1377496470.0
2026,AK,Jonathan Kreiss-Tomkins,Democratic,Jonathan Kreiss-Tomkins,1,0,0,0,,1378424214.0
2026,AK,Treg Taylor,Republican,Treg Taylor,1,1,0,1,33rd Attorney General of Alaska,1375680863.0
2026,AK,Bernadette Wilson,Republican,,0,0,0,0,,
2026,AZ,Andy Biggs,Republican,Andy Biggs,1,0,0,0,,1377800505.0
2026,AZ,Katie Hobbs,Democratic,Katie Hobbs,1,1,0,1,24th Governor of Arizona,1377584899.0
2026,AZ,Teri Hourihan,No Labels,,0,0,0,0,,
2026,AZ,Risa Lombardo,Green,,0,0,0,0,,
2026,AR,Fredrick Love,Democratic,Fredrick Love,1,0,0,0,,1376238423.0
2026,AR,Sarah Huckabee Sanders,Republican,Sarah Huckabee Sanders,1,0,0,0,,1377750225.0
2026,AR,Colt Shelby,Libertarian,,0,0,0,0,,
2026,CA,Xavier Becerra,Democratic,Xavier Becerra,1,1,0,1,33rd Attorney General of California,1378722462.0
2026,CA,Steve Hilton,Republican,Steve Hilton,1,0,0,0,,1378669569.0
2026,CO,Stephen Hamilton,American Constitution,,0,0,0,0,,
2026,CO,Greg Lopez,Independent,Greg Lopez,1,0,0,0,,1376209440.0
2026,CO,Victor Marx,Republican,Victor Marx,1,0,0,0,,1378719153.0
2026,CO,Eric Mulder,Libertarian,,0,0,0,0,,
2026,CO,Jeff Peckman,Unity,,0,0,0,0,,
2026,CO,Erik Underwood,Approval Voting,,0,0,0,0,,
2026,CO,Phil Weiser,Democratic,Phil Weiser,1,1,0,1,39th Attorney General of Colorado,1378437906.0
2026,CT,Ryan Fazio,Republican,Ryan Fazio,1,0,0,0,,1376093719.0
2026,CT,Ned Lamont,Democratic,Ned Lamont,1,0,0,0,,1375080236.0
2026,FL,Dean Abrams,Independent,,0,0,0,0,,
2026,FL,Charles Burkett,Independent,,0,0,0,0,,
2026,FL,Jeffrey Datto,Independent,,0,0,0,0,,
2026,FL,Moe Dimanche,Independent,,0,0,0,0,,
2026,FL,Byron Donalds,Republican,Byron Donalds,1,0,0,0,,1378667408.0
2026,FL,Scott Jewett,Libertarian,,0,0,0,0,,
2026,FL,David Jolly,Democratic,David Jolly,1,0,0,0,,1377897669.0
2026,FL,Frank Russo,Independent,,0,0,0,0,,
2026,GA,Keisha Lance Bottoms,Democratic,Keisha Lance Bottoms,1,0,0,0,,1378050658.0
2026,GA,Rick Jackson,Republican,Rick Jackson (businessman),1,0,0,0,,1377232117.0
2026,HI,Gary Cordery,Republican,,0,0,0,0,,
2026,HI,Josh Green,Democratic,Josh Green (politician),1,1,0,1,15th Lieutenant Governor of Hawaii,1374498940.0
2026,ID,Brad Little,Republican,Brad Little,1,1,0,1,42nd Lieutenant Governor of Idaho,1370197408.0
2026,ID,Terri Pickens,Democratic,,0,0,0,0,,
2026,ID,Pro-Life,Constitution,Pro-Life (politician),1,0,0,0,,1377269586.0
2026,ID,Paul Sand,Libertarian,,0,0,0,0,,
2026,ID,John Stegner,Independent,John Stegner,1,0,0,0,,1373173500.0
2026,IL,Darren Bailey,Republican,Darren Bailey,1,0,0,0,,1376672917.0
2026,IL,Collin Corbett,Independent,,0,0,0,0,,
2026,IL,JB Pritzker,Democratic,JB Pritzker,1,0,0,0,,1378028439.0
2026,IA,Zach Lahn,Republican,,0,0,0,0,,
2026,IA,Rob Sand,Democratic,Rob Sand,1,1,0,1,33rd Auditor of Iowa,1378702018.0
2026,IA,Sondra Wilson,Independent,,0,0,0,0,,
2026,KS,Cindy Holscher,Democratic,Cindy Holscher,1,0,0,0,,1378640431.0
2026,KS,Ty Masterson,Republican,Ty Masterson,1,0,0,0,,1373991921.0
2026,ME,Rick Bennett,Independent,Rick Bennett (politician),1,0,0,0,,1367947226.0
2026,ME,Robert B. Charles,Republican,Robert B. Charles,1,0,0,0,,1378723549.0
2026,ME,Hannah Pingree,Democratic,Hannah Pingree,1,0,0,0,,1378412846.0
2026,MD,Dan Cox,Republican,Dan Cox,1,0,0,0,,1374249562.0
2026,MD,Andy Ellis,Green,,0,0,0,0,,
2026,MD,Wes Moore,Democratic,Wes Moore,1,1,0,1,Chair of the National Governors Association,1376270232.0
2026,MD,Cathy White,Working Class,,0,0,0,0,,
2026,MA,Maura Healey,Democratic,Maura Healey,1,1,0,1,44th Attorney General of Massachusetts,1378182281.0
2026,MA,Andrea James,Independent,Andrea C. James,1,0,0,0,,1355420328.0
2026,MA,Mike Minogue,Republican,,0,0,0,0,,
2026,MI,Jocelyn Benson,Democratic,Jocelyn Benson,1,1,0,1,43rd Secretary of State of Michigan,1376210949.0
2026,MI,Donna Brandenburg,U.S. Taxpayers,,0,0,0,0,,
2026,MI,Douglas Campbell,Green,,0,0,0,0,,
2026,MI,Anthony Hudson,Libertarian,,0,0,0,0,,
2026,MI,John James,Republican,John James (Michigan politician),1,0,0,0,,1374880077.0
2026,MN,Lisa Demuth,Republican,Lisa Demuth,1,0,0,0,,1377808046.0
2026,MN,Amy Klobuchar,DFL,Amy Klobuchar,1,0,1,1,United States Senator Minnesota,1377911492.0
2026,MN,Steven Young,Green,,0,0,0,0,,
2026,NE,Rick Beard,Legal Marijuana Now,,0,0,0,0,,
2026,NE,Brett Lindstrom,America First,Brett Lindstrom,1,0,0,0,,1375234860.0
2026,NE,Jim Pillen,Republican,Jim Pillen,1,0,0,0,,1376703219.0
2026,NE,Lynne Walz,Democratic,Lynne Walz,1,0,0,0,,1378510192.0
2026,NV,Aaron Ford,Democratic,Aaron D. Ford,1,1,0,1,34th Attorney General of Nevada,1375786294.0
2026,NV,Danielle Ford,Independent,,0,0,0,0,,
2026,NV,Joe Lombardo,Republican,Joe Lombardo,1,1,0,1,Governor of Nevada,1377741197.0
2026,NH,Kelly Ayotte,Republican,Kelly Ayotte,1,1,1,1,83rd Governor of New Hampshire,1377743042.0
2026,NH,Jon Kiper,Community First,,0,0,0,0,,
2026,NH,Cinde Warmington,Democratic,Cinde Warmington,1,0,0,0,,1378319099.0
2026,NM,Deb Haaland,Democratic,Deb Haaland,1,0,0,0,,1377136999.0
2026,NM,Gregg Hull,Republican,Gregg Hull,1,0,0,0,,1376833933.0
2026,NY,Bruce Blakeman,Republican,Bruce Blakeman,1,0,0,0,,1378604796.0
2026,NY,Kathy Hochul,Democratic,Kathy Hochul,1,1,0,1,Lieutenant Governor of New York,1378288256.0
2026,OH,Amy Acton,Democratic,Amy Acton,1,0,0,0,,1373962554.0
2026,OH,Donald Kissick,Libertarian,,0,0,0,0,,
2026,OH,Vivek Ramaswamy,Republican,Vivek Ramaswamy,1,0,0,0,,1378149051.0
2026,OK,Robert Brooks Sr.,Independent,,0,0,0,0,,
2026,OK,Orlando Bush,Independent,,0,0,0,0,,
2026,OK,Jerry Griffin,Independent,,0,0,0,0,,
2026,OK,Mike Mazzei,Republican,Mike Mazzei,1,0,0,0,,1371523115.0
2026,OK,Cyndi Munson,Democratic,Cyndi Munson,1,0,0,0,,1376657359.0
2026,OR,Christine Drazan,Republican,Christine Drazan,1,0,0,0,,1377526283.0
2026,OR,Tina Kotek,Democratic,Tina Kotek,1,1,0,1,39th Governor of Oregon,1377598811.0
2026,OR,Brett Smith,Pacific Green,,0,0,0,0,,
2026,PA,Stacy Garrity,Republican,Stacy Garrity,1,1,0,1,79th Treasurer of Pennsylvania,1377665958.0
2026,PA,Ken Krawchuk,Libertarian,,0,0,0,0,,
2026,PA,Josh Shapiro,Democratic,Josh Shapiro,1,1,0,1,Attorney General of Pennsylvania,1378582751.0
2026,RI,Ken Block,Independent,Ken Block (politician),1,0,0,0,,1374159849.0
2026,RI,Helena Foulkes,Democratic,Helena Foulkes,1,0,0,0,,1375549518.0
2026,RI,Jasjit Gotra,Independent,,0,0,0,0,,
2026,RI,Aaron Guckian,Republican,Aaron Guckian,1,0,0,0,,1376620397.0
2026,RI,CD Reynolds,Independent,,0,0,0,0,,
2026,SC,Michael Addison,United Citizens,,0,0,0,0,,
2026,SC,Walid Hakim,Green,,0,0,0,0,,
2026,SC,Jermaine Johnson,Democratic,Jermaine Johnson (politician),1,0,0,0,,1373562631.0
2026,SC,Alan Wilson,Republican,Alan Wilson (politician),1,1,0,1,51st Attorney General of South Carolina,1377441193.0
2026,SD,Dan Ahlers,Democratic,,0,0,0,0,,
2026,SD,Larry Rhoden,Republican,Larry Rhoden,1,1,0,1,Governor of South Dakota,1367757231.0
2026,TN,Misam Abidi,Independent,,0,0,0,0,,
2026,TN,Santiago Asconape,Independent,,0,0,0,0,,
2026,TN,Marsha Blackburn,Republican,Marsha Blackburn,1,0,1,1,United States Senator Tennessee,1378650316.0
2026,TN,Dean Brewer,Independent,,0,0,0,0,,
2026,TN,Ray Brown,Independent,,0,0,0,0,,
2026,TN,Jerri Green,Democratic,,0,0,0,0,,
2026,TN,Taylor Hafley,Independent,,0,0,0,0,,
2026,TN,David Hatley,Independent,,0,0,0,0,,
2026,TN,Wendell Jackson,Independent,,0,0,0,0,,
2026,TN,Charles Van Morgan,Independent,,0,0,0,0,,
2026,TN,Eddie Lee Murphy,Independent,,0,0,0,0,,
2026,TN,Lauren Pinkston,Independent,,0,0,0,0,,
2026,TN,Karl Smithson,Independent,,0,0,0,0,,
2026,TN,L. Webb Taylor,Independent,,0,0,0,0,,
2026,TN,Robert Vick,Independent,,0,0,0,0,,
2026,TX,Greg Abbott,Republican,Greg Abbott,1,1,0,1,Governor of Texas,1376548972.0
2026,TX,Pat Dixon,Libertarian,,0,0,0,0,,
2026,TX,Gina Hinojosa,Democratic,Gina Hinojosa,1,0,0,0,,1378620339.0
2026,VT,June Goodband,Green Mountain,,0,0,0,0,,
2026,VT,Amanda Janoo,Democratic,,0,0,0,0,,
2026,VT,Brian Judd,Independent,,0,0,0,0,,
2026,VT,Phil Scott,Republican,Phil Scott,1,1,0,1,81st Lieutenant Governor of Vermont,1376872964.0
2026,VT,Dean Roy,Freedom and Unity,,0,0,0,0,,
2026,WI,David Crowley,Democratic,David Crowley (Wisconsin politician),1,0,0,0,,1377252513.0
2026,WI,Tom Tiffany,Republican,Tom Tiffany,1,0,0,0,,1376026413.0
2026,WY,Eric Barlow,Republican,Eric Barlow,1,0,0,0,,1375514802.0
2026,WY,Kenneth Casner,Democratic,,0,0,0,0,,
2026,WY,Joseph Kibler,Constitution,,0,0,0,0,,
