year,state,name,office,start
1998,AK,Tony Knowles,2nd Mayor of Anchorage,1982-01
1998,AK,Tony Knowles,Member of the Anchorage Assembly from Seat A,1975-09
1998,AZ,Jane Dee Hull,20th Governor of Arizona,1997-09
1998,AZ,Jane Dee Hull,16th Secretary of State of Arizona,1995-01
1998,AZ,Jane Dee Hull,43rd Speaker of the Arizona House of Representatives,1989-01
1998,AZ,Paul Johnson,1st Chair of the Arizona Independent Party,2025-07
1998,AZ,Paul Johnson,54th Mayor of Phoenix,1990-02
1998,AR,Mike Huckabee,29th United States Ambassador to Israel,2025-04
1998,AR,Mike Huckabee,Chair of the National Governors Association,2005-07
1998,AR,Mike Huckabee,16th Lieutenant Governor of Arkansas,1993-11
1998,CA,Gray Davis,44th Lieutenant Governor of California,1995-01
1998,CA,Gray Davis,28th Controller of California,1987-01
1998,CA,Gray Davis,Chief of Staff to the Governor of California,1975-01
1998,CA,Dan Lungren,Chair of the House Administration Committee,2011-01
1998,CA,Dan Lungren,29th Attorney General of California,1991-01
1998,CO,Bill Owens,51st Treasurer of Colorado,1995-01
1998,CO,Gail Schoettler,44th Lieutenant Governor of Colorado,1995-01
1998,CO,Gail Schoettler,50th Treasurer of Colorado,1987-01
1998,CT,Barbara Kennelly,Vice Chair of the House Democratic Caucus,1995-01
1998,CT,Barbara Kennelly,67th Secretary of State of Connecticut,1979-01
1998,FL,Jeb Bush,Secretary of the Florida Department of Commerce,1987-01
1998,FL,Buddy MacKay,United States Special Envoy for the Americas,1999-03
1998,FL,Buddy MacKay,14th Lieutenant Governor of Florida,1991-01
1998,FL,Buddy MacKay,Member of the Florida House of Representatives,1968-11
1998,HI,Ben Cayetano,9th Lieutenant Governor of Hawaii,1986-12
1998,HI,Linda Lingle,Chair of the Hawaii Republican Party,1999-01
1998,HI,Linda Lingle,3rd Mayor of Maui,1991-01
1998,ID,Dirk Kempthorne,49th United States Secretary of the Interior,2006-05
1998,ID,Dirk Kempthorne,Chair of the National Governors Association,2003-08
1998,ID,Dirk Kempthorne,United States Senator Idaho,1993-01
1998,ID,Dirk Kempthorne,51st Mayor of Boise,1986-01
1998,IL,George Ryan,36th Secretary of State of Illinois,1991-01
1998,IL,George Ryan,42nd Lieutenant Governor of Illinois,1983-01
1998,IL,George Ryan,28th Chair of the National Lieutenant Governors Association,1987-01
1998,IL,George Ryan,65th Speaker of the Illinois House of Representatives,1981-01
1998,IL,George Ryan,Minority Leader of the Illinois House of Representatives,1977-01
1998,IL,Glenn Poshard,President of Southern Illinois University,2006-01
1998,IA,Tom Vilsack,30th and 32nd United States Secretary of Agriculture,2021-02
1998,IA,Tom Vilsack,Mayor of Mount Pleasant,1987-01
1998,KS,Bill Graves,28th Secretary of State of Kansas,1987-01
1998,KS,Tom Sawyer,Minority Leader of the Kansas House of Representatives,2019-01
1998,MD,Parris Glendening,Chair of the National Governors Association,2000-07
1998,MD,Parris Glendening,4th Executive of Prince George's County,1983-01
1998,MD,Ellen Sauerbrey,"11th Assistant Secretary of State for Population, Refugees, and Migration",2006-01
1998,MA,Paul Cellucci,27th United States Ambassador to Canada,2001-04
1998,MA,Paul Cellucci,Governor of Massachusetts,1997-07
1998,MA,Paul Cellucci,68th Lieutenant Governor of Massachusetts,1991-01
1998,MA,Paul Cellucci,Minority Whip of the Massachusetts Senate,1989-01
1998,MA,Paul Cellucci,Member of the Massachusetts House of Representatives,1977-01
1998,MA,Scott Harshbarger,41st Attorney General of Massachusetts,1991-01
1998,MA,Scott Harshbarger,Massachusetts District Attorney for the Northern District,1983-01
1998,MI,John Engler,Acting President of Michigan State University,2018-01
1998,MI,John Engler,Chair of the National Governors Association,2001-08
1998,MI,John Engler,9th Majority Leader of the Michigan Senate,1984-01
1998,MI,John Engler,Member of the Michigan Senate,1979-01
1998,MI,John Engler,Member of the Michigan House of Representatives,1971-01
1998,MN,Norm Coleman,United States Senator Minnesota,2003-01
1998,MN,Norm Coleman,51st Mayor of Saint Paul,1994-01
1998,MN,Skip Humphrey,27th Attorney General of Minnesota,1983-01
1998,NE,Mike Johanns,United States Senator Nebraska,2009-01
1998,NE,Mike Johanns,28th United States Secretary of Agriculture,2005-01
1998,NE,Mike Johanns,47th Mayor of Lincoln,1991-05
1998,NV,Kenny Guinn,"Acting President of the University of Nevada, Las Vegas",1994-01
1998,NV,Jan Laverty Jones,20th Mayor of Las Vegas,1991-07
1998,NH,Jeanne Shaheen,United States Senator New Hampshire,2009-01
1998,NH,Jeanne Shaheen,78th Governor of New Hampshire,1997-01
1998,NM,Martin Chávez,26th and 28th Mayor of Albuquerque,2001-12
1998,NM,Martin Chávez,Member of the New Mexico Senate,1987-01
1998,NY,George Pataki,Mayor of Peekskill,1981-01
1998,NY,Peter Vallone Sr.,Speaker of the New York City Council,1990-01
1998,NY,Peter Vallone Sr.,Majority Leader of the New York City Council,1986-01
1998,NY,Peter Vallone Sr.,Member of the New York City Council,1974-01
1998,OH,Bob Taft,47th Secretary of State of Ohio,1991-01
1998,OH,Lee Fisher,10th President of Baldwin Wallace University,2025-07
1998,OH,Lee Fisher,64th Lieutenant Governor of Ohio,2007-01
1998,OH,Lee Fisher,44th Attorney General of Ohio,1991-01
1998,OK,Frank Keating,United States Deputy Secretary of Housing and Urban Development,1992-01
1998,OK,Frank Keating,United States Associate Attorney General,1988-01
1998,OK,Frank Keating,United States Attorney for the Northern District of Oklahoma,1981-01
1998,OR,John Kitzhaber,35th and 37th Governor of Oregon,2011-01
1998,OR,John Kitzhaber,President of the Oregon Senate,1985-01
1998,PA,Tom Ridge,1st United States Secretary of Homeland Security,2003-01
1998,PA,Tom Ridge,1st United States Homeland Security Advisor,2001-10
1998,PA,Ivan Itkin,Majority Leader of the Pennsylvania House of Representatives,1993-01
1998,RI,Lincoln Almond,United States Attorney for the District of Rhode Island,1981-01
1998,SC,David Beasley,13th Executive Director of the World Food Programme,2017-04
1998,SD,Bill Janklow,25th Attorney General of South Dakota,1975-01
1998,TN,Don Sundquist,Governor of Tennessee,1995-01
1998,TX,George W. Bush,President of the United States,2001-01
1998,TX,George W. Bush,Governor of Texas,1995-01
1998,TX,Garry Mauro,25th Land Commissioner of Texas,1983-01
1998,VT,Howard Dean,Chair of the Democratic National Committee,2005-02
1998,VT,Howard Dean,Chair of the National Governors Association,1994-07
1998,VT,Howard Dean,77th Lieutenant Governor of Vermont,1987-01
1998,VT,Ruth Dwyer,Member of the Vermont House of Representatives from the Orange-4 district,1995-01
1998,WI,Tommy Thompson,President of the University of Wisconsin System,2020-07
1998,WI,Tommy Thompson,19th United States Secretary of Health and Human Services,2001-02
1998,WI,Tommy Thompson,Chair of the National Governors Association,1995-08
1998,WI,Tommy Thompson,Minority Leader of the Wisconsin State Assembly,1981-12
1998,WI,Tommy Thompson,Member of the Wisconsin State Assembly,1967-01
1998,WY,Jim Geringer,30th Governor of Wyoming,1995-01
1998,WY,Jim Geringer,Member of the Wyoming Senate,1989-01
2000,DE,Ruth Ann Minner,23rd Lieutenant Governor of Delaware,1993-01
2000,IN,Frank O'Bannon,46th Lieutenant Governor of Indiana,1989-01
2000,IN,Frank O'Bannon,33rd Chair of the National Lieutenant Governors Association,1992-01
2000,IN,Frank O'Bannon,Member of the Indiana Senate,1970-11
2000,IN,David M. McIntosh,Director of the Domestic Policy Council,1987-12
2000,MO,Bob Holden,42nd Treasurer of Missouri,1993-01
2000,MO,Jim Talent,United States Senator Missouri,2002-11
2000,MO,Jim Talent,Chair of the House Small Business Committee,1997-01
2000,MT,Judy Martz,31st Lieutenant Governor of Montana,1997-01
2000,MT,Mark O'Keefe,Auditor of Montana,1993-01
2000,NH,Jeanne Shaheen,United States Senator New Hampshire,2009-01
2000,NH,Jeanne Shaheen,78th Governor of New Hampshire,1997-01
2000,NH,Gordon J. Humphrey,United States Senator New Hampshire,1979-01
2000,NC,Mike Easley,49th Attorney General of North Carolina,1993-01
2000,NC,Richard Vinroot,52nd Mayor of Charlotte,1991-01
2000,ND,John Hoeven,United States Senator North Dakota,2011-01
2000,ND,John Hoeven,Chair of the Senate Indian Affairs Committee,2017-01
2000,ND,Heidi Heitkamp,United States Senator North Dakota,2013-01
2000,ND,Heidi Heitkamp,28th Attorney General of North Dakota,1992-12
2000,ND,Heidi Heitkamp,20th Tax Commissioner of North Dakota,1986-12
2000,UT,Mike Leavitt,20th United States Secretary of Health and Human Services,2005-01
2000,UT,Mike Leavitt,10th Administrator of the Environmental Protection Agency,2003-11
2000,UT,Mike Leavitt,Chair of the National Governors Association,1999-08
2000,VT,Howard Dean,Chair of the Democratic National Committee,2005-02
2000,VT,Howard Dean,Chair of the National Governors Association,1994-07
2000,VT,Howard Dean,77th Lieutenant Governor of Vermont,1987-01
2000,VT,Ruth Dwyer,Member of the Vermont House of Representatives from the Orange-4 district,1995-01
2000,WA,Gary Locke,President of Bellevue College,2020-06
2000,WA,Gary Locke,10th United States Ambassador to China,2011-08
2000,WA,Gary Locke,36th United States Secretary of Commerce,2009-03
2000,WA,Gary Locke,5th King County Executive,1994-01
2000,WV,Cecil Underwood,Member of the West Virginia House of Delegates from Tyler County,1944-12
2002,AL,Don Siegelman,26th Lieutenant Governor of Alabama,1995-01
2002,AL,Don Siegelman,43rd Attorney General of Alabama,1987-01
2002,AL,Don Siegelman,44th Secretary of State of Alabama,1979-01
2002,AK,Frank Murkowski,United States Senator Alaska,1981-01
2002,AK,Frank Murkowski,3rd Alaska Commissioner of Economic Development,1966-12
2002,AK,Fran Ulmer,Chair of the United States Arctic Research Commission,2011-03
2002,AK,Fran Ulmer,7th Lieutenant Governor of Alaska,1994-12
2002,AK,Fran Ulmer,Mayor of Juneau,1983-01
2002,AZ,Janet Napolitano,20th President of the University of California System,2013-09
2002,AZ,Janet Napolitano,3rd United States Secretary of Homeland Security,2009-01
2002,AZ,Janet Napolitano,21st Governor of Arizona,2003-01
2002,AZ,Janet Napolitano,23rd Attorney General of Arizona,1999-01
2002,AZ,Janet Napolitano,United States Attorney for the District of Arizona,1993-11
2002,AZ,Matt Salmon,Chair of the Arizona Republican Party,2005-01
2002,AR,Mike Huckabee,29th United States Ambassador to Israel,2025-04
2002,AR,Mike Huckabee,Chair of the National Governors Association,2005-07
2002,AR,Mike Huckabee,16th Lieutenant Governor of Arkansas,1993-11
2002,AR,Jimmie Lou Fisher,Treasurer of Arkansas,1981-01
2002,AR,Jimmie Lou Fisher,Auditor of Arkansas,1979-02
2002,CA,Gray Davis,44th Lieutenant Governor of California,1995-01
2002,CA,Gray Davis,28th Controller of California,1987-01
2002,CA,Gray Davis,Chief of Staff to the Governor of California,1975-01
2002,CO,Bill Owens,51st Treasurer of Colorado,1995-01
2002,CO,Rollie Heath,Majority Leader of the Colorado Senate,2013-10
2002,CT,Bill Curry,Counselor to the President,1995-02
2002,CT,Bill Curry,Comptroller of Connecticut,1991-01
2002,FL,Jeb Bush,Secretary of the Florida Department of Commerce,1987-01
2002,GA,Sonny Perdue,14th Chancellor of the University System of Georgia,2022-04
2002,GA,Sonny Perdue,31st United States Secretary of Agriculture,2017-04
2002,GA,Sonny Perdue,President pro tempore of the Georgia State Senate,1997-01
2002,HI,Linda Lingle,Chair of the Hawaii Republican Party,1999-01
2002,HI,Linda Lingle,3rd Mayor of Maui,1991-01
2002,HI,Mazie Hirono,United States Senator Hawaii,2013-01
2002,HI,Mazie Hirono,10th Lieutenant Governor of Hawaii,1994-12
2002,HI,Mazie Hirono,Member of the Hawaii House of Representatives,1981-01
2002,ID,Dirk Kempthorne,49th United States Secretary of the Interior,2006-05
2002,ID,Dirk Kempthorne,Chair of the National Governors Association,2003-08
2002,ID,Dirk Kempthorne,United States Senator Idaho,1993-01
2002,ID,Dirk Kempthorne,51st Mayor of Boise,1986-01
2002,IL,Jim Ryan,40th Attorney General of Illinois,1995-01
2002,IL,Jim Ryan,State's Attorney of DuPage County,1984-01
2002,IA,Tom Vilsack,30th and 32nd United States Secretary of Agriculture,2021-02
2002,IA,Tom Vilsack,Mayor of Mount Pleasant,1987-01
2002,KS,Kathleen Sebelius,21st United States Secretary of Health and Human Services,2009-04
2002,KS,Kathleen Sebelius,23rd Insurance Commissioner of Kansas,1995-01
2002,KS,Tim Shallenburger,Vice President of the Kansas Senate,2025-01
2002,KS,Tim Shallenburger,Chair of the Kansas Republican Party,2005-01
2002,KS,Tim Shallenburger,36th Treasurer of Kansas,1999-01
2002,KS,Tim Shallenburger,Speaker of the Kansas House of Representatives,1995-01
2002,ME,John Baldacci,73rd Governor of Maine,2003-01
2002,ME,Peter Cianchette,United States Ambassador to Costa Rica,2008-06
2002,MD,Kathleen K. Townsend,6th Lieutenant Governor of Maryland,1995-01
2002,MA,Mitt Romney,United States Senator Utah,2019-01
2002,MA,Mitt Romney,President of the Salt Lake Organizing Committee for the Olympic and Paralympic Winter Games of 2002,1999-02
2002,MA,Shannon O'Brien,55th Treasurer and Receiver-General of Massachusetts,1999-01
2002,MI,Jennifer Granholm,16th United States Secretary of Energy,2021-02
2002,MI,Jennifer Granholm,51st Attorney General of Michigan,1999-01
2002,MI,Dick Posthumus,61st Lieutenant Governor of Michigan,1999-01
2002,MI,Dick Posthumus,Majority Leader of the Michigan Senate,1991-01
2002,MN,Tim Pawlenty,Chair of the National Governors Association,2007-07
2002,MN,Tim Pawlenty,Majority Leader of the Minnesota House of Representatives,1999-01
2002,MN,Roger Moe,Majority Leader of the Minnesota Senate,1981-01
2002,NE,Mike Johanns,United States Senator Nebraska,2009-01
2002,NE,Mike Johanns,28th United States Secretary of Agriculture,2005-01
2002,NE,Mike Johanns,47th Mayor of Lincoln,1991-05
2002,NV,Kenny Guinn,"Acting President of the University of Nevada, Las Vegas",1994-01
2002,NV,Joe Neal,President pro tempore of the Nevada Senate,1991-01
2002,NH,Craig Benson,79th Governor of New Hampshire,2003-01
2002,NM,Bill Richardson,21st United States Ambassador to the United Nations,1997-02
2002,NM,John Sanchez,29th Lieutenant Governor of New Mexico,2011-01
2002,NY,George Pataki,Mayor of Peekskill,1981-01
2002,NY,Carl McCall,52nd Comptroller of New York,1993-05
2002,OH,Bob Taft,47th Secretary of State of Ohio,1991-01
2002,OH,Tim Hagan,Member of the Cuyahoga County Board of Commissioners,2004-01
2002,OR,Ted Kulongoski,36th Governor of Oregon,2003-01
2002,OR,Ted Kulongoski,Justice of the Oregon Supreme Court,1997-01
2002,OR,Ted Kulongoski,14th Attorney General of Oregon,1993-01
2002,OR,Kevin Mannix,Member of the Oregon House of Representatives,
2002,OR,Kevin Mannix,Chair of the Oregon Republican Party,2003-01
2002,OR,Kevin Mannix,Member of the Oregon State Senate from the 17th district,1997-01
2002,PA,Ed Rendell,Chair of the National Governors Association,2008-07
2002,PA,Ed Rendell,General Chair of the Democratic National Committee,1999-09
2002,PA,Ed Rendell,96th Mayor of Philadelphia,1992-01
2002,PA,Ed Rendell,21st District Attorney of Philadelphia,1978-01
2002,PA,Mike Fisher,Senior Judge of the United States Court of Appeals for the Third Circuit,2017-02
2002,PA,Mike Fisher,Judge of the United States Court of Appeals for the Third Circuit,2003-12
2002,PA,Mike Fisher,43rd Attorney General of Pennsylvania,1997-01
2002,SD,Mike Rounds,United States Senator South Dakota,2015-01
2002,SD,Jim Abbott,President of the University of South Dakota,1997-07
2002,TN,Phil Bredesen,4th Mayor of Metropolitan Nashville,1991-09
2002,TX,Rick Perry,United States Secretary of Energy,2017-03
2002,TX,Rick Perry,Governor of Texas,2000-12
2002,TX,Rick Perry,Lieutenant Governor of Texas,1999-01
2002,TX,Rick Perry,9th Agriculture Commissioner of Texas,1991-01
2002,TX,Tony Sanchez,Member of the University of Texas System Board of Regents,1997-02
2002,VT,Jim Douglas,Chair of the National Governors Association,2009-07
2002,VT,Jim Douglas,28th Treasurer of Vermont,1995-01
2002,VT,Jim Douglas,34th Secretary of State of Vermont,1981-01
2002,VT,Doug Racine,79th Lieutenant Governor of Vermont,1997-01
2002,WI,Jim Doyle,41st Attorney General of Wisconsin,1991-01
2002,WI,Jim Doyle,District Attorney of Dane County,1977-01
2002,WI,Scott McCallum,41st Lieutenant Governor of Wisconsin,1987-01
2002,WI,Scott McCallum,32nd Chair of the National Lieutenant Governors Association,1991-01
2002,WY,Dave Freudenthal,United States Attorney for the District of Wyoming,1994-03
2002,WY,Eli Bebout,President of the Wyoming Senate,2017-01
2002,WY,Eli Bebout,Majority Leader of the Wyoming Senate,2015-01
2002,WY,Eli Bebout,55th Speaker of the Wyoming House of Representatives,1999-01
2002,WY,Eli Bebout,Majority Leader of the Wyoming House of Representatives,1997-01
2002,WY,Eli Bebout,Member of the Wyoming House of Representatives,1987-01
2004,DE,Ruth Ann Minner,23rd Lieutenant Governor of Delaware,1993-01
2004,IN,Mitch Daniels,President of Purdue University,2026-07
2004,IN,Mitch Daniels,33rd Director of the Office of Management and Budget,2001-01
2004,IN,Mitch Daniels,White House Director of Political and Intergovernmental Affairs,1985-10
2004,IN,Mitch Daniels,Director of the White House Office of Intergovernmental Affairs,1985-03
2004,IN,Joe Kernan,47th Lieutenant Governor of Indiana,1997-01
2004,IN,Joe Kernan,30th Mayor of South Bend,1988-01
2004,IN,Joe Kernan,South Bend Controller,1980-01
2004,MO,Matt Blunt,37th Secretary of State of Missouri,2001-01
2004,MO,Claire McCaskill,Ranking Member of the Senate Homeland Security Committee,2017-01
2004,MO,Claire McCaskill,United States Senator Missouri,2007-01
2004,MO,Claire McCaskill,34th Auditor of Missouri,1999-01
2004,MO,Claire McCaskill,Prosecutor of Jackson County,1993-01
2004,MT,Bob Brown,18th Secretary of State of Montana,2001-01
2004,MT,Bob Brown,President of the Montana Senate,1995-01
2004,MT,Bob Brown,Member of the Montana Senate,1975-01
2004,MT,Bob Brown,Member of the Montana House of Representatives,1970-01
2004,NH,John Lynch,80th Governor of New Hampshire,2005-01
2004,NH,Craig Benson,79th Governor of New Hampshire,2003-01
2004,NC,Mike Easley,49th Attorney General of North Carolina,1993-01
2004,NC,Patrick J. Ballantine,Minority Leader of the North Carolina Senate,1999-01
2004,NC,Patrick J. Ballantine,Member of the North Carolina Senate,1995-01
2004,ND,John Hoeven,United States Senator North Dakota,2011-01
2004,ND,John Hoeven,Chair of the Senate Indian Affairs Committee,2017-01
2004,UT,Jon Huntsman Jr.,9th United States Ambassador to Russia,2017-10
2004,UT,Jon Huntsman Jr.,9th United States Ambassador to China,2009-08
2004,UT,Jon Huntsman Jr.,United States Deputy Trade Representative,2001-08
2004,UT,Jon Huntsman Jr.,United States Ambassador to Singapore,1992-09
2004,UT,Scott Matheson Jr.,Judge of the United States Court of Appeals for the Tenth Circuit,2010-12
2004,UT,Scott Matheson Jr.,United States Attorney for the District of Utah,1993-01
2004,VT,Jim Douglas,Chair of the National Governors Association,2009-07
2004,VT,Jim Douglas,28th Treasurer of Vermont,1995-01
2004,VT,Jim Douglas,34th Secretary of State of Vermont,1981-01
2004,VT,Peter Clavelle,38th & 40th Mayor of Burlington,1995-04
2004,WA,Christine Gregoire,Chair of the National Governors Association,2010-11
2004,WA,Christine Gregoire,16th Attorney General of Washington,1993-01
2004,WA,Christine Gregoire,Director of the Washington State Department of Ecology,1988-01
2004,WA,Dino Rossi,Member of the Washington State Senate,2016-12
2004,WV,Joe Manchin,United States Senator West Virginia,2010-11
2004,WV,Joe Manchin,Chair of the National Governors Association,2010-07
2004,WV,Joe Manchin,27th Secretary of State of West Virginia,2001-01
2004,WV,Joe Manchin,Member of the West Virginia Senate,1986-12
2006,AL,Lucy Baxley,President of the Alabama Public Service Commission,2008-11
2006,AL,Lucy Baxley,28th Lieutenant Governor of Alabama,2003-01
2006,AL,Lucy Baxley,37th Treasurer of Alabama,1995-01
2006,AL,Lucy Baxley,Second Lady of Alabama,1983-01
2006,AK,Sarah Palin,Chair of the Alaska Oil and Gas Conservation Commission,2003-02
2006,AK,Sarah Palin,Mayor of Wasilla,1996-10
2006,AK,Sarah Palin,Member of the Wasilla City Council from Ward E,1992-10
2006,AK,Tony Knowles,2nd Mayor of Anchorage,1982-01
2006,AK,Tony Knowles,Member of the Anchorage Assembly from Seat A,1975-09
2006,AZ,Janet Napolitano,20th President of the University of California System,2013-09
2006,AZ,Janet Napolitano,3rd United States Secretary of Homeland Security,2009-01
2006,AZ,Janet Napolitano,21st Governor of Arizona,2003-01
2006,AZ,Janet Napolitano,23rd Attorney General of Arizona,1999-01
2006,AZ,Janet Napolitano,United States Attorney for the District of Arizona,1993-11
2006,AR,Mike Beebe,54th Attorney General of Arkansas,2003-01
2006,AR,Asa Hutchinson,Chair of the National Governors Association,2021-07
2006,AR,Asa Hutchinson,Under Secretary of Homeland Security for Border and Transportation Security,2003-01
2006,AR,Asa Hutchinson,8th Administrator of the Drug Enforcement Administration,2001-08
2006,AR,Asa Hutchinson,Chair of the Arkansas Republican Party,1991-01
2006,AR,Asa Hutchinson,United States Attorney for the Western District of Arkansas,1982-09
2006,CA,Arnold Schwarzenegger,Chair of the President's Council on Physical Fitness and Sports,1990-01
2006,CA,Phil Angelides,31st Treasurer of California,1999-01
2006,CA,Phil Angelides,Chair of the California Democratic Party,1991-03
2006,CT,Jodi Rell,105th Lieutenant Governor of Connecticut,1995-01
2006,CT,John DeStefano Jr.,50th Mayor of New Haven,1994-01
2006,CT,John DeStefano Jr.,77th President of the National League of Cities,
2006,FL,Charlie Crist,35th Attorney General of Florida,2003-01
2006,FL,Charlie Crist,21st Education Commissioner of Florida,2001-01
2006,FL,Jim Davis,Member of the Florida House of Representatives,1988-11
2006,GA,Sonny Perdue,14th Chancellor of the University System of Georgia,2022-04
2006,GA,Sonny Perdue,31st United States Secretary of Agriculture,2017-04
2006,GA,Sonny Perdue,President pro tempore of the Georgia State Senate,1997-01
2006,GA,Mark Taylor,10th Lieutenant Governor of Georgia,1999-01
2006,HI,Linda Lingle,Chair of the Hawaii Republican Party,1999-01
2006,HI,Linda Lingle,3rd Mayor of Maui,1991-01
2006,ID,Butch Otter,37th Lieutenant Governor of Idaho,1987-01
2006,ID,Butch Otter,Member of the Idaho House of Representatives,1972-12
2006,IL,Judy Baar Topinka,7th Comptroller of Illinois,2011-01
2006,IL,Judy Baar Topinka,71st Treasurer of Illinois,1995-01
2006,IL,Judy Baar Topinka,Chair of the Illinois Republican Party,2002-01
2006,IA,Chet Culver,29th Secretary of State of Iowa,1999-01
2006,IA,Jim Nussle,Chair of the House Budget Committee,2001-01
2006,KS,Kathleen Sebelius,21st United States Secretary of Health and Human Services,2009-04
2006,KS,Kathleen Sebelius,23rd Insurance Commissioner of Kansas,1995-01
2006,ME,John Baldacci,73rd Governor of Maine,2003-01
2006,MD,Martin O'Malley,17th Commissioner of the Social Security Administration,2023-12
2006,MD,Martin O'Malley,48th Mayor of Baltimore,1999-12
2006,MD,Martin O'Malley,Member of the Baltimore City Council from the 3rd district,1991-01
2006,MA,Deval Patrick,United States Assistant Attorney General for the Civil Rights Division,1994-04
2006,MA,Kerry Healey,Executive Chair of the Forward Party,2024-01
2006,MA,Kerry Healey,President of Babson College,2013-07
2006,MA,Kerry Healey,70th Lieutenant Governor of Massachusetts,2003-01
2006,MA,Kerry Healey,Chair of the Massachusetts Republican Party,2001-01
2006,MI,Jennifer Granholm,16th United States Secretary of Energy,2021-02
2006,MI,Jennifer Granholm,51st Attorney General of Michigan,1999-01
2006,MN,Tim Pawlenty,Chair of the National Governors Association,2007-07
2006,MN,Tim Pawlenty,Majority Leader of the Minnesota House of Representatives,1999-01
2006,MN,Mike Hatch,28th Attorney General of Minnesota,1999-01
2006,MN,Mike Hatch,State Chair of the DFL,1980-01
2006,NE,Dave Heineman,Chair of the National Governors Association,2011-07
2006,NE,Dave Heineman,37th Lieutenant Governor of Nebraska,2001-10
2006,NE,Dave Heineman,37th Treasurer of Nebraska,1995-01
2006,NV,Jim Gibbons,Member of the Nevada State Assembly,1992-11
2006,NH,John Lynch,80th Governor of New Hampshire,2005-01
2006,NM,Bill Richardson,21st United States Ambassador to the United Nations,1997-02
2006,NM,John Dendahl,Chairman of the New Mexico Republican Party,1994-01
2006,NY,Eliot Spitzer,63rd Attorney General of New York,1999-01
2006,NY,John Faso,Minority Leader of the New York State Assembly,1998-03
2006,OH,Ken Blackwell,48th Secretary of State of Ohio,1999-01
2006,OH,Ken Blackwell,43rd Treasurer of Ohio,1994-03
2006,OH,Ken Blackwell,Mayor of Cincinnati,1979-01
2006,OR,Ted Kulongoski,36th Governor of Oregon,2003-01
2006,OR,Ted Kulongoski,Justice of the Oregon Supreme Court,1997-01
2006,OR,Ted Kulongoski,14th Attorney General of Oregon,1993-01
2006,OR,Ron Saxton,"Member of the Portland Public Schools Board of Education, Zone 6",1997-01
2006,PA,Ed Rendell,Chair of the National Governors Association,2008-07
2006,PA,Ed Rendell,General Chair of the Democratic National Committee,1999-09
2006,PA,Ed Rendell,96th Mayor of Philadelphia,1992-01
2006,PA,Ed Rendell,21st District Attorney of Philadelphia,1978-01
2006,RI,Charles Fogarty,67th Lieutenant Governor of Rhode Island,1999-01
2006,RI,Charles Fogarty,43rd Chair of the National Lieutenant Governors Association,2002-01
2006,SD,Mike Rounds,United States Senator South Dakota,2015-01
2006,TN,Phil Bredesen,4th Mayor of Metropolitan Nashville,1991-09
2006,TN,Jim Bryson,Commissioner of the Tennessee Department of Finance and Administration,2022-06
2006,TX,Rick Perry,United States Secretary of Energy,2017-03
2006,TX,Rick Perry,Governor of Texas,2000-12
2006,TX,Rick Perry,Lieutenant Governor of Texas,1999-01
2006,TX,Rick Perry,9th Agriculture Commissioner of Texas,1991-01
2006,TX,Chris Bell,Member of the Houston City Council from the at-large district,1997-02
2006,VT,Jim Douglas,Chair of the National Governors Association,2009-07
2006,VT,Jim Douglas,28th Treasurer of Vermont,1995-01
2006,VT,Jim Douglas,34th Secretary of State of Vermont,1981-01
2006,WI,Jim Doyle,41st Attorney General of Wisconsin,1991-01
2006,WI,Jim Doyle,District Attorney of Dane County,1977-01
2006,WI,Mark Green,President of the Woodrow Wilson International Center for Scholars,2021-03
2006,WI,Mark Green,Executive Director of the McCain Institute for International Leadership,2020-04
2006,WI,Mark Green,18th Administrator of the United States Agency for International Development,2017-08
2006,WI,Mark Green,United States Ambassador to Tanzania,2007-09
2006,WY,Dave Freudenthal,United States Attorney for the District of Wyoming,1994-03
2008,DE,Jack Markell,United States Ambassador to Italy and San Marino,2023-09
2008,DE,Jack Markell,United States Ambassador to the OECD,2022-02
2008,DE,Jack Markell,Chair of the National Governors Association,2012-07
2008,DE,Jack Markell,Treasurer of Delaware,1999-01
2008,IN,Mitch Daniels,President of Purdue University,2026-07
2008,IN,Mitch Daniels,33rd Director of the Office of Management and Budget,2001-01
2008,IN,Mitch Daniels,White House Director of Political and Intergovernmental Affairs,1985-10
2008,IN,Mitch Daniels,Director of the White House Office of Intergovernmental Affairs,1985-03
2008,IN,Jill Long Thompson,8th Chair of the Farm Credit Administration,2012-11
2008,IN,Jill Long Thompson,Under Secretary of Agriculture for Rural Development,1995-01
2008,MO,Jay Nixon,40th Attorney General of Missouri,1993-01
2008,NH,John Lynch,80th Governor of New Hampshire,2005-01
2008,NH,Joseph Kenney,Member of the New Hampshire Executive Council from the 1st district,2021-01
2008,NC,Bev Perdue,32nd Lieutenant Governor of North Carolina,2001-01
2008,NC,Pat McCrory,53rd Mayor of Charlotte,1995-12
2008,ND,John Hoeven,United States Senator North Dakota,2011-01
2008,ND,John Hoeven,Chair of the Senate Indian Affairs Committee,2017-01
2008,UT,Jon Huntsman Jr.,9th United States Ambassador to Russia,2017-10
2008,UT,Jon Huntsman Jr.,9th United States Ambassador to China,2009-08
2008,UT,Jon Huntsman Jr.,United States Deputy Trade Representative,2001-08
2008,UT,Jon Huntsman Jr.,United States Ambassador to Singapore,1992-09
2008,VT,Jim Douglas,Chair of the National Governors Association,2009-07
2008,VT,Jim Douglas,28th Treasurer of Vermont,1995-01
2008,VT,Jim Douglas,34th Secretary of State of Vermont,1981-01
2008,VT,Gaye Symington,Speaker of the Vermont House of Representatives,2005-01
2008,WA,Christine Gregoire,Chair of the National Governors Association,2010-11
2008,WA,Christine Gregoire,16th Attorney General of Washington,1993-01
2008,WA,Christine Gregoire,Director of the Washington State Department of Ecology,1988-01
2008,WA,Dino Rossi,Member of the Washington State Senate,2016-12
2008,WV,Joe Manchin,United States Senator West Virginia,2010-11
2008,WV,Joe Manchin,Chair of the National Governors Association,2010-07
2008,WV,Joe Manchin,27th Secretary of State of West Virginia,2001-01
2008,WV,Joe Manchin,Member of the West Virginia Senate,1986-12
2010,AL,Ron Sparks,28th Agriculture Commissioner of Alabama,2003-01
2010,AL,Ron Sparks,Member of the DeKalb County Commission from the 3rd district,1978-01
2010,AK,Sean Parnell,"12th Chancellor of the University of Alaska, Anchorage",2021-06
2010,AK,Sean Parnell,9th Lieutenant Governor of Alaska,2006-12
2010,AK,Ethan Berkowitz,Mayor of Anchorage,2015-07
2010,AK,Ethan Berkowitz,Minority Leader of the Alaska House of Representatives,1999-01
2010,AK,Ethan Berkowitz,Member of the Alaska House of Representatives,1997-01
2010,AZ,Jan Brewer,22nd Governor of Arizona,2009-01
2010,AZ,Jan Brewer,18th Secretary of State of Arizona,2003-01
2010,AZ,Jan Brewer,Member of the Maricopa County Board of Supervisors,1997-01
2010,AZ,Terry Goddard,24th Attorney General of Arizona,2003-01
2010,AZ,Terry Goddard,53rd Mayor of Phoenix,1984-01
2010,AZ,Terry Goddard,63rd President of the National League of Cities,
2010,AR,Mike Beebe,54th Attorney General of Arkansas,2003-01
2010,CA,Jerry Brown,31st Attorney General of California,2007-01
2010,CA,Jerry Brown,47th Mayor of Oakland,1999-01
2010,CA,Jerry Brown,Chair of the California Democratic Party,1989-02
2010,CA,Jerry Brown,23rd Secretary of State of California,1971-01
2010,CA,Meg Whitman,United States Ambassador to Kenya,2022-08
2010,CO,John Hickenlooper,United States Senator Colorado,2021-01
2010,CO,John Hickenlooper,Chair of the National Governors Association,2014-07
2010,CO,John Hickenlooper,43rd Mayor of Denver,2003-07
2010,CO,John Hickenlooper,,2021-01
2010,CT,Dannel Malloy,6th Chancellor of the University of Maine System,2019-07
2010,CT,Dannel Malloy,29th Mayor of Stamford,1995-12
2010,CT,Thomas C. Foley,United States Ambassador to Ireland,2006-10
2010,FL,Rick Scott,Chair of the Senate Aging Committee,2025-01
2010,FL,Rick Scott,Chair of the National Republican Senatorial Committee,2021-01
2010,FL,Rick Scott,United States Senator Florida,2019-01
2010,FL,Alex Sink,2nd Chief Financial Officer of Florida,2007-01
2010,HI,Duke Aiona,11th Lieutenant Governor of Hawaii,2002-12
2010,ID,Butch Otter,37th Lieutenant Governor of Idaho,1987-01
2010,ID,Butch Otter,Member of the Idaho House of Representatives,1972-12
2010,ID,Keith G. Allred,Governor,
2010,IL,Pat Quinn,45th Lieutenant Governor of Illinois,2003-01
2010,IL,Pat Quinn,70th Treasurer of Illinois,1991-01
2010,IL,Pat Quinn,Commissioner of the Cook County Board of Appeals,1982-01
2010,IL,Bill Brady,Minority Leader of the Illinois Senate,2017-07
2010,IA,Terry Branstad,12th United States Ambassador to China,2017-07
2010,IA,Terry Branstad,President of Des Moines University,2003-08
2010,IA,Terry Branstad,Chair of the National Governors Association,1989-08
2010,IA,Terry Branstad,40th Lieutenant Governor of Iowa,1979-01
2010,IA,Chet Culver,29th Secretary of State of Iowa,1999-01
2010,KS,Sam Brownback,5th United States Ambassador-at-Large for International Religious Freedom,2018-02
2010,KS,Sam Brownback,United States Senator Kansas,1996-11
2010,KS,Sam Brownback,Secretary of Agriculture of Kansas,1986-09
2010,ME,Paul LePage,74th Governor of Maine,2011-01
2010,ME,Paul LePage,50th Mayor of Waterville,2004-01
2010,ME,Libby Mitchell,President of the Maine Senate,2008-01
2010,ME,Libby Mitchell,Speaker of the Maine House of Representatives,1997-01
2010,MD,Martin O'Malley,17th Commissioner of the Social Security Administration,2023-12
2010,MD,Martin O'Malley,48th Mayor of Baltimore,1999-12
2010,MD,Martin O'Malley,Member of the Baltimore City Council from the 3rd district,1991-01
2010,MA,Deval Patrick,United States Assistant Attorney General for the Civil Rights Division,1994-04
2010,MA,Charlie Baker,6th President of the National Collegiate Athletic Association,2023-03
2010,MA,Charlie Baker,Secretary of Administration and Finance of Massachusetts,1994-11
2010,MA,Charlie Baker,Secretary of Health and Human Services of Massachusetts,1992-10
2010,MI,Virg Bernero,"List of mayors of Lansing, Michigan Mayor of Lansing",2006-01
2010,MN,Mark Dayton,United States Senator Minnesota,2001-01
2010,MN,Mark Dayton,15th Auditor of Minnesota,1991-01
2010,MN,Tom Emmer,House Majority Whip,2023-01
2010,MN,Tom Emmer,Chair of the National Republican Congressional Committee,2019-01
2010,NE,Dave Heineman,Chair of the National Governors Association,2011-07
2010,NE,Dave Heineman,37th Lieutenant Governor of Nebraska,2001-10
2010,NE,Dave Heineman,37th Treasurer of Nebraska,1995-01
2010,NV,Brian Sandoval,Chair of the National Governors Association,2017-07
2010,NV,Brian Sandoval,Judge of the United States District Court for the District of Nevada,2005-10
2010,NV,Brian Sandoval,30th Attorney General of Nevada,2003-01
2010,NV,Brian Sandoval,Chair of the Nevada Gaming Commission,1999-04
2010,NV,Brian Sandoval,Member of the Nevada Gaming Commission,1998-04
2010,NV,Rory Reid,Chair of the Clark County Commission,2005-01
2010,NV,Rory Reid,Member of the Clark County Commission from District G,2003-01
2010,NH,John Lynch,80th Governor of New Hampshire,2005-01
2010,NH,John Stephen,Member of the New Hampshire Executive Council from the 4th district,2025-01
2010,NM,Susana Martinez,District Attorney for the 3rd Judicial District,1997-01
2010,NM,Diane Denish,28th Lieutenant Governor of New Mexico,2003-01
2010,NY,Andrew Cuomo,Chair of the National Governors Association,2020-08
2010,NY,Andrew Cuomo,64th Attorney General of New York,2007-01
2010,NY,Andrew Cuomo,11th United States Secretary of Housing and Urban Development,1997-01
2010,NY,Andrew Cuomo,Assistant Secretary of Housing and Urban Development for Community Planning and Development,1993-05
2010,NY,Carl Paladino,Member of the Buffalo Public Schools Board of Education from the Park District,2013-07
2010,OK,Mary Fallin,Chair of the National Governors Association,2013-08
2010,OK,Mary Fallin,14th Lieutenant Governor of Oklahoma,1995-01
2010,OK,Mary Fallin,38th Chair of the National Lieutenant Governors Association,1997-01
2010,OK,Jari Askins,Interim President of Cameron University,2024-07
2010,OK,Jari Askins,Director of the Oklahoma Administrative Office of the Courts,2015-09
2010,OK,Jari Askins,15th Lieutenant Governor of Oklahoma,2007-01
2010,OK,Jari Askins,Minority Leader of the Oklahoma House of Representatives,2005-01
2010,OR,John Kitzhaber,35th and 37th Governor of Oregon,2011-01
2010,OR,John Kitzhaber,President of the Oregon Senate,1985-01
2010,PA,Tom Corbett,46th Attorney General of Pennsylvania,2005-01
2010,PA,Tom Corbett,United States Attorney for the Western District of Pennsylvania,1989-11
2010,PA,Dan Onorato,Chief Executive of Allegheny County,2004-01
2010,PA,Dan Onorato,Controller of Allegheny County,2000-01
2010,PA,Dan Onorato,Member of the Pittsburgh City Council from the 1st district,1992-01
2010,RI,Frank T. Caprio,29th Treasurer of Rhode Island,2007-01
2010,RI,Frank T. Caprio,Member of the Rhode Island Senate from the 5th district,2003-01
2010,RI,Frank T. Caprio,Member of the Rhode Island Senate from the 8th district,1995-01
2010,RI,Frank T. Caprio,Member of the Rhode Island House of Representatives from the 14th district,1991-01
2010,SC,Nikki Haley,29th United States Ambassador to the United Nations,2017-01
2010,SC,Vincent Sheheen,Mayor of Camden,2024-12
2010,SD,Dennis Daugaard,37th Lieutenant Governor of South Dakota,2003-01
2010,TN,Bill Haslam,Chair of the Republican Governors Association,2017-11
2010,TN,Bill Haslam,67th Mayor of Knoxville,2003-12
2010,TX,Rick Perry,United States Secretary of Energy,2017-03
2010,TX,Rick Perry,Governor of Texas,2000-12
2010,TX,Rick Perry,Lieutenant Governor of Texas,1999-01
2010,TX,Rick Perry,9th Agriculture Commissioner of Texas,1991-01
2010,TX,Bill White,60th Mayor of Houston,2004-01
2010,TX,Bill White,United States Deputy Secretary of Energy,1993-06
2010,VT,Peter Shumlin,77th and 79th President pro tempore of the Vermont Senate,2007-01
2010,VT,Brian Dubie,80th Lieutenant Governor of Vermont,2003-01
2010,WI,Scott Walker,Chair of the Republican Governors Association,2016-11
2010,WI,Scott Walker,5th Executive of Milwaukee County,2002-04
2010,WI,Tom Barrett,United States Ambassador to Luxembourg,2022-02
2010,WI,Tom Barrett,44th Mayor of Milwaukee,2004-04
2010,WI,Tom Barrett,Member of the Wisconsin State Assembly,1984-04
2010,WY,Matt Mead,United States Attorney for the District of Wyoming,2001-10
2012,DE,Jack Markell,United States Ambassador to Italy and San Marino,2023-09
2012,DE,Jack Markell,United States Ambassador to the OECD,2022-02
2012,DE,Jack Markell,Chair of the National Governors Association,2012-07
2012,DE,Jack Markell,Treasurer of Delaware,1999-01
2012,IN,Mike Pence,Chair of the House Republican Conference,2009-01
2012,IN,John R. Gregg,President of Vincennes University,2003-08
2012,IN,John R. Gregg,Speaker of the Indiana House of Representatives,1996-11
2012,MO,Jay Nixon,40th Attorney General of Missouri,1993-01
2012,MT,Steve Bullock,Chair of the National Governors Association,2018-07
2012,MT,Steve Bullock,23rd Attorney General of Montana,2009-01
2012,NH,Maggie Hassan,Ranking Member of the Joint Economic Committee,2025-01
2012,NH,Maggie Hassan,United States Senator New Hampshire,2017-01
2012,NH,Maggie Hassan,81st Governor of New Hampshire,2013-01
2012,NH,Maggie Hassan,Majority Leader of the New Hampshire Senate,2008-01
2012,NC,Pat McCrory,53rd Mayor of Charlotte,1995-12
2012,NC,Walter Dalton,33rd Lieutenant Governor of North Carolina,2009-01
2012,NC,Walter Dalton,Member of the North Carolina Senate,1997-01
2012,ND,Jack Dalrymple,36th Lieutenant Governor of North Dakota,2000-12
2012,ND,Jack Dalrymple,48th Chair of the National Lieutenant Governors Association,2007-01
2012,UT,Gary Herbert,Chair of the National Governors Association,2015-07
2012,UT,Gary Herbert,6th Lieutenant Governor of Utah,2005-01
2012,UT,Gary Herbert,Member of the Utah County Commission,1990-01
2012,VT,Peter Shumlin,77th and 79th President pro tempore of the Vermont Senate,2007-01
2012,VT,Randy Brock,Minority Leader of the Vermont Senate,2021-01
2012,VT,Randy Brock,28th Auditor of Vermont,2005-01
2012,WA,Rob McKenna,17th Attorney General of Washington,2005-01
2012,WA,Rob McKenna,Member of the King County Council from the 6th district,1996-01
2012,WV,Earl Ray Tomblin,President of the West Virginia Senate Lieutenant Governor of West Virginia,1995-01
2014,AK,Sean Parnell,"12th Chancellor of the University of Alaska, Anchorage",2021-06
2014,AK,Sean Parnell,9th Lieutenant Governor of Alaska,2006-12
2014,AZ,Doug Ducey,Chair of the Republican Governors Association,2020-12
2014,AZ,Doug Ducey,42nd Treasurer of Arizona,2011-01
2014,AR,Asa Hutchinson,Chair of the National Governors Association,2021-07
2014,AR,Asa Hutchinson,Under Secretary of Homeland Security for Border and Transportation Security,2003-01
2014,AR,Asa Hutchinson,8th Administrator of the Drug Enforcement Administration,2001-08
2014,AR,Asa Hutchinson,Chair of the Arkansas Republican Party,1991-01
2014,AR,Asa Hutchinson,United States Attorney for the Western District of Arkansas,1982-09
2014,CA,Jerry Brown,31st Attorney General of California,2007-01
2014,CA,Jerry Brown,47th Mayor of Oakland,1999-01
2014,CA,Jerry Brown,Chair of the California Democratic Party,1989-02
2014,CA,Jerry Brown,23rd Secretary of State of California,1971-01
2014,CA,Neel Kashkari,13th President of the Federal Reserve Bank of Minneapolis,2016-01
2014,CA,Neel Kashkari,Assistant Secretary of the Treasury for Financial Stability,2008-10
2014,CA,Neel Kashkari,Assistant Secretary of the Treasury for International Affairs,2008-07
2014,CO,John Hickenlooper,United States Senator Colorado,2021-01
2014,CO,John Hickenlooper,Chair of the National Governors Association,2014-07
2014,CO,John Hickenlooper,43rd Mayor of Denver,2003-07
2014,CO,John Hickenlooper,,2021-01
2014,CT,Dannel Malloy,6th Chancellor of the University of Maine System,2019-07
2014,CT,Dannel Malloy,29th Mayor of Stamford,1995-12
2014,CT,Thomas C. Foley,United States Ambassador to Ireland,2006-10
2014,FL,Rick Scott,Chair of the Senate Aging Committee,2025-01
2014,FL,Rick Scott,Chair of the National Republican Senatorial Committee,2021-01
2014,FL,Rick Scott,United States Senator Florida,2019-01
2014,FL,Charlie Crist,35th Attorney General of Florida,2003-01
2014,FL,Charlie Crist,21st Education Commissioner of Florida,2001-01
2014,HI,David Ige,Member of the Hawaii Senate,1994-11
2014,HI,David Ige,Member of the Hawaii House of Representatives,1985-12
2014,HI,Duke Aiona,11th Lieutenant Governor of Hawaii,2002-12
2014,ID,Butch Otter,37th Lieutenant Governor of Idaho,1987-01
2014,ID,Butch Otter,Member of the Idaho House of Representatives,1972-12
2014,IL,Pat Quinn,45th Lieutenant Governor of Illinois,2003-01
2014,IL,Pat Quinn,70th Treasurer of Illinois,1991-01
2014,IL,Pat Quinn,Commissioner of the Cook County Board of Appeals,1982-01
2014,IA,Terry Branstad,12th United States Ambassador to China,2017-07
2014,IA,Terry Branstad,President of Des Moines University,2003-08
2014,IA,Terry Branstad,Chair of the National Governors Association,1989-08
2014,IA,Terry Branstad,40th Lieutenant Governor of Iowa,1979-01
2014,KS,Sam Brownback,5th United States Ambassador-at-Large for International Religious Freedom,2018-02
2014,KS,Sam Brownback,United States Senator Kansas,1996-11
2014,KS,Sam Brownback,Secretary of Agriculture of Kansas,1986-09
2014,KS,Paul Davis,Minority Leader of the Kansas House of Representatives,2009-01
2014,ME,Paul LePage,74th Governor of Maine,2011-01
2014,ME,Paul LePage,50th Mayor of Waterville,2004-01
2014,ME,Mike Michaud,US Assistant Secretary of Labor for Veterans' Employment and Training,2015-12
2014,ME,Mike Michaud,Ranking Member of the House Veterans' Affairs Committee,2012-12
2014,ME,Mike Michaud,President of the Maine Senate,2000-12
2014,MD,Larry Hogan,Chair of the National Governors Association,2019-07
2014,MD,Larry Hogan,Secretary of Appointments of Maryland,2003-01
2014,MD,Anthony Brown,8th Lieutenant Governor of Maryland,2007-01
2014,MD,Anthony Brown,51st Chair of the National Lieutenant Governors Association,2010-01
2014,MA,Charlie Baker,6th President of the National Collegiate Athletic Association,2023-03
2014,MA,Charlie Baker,Secretary of Administration and Finance of Massachusetts,1994-11
2014,MA,Charlie Baker,Secretary of Health and Human Services of Massachusetts,1992-10
2014,MA,Martha Coakley,43rd Attorney General of Massachusetts,2007-01
2014,MA,Martha Coakley,"District Attorney for Middlesex County, Massachusetts",1999-01
2014,MI,Mark Schauer,Minority Leader of the Michigan Senate,2007-01
2014,MN,Mark Dayton,United States Senator Minnesota,2001-01
2014,MN,Mark Dayton,15th Auditor of Minnesota,1991-01
2014,MN,Jeff Johnson,Member of the Hennepin County Board of Commissioners from the 7th district,2009-01
2014,MN,Jeff Johnson,Member of the Minnesota House of Representatives,2001-01
2014,NE,Pete Ricketts,United States Senator Nebraska,2023-01
2014,NE,Pete Ricketts,Chair of the Republican Governors Association,2021-11
2014,NV,Brian Sandoval,Chair of the National Governors Association,2017-07
2014,NV,Brian Sandoval,Judge of the United States District Court for the District of Nevada,2005-10
2014,NV,Brian Sandoval,30th Attorney General of Nevada,2003-01
2014,NV,Brian Sandoval,Chair of the Nevada Gaming Commission,1999-04
2014,NV,Brian Sandoval,Member of the Nevada Gaming Commission,1998-04
2014,NH,Maggie Hassan,Ranking Member of the Joint Economic Committee,2025-01
2014,NH,Maggie Hassan,United States Senator New Hampshire,2017-01
2014,NH,Maggie Hassan,81st Governor of New Hampshire,2013-01
2014,NH,Maggie Hassan,Majority Leader of the New Hampshire Senate,2008-01
2014,NM,Susana Martinez,District Attorney for the 3rd Judicial District,1997-01
2014,NM,Gary King,30th Attorney General of New Mexico,2007-01
2014,NM,Gary King,Member of the New Mexico House of Representatives from the 50th district,1986-01
2014,NY,Andrew Cuomo,Chair of the National Governors Association,2020-08
2014,NY,Andrew Cuomo,64th Attorney General of New York,2007-01
2014,NY,Andrew Cuomo,11th United States Secretary of Housing and Urban Development,1997-01
2014,NY,Andrew Cuomo,Assistant Secretary of Housing and Urban Development for Community Planning and Development,1993-05
2014,NY,Rob Astorino,8th County Executive of Westchester County,2010-01
2014,NY,Rob Astorino,Member of the Westchester County Board of Legislators from the 3rd district,2003-01
2014,OH,Ed FitzGerald,1st Executive of Cuyahoga County,2011-01
2014,OH,Ed FitzGerald,"Mayor of Lakewood, Ohio",2008-01
2014,OK,Mary Fallin,Chair of the National Governors Association,2013-08
2014,OK,Mary Fallin,14th Lieutenant Governor of Oklahoma,1995-01
2014,OK,Mary Fallin,38th Chair of the National Lieutenant Governors Association,1997-01
2014,OR,John Kitzhaber,35th and 37th Governor of Oregon,2011-01
2014,OR,John Kitzhaber,President of the Oregon Senate,1985-01
2014,OR,Dennis Richardson,26th Secretary of State of Oregon,2017-01
2014,PA,Tom Wolf,Secretary of Revenue of Pennsylvania,2007-04
2014,PA,Tom Corbett,46th Attorney General of Pennsylvania,2005-01
2014,PA,Tom Corbett,United States Attorney for the Western District of Pennsylvania,1989-11
2014,RI,Gina Raimondo,40th United States Secretary of Commerce,2021-03
2014,RI,Gina Raimondo,30th Treasurer of Rhode Island,2011-01
2014,RI,Allan Fung,"Mayor of Cranston, Rhode Island",2009-01
2014,SC,Nikki Haley,29th United States Ambassador to the United Nations,2017-01
2014,SC,Vincent Sheheen,Mayor of Camden,2024-12
2014,SD,Dennis Daugaard,37th Lieutenant Governor of South Dakota,2003-01
2014,TN,Bill Haslam,Chair of the Republican Governors Association,2017-11
2014,TN,Bill Haslam,67th Mayor of Knoxville,2003-12
2014,TX,Greg Abbott,Governor of Texas,2015-01
2014,TX,Greg Abbott,Chair of the Republican Governors Association,2019-11
2014,TX,Greg Abbott,50th Attorney General of Texas,2002-12
2014,TX,Greg Abbott,Justice of the Supreme Court of Texas,1996-01
2014,TX,Wendy Davis,Member of the Fort Worth City Council from the 9th district,1999-05
2014,VT,Peter Shumlin,77th and 79th President pro tempore of the Vermont Senate,2007-01
2014,WI,Scott Walker,Chair of the Republican Governors Association,2016-11
2014,WI,Scott Walker,5th Executive of Milwaukee County,2002-04
2014,WI,Mary Burke,Secretary of Commerce of Wisconsin,2005-02
2014,WY,Matt Mead,United States Attorney for the District of Wyoming,2001-10
2014,WY,Pete Gosar,Chair of the Wyoming Board of Education,2015-02
2016,DE,John Carney,58th Mayor of Wilmington,2025-01
2016,DE,John Carney,24th Lieutenant Governor of Delaware,2001-01
2016,DE,John Carney,45th Chair of the National Lieutenant Governors Association,2004-01
2016,IN,Eric Holcomb,51st Lieutenant Governor of Indiana,2016-03
2016,IN,Eric Holcomb,Chair of the Indiana Republican Party,2011-01
2016,IN,John R. Gregg,President of Vincennes University,2003-08
2016,IN,John R. Gregg,Speaker of the Indiana House of Representatives,1996-11
2016,MO,Chris Koster,41st Attorney General of Missouri,2009-01
2016,MT,Steve Bullock,Chair of the National Governors Association,2018-07
2016,MT,Steve Bullock,23rd Attorney General of Montana,2009-01
2016,MT,Greg Gianforte,Chair of the Republican Governors Association,2025-11
2016,NH,Chris Sununu,82nd Governor of New Hampshire,2017-01
2016,NH,Chris Sununu,Member of the New Hampshire Executive Council from the 3rd district,2011-01
2016,NH,Colin Van Ostern,Member of the New Hampshire Executive Council from the 2nd district,2013-01
2016,NC,Roy Cooper,Governor of North Carolina,2017-01
2016,NC,Roy Cooper,50th Attorney General of North Carolina,2001-01
2016,NC,Roy Cooper,Majority Leader of the North Carolina Senate,1997-07
2016,NC,Pat McCrory,53rd Mayor of Charlotte,1995-12
2016,ND,Doug Burgum,55th United States Secretary of the Interior,2025-02
2016,OR,Kate Brown,38th Governor of Oregon,2015-02
2016,OR,Kate Brown,24th Secretary of State of Oregon,2009-01
2016,UT,Gary Herbert,Chair of the National Governors Association,2015-07
2016,UT,Gary Herbert,6th Lieutenant Governor of Utah,2005-01
2016,UT,Gary Herbert,Member of the Utah County Commission,1990-01
2016,VT,Phil Scott,81st Lieutenant Governor of Vermont,2011-01
2016,VT,Sue Minter,Secretary of the Vermont Agency of Transportation,2015-01
2016,WA,Bill Bryant,Member of the Seattle Port Commission Position 5,2008-01
2016,WV,Jim Justice,United States Senator West Virginia,2025-01
2018,AL,Kay Ivey,30th Lieutenant Governor of Alabama,2011-01
2018,AL,Kay Ivey,38th Treasurer of Alabama,2003-01
2018,AL,Walt Maddox,36th Mayor of Tuscaloosa,2005-10
2018,AL,Walt Maddox,Member of the Tuscaloosa City Council from the 6th district,2001-10
2018,AK,Mike Dunleavy,Governor of Alaska,2018-12
2018,AK,Mike Dunleavy,Member of the Alaska State Senate,2013-01
2018,AK,Mark Begich,Chair of the Senate Democratic Steering and Outreach Committee,2011-01
2018,AK,Mark Begich,United States Senator Alaska,2009-01
2018,AK,Mark Begich,34th Mayor of Anchorage,2003-07
2018,AK,Mark Begich,Chair of the Anchorage Assembly,1996-04
2018,AK,Mark Begich,Member of the Anchorage Assembly from Seat H,1988-10
2018,AZ,Doug Ducey,Chair of the Republican Governors Association,2020-12
2018,AZ,Doug Ducey,42nd Treasurer of Arizona,2011-01
2018,AR,Asa Hutchinson,Chair of the National Governors Association,2021-07
2018,AR,Asa Hutchinson,Under Secretary of Homeland Security for Border and Transportation Security,2003-01
2018,AR,Asa Hutchinson,8th Administrator of the Drug Enforcement Administration,2001-08
2018,AR,Asa Hutchinson,Chair of the Arkansas Republican Party,1991-01
2018,AR,Asa Hutchinson,United States Attorney for the Western District of Arkansas,1982-09
2018,CA,Gavin Newsom,49th Lieutenant Governor of California,2011-01
2018,CA,Gavin Newsom,42nd Mayor of San Francisco,2004-01
2018,CA,Gavin Newsom,Member of the San Francisco Board of Supervisors,1997-02
2018,CO,Jared Polis,Governor of Colorado,2019-01
2018,CO,Jared Polis,Chair of the National Governors Association,2024-07
2018,CO,Jared Polis,Member of the Colorado State Board of Education from the at-large district,2001-01
2018,CO,Walker Stapleton,56th Treasurer of Colorado,2011-01
2018,FL,Andrew Gillum,126th Mayor of Tallahassee,2014-11
2018,FL,Andrew Gillum,Member of the Tallahassee City Commission for the 2nd seat,2003-02
2018,GA,Brian Kemp,Governor of Georgia,2019-01
2018,GA,Brian Kemp,Chair of the Republican Governors Association,2024-11
2018,GA,Brian Kemp,27th Secretary of State of Georgia,2010-01
2018,GA,Stacey Abrams,Minority Leader of the Georgia House of Representatives,2011-01
2018,GA,Stacey Abrams,Member of the Georgia House of Representatives,2007-01
2018,HI,David Ige,Member of the Hawaii Senate,1994-11
2018,HI,David Ige,Member of the Hawaii House of Representatives,1985-12
2018,HI,Andria Tupola,Member of the Honolulu City Council from the 1st district,2021-01
2018,HI,Andria Tupola,Minority Leader of the Hawaii House of Representatives,2017-02
2018,ID,Brad Little,42nd Lieutenant Governor of Idaho,2009-01
2018,ID,Brad Little,Member of the Idaho Senate,2001-05
2018,IA,Kim Reynolds,Chair of the Republican Governors Association,2022-11
2018,IA,Kim Reynolds,46th Lieutenant Governor of Iowa,2011-01
2018,IA,Kim Reynolds,56th Chair of the National Lieutenant Governors Association,2015-01
2018,KS,Kris Kobach,45th Attorney General of Kansas,2023-01
2018,KS,Kris Kobach,31st Secretary of State of Kansas,2011-01
2018,KS,Kris Kobach,64th Chair of the Kansas Republican Party,2007-01
2018,ME,Janet Mills,75th Governor of Maine,2019-01
2018,ME,Janet Mills,55th and 57th Attorney General of Maine,2013-01
2018,ME,Janet Mills,Member of the Maine House of Representatives,2002-12
2018,ME,Janet Mills,"District Attorney of Androscoggin, Franklin, and Oxford Counties",1980-01
2018,MD,Larry Hogan,Chair of the National Governors Association,2019-07
2018,MD,Larry Hogan,Secretary of Appointments of Maryland,2003-01
2018,MD,Ben Jealous,Executive Director of the Sierra Club,2022-11
2018,MD,Ben Jealous,President and CEO of the NAACP,2008-09
2018,MA,Charlie Baker,6th President of the National Collegiate Athletic Association,2023-03
2018,MA,Charlie Baker,Secretary of Administration and Finance of Massachusetts,1994-11
2018,MA,Charlie Baker,Secretary of Health and Human Services of Massachusetts,1992-10
2018,MA,Jay Gonzalez,15th President of Curry College,2023-06
2018,MA,Jay Gonzalez,Secretary of Administration and Finance of Massachusetts,2009-10
2018,MI,Gretchen Whitmer,Vice Chair of the Democratic National Committee,2021-01
2018,MI,Gretchen Whitmer,Prosecuting Attorney of Ingham County,2016-07
2018,MI,Gretchen Whitmer,Minority Leader of the Michigan Senate,2011-01
2018,MI,Gretchen Whitmer,Member of the Michigan House of Representatives,2003-01
2018,MI,Bill Schuette,53rd Attorney General of Michigan,2011-01
2018,MI,Bill Schuette,Judge of the Michigan Fourth District Court of Appeals,2003-01
2018,MI,Bill Schuette,Director of the Michigan Department of Agriculture,1991-01
2018,MN,Tim Walz,Ranking Member of the House Veterans' Affairs Committee,2017-01
2018,MN,Jeff Johnson,Member of the Hennepin County Board of Commissioners from the 7th district,2009-01
2018,MN,Jeff Johnson,Member of the Minnesota House of Representatives,2001-01
2018,NE,Pete Ricketts,United States Senator Nebraska,2023-01
2018,NE,Pete Ricketts,Chair of the Republican Governors Association,2021-11
2018,NE,Bob Krist,Chair of the Executive Board of the Nebraska Legislature,2015-01
2018,NV,Steve Sisolak,Chair of the Clark County Commission,2013-01
2018,NV,Steve Sisolak,Vice Chair of the Clark County Commission,2011-01
2018,NV,Steve Sisolak,Member of the Clark County Commission from District A,2009-01
2018,NV,Steve Sisolak,Member of the Nevada Board of Regents from the 2nd district,1999-01
2018,NV,Adam Laxalt,33rd Attorney General of Nevada,2015-01
2018,NH,Chris Sununu,82nd Governor of New Hampshire,2017-01
2018,NH,Chris Sununu,Member of the New Hampshire Executive Council from the 3rd district,2011-01
2018,NM,Michelle Lujan Grisham,Member of the Bernalillo County Commission from the 1st district,2011-01
2018,NM,Michelle Lujan Grisham,Secretary of Health of New Mexico,2004-08
2018,NM,Steve Pearce,Director of the Bureau of Land Management,2026-05
2018,NM,Steve Pearce,Chair of the New Mexico Republican Party,2018-12
2018,NY,Andrew Cuomo,Chair of the National Governors Association,2020-08
2018,NY,Andrew Cuomo,64th Attorney General of New York,2007-01
2018,NY,Andrew Cuomo,11th United States Secretary of Housing and Urban Development,1997-01
2018,NY,Andrew Cuomo,Assistant Secretary of Housing and Urban Development for Community Planning and Development,1993-05
2018,NY,Marc Molinaro,Administrator of the Federal Transit Administration,2025-08
2018,NY,Marc Molinaro,County Executive of Dutchess County,2012-01
2018,NY,Marc Molinaro,Member of the Dutchess County Legislature,2001-01
2018,NY,Marc Molinaro,Mayor of Tivoli,1995-01
2018,OH,Mike DeWine,Governor of Ohio,2019-01
2018,OH,Mike DeWine,United States Senator Ohio,1995-01
2018,OH,Mike DeWine,59th Lieutenant Governor of Ohio,1991-01
2018,OH,Mike DeWine,Prosecutor of Greene County,1977-01
2018,OH,Richard Cordray,Chief Operating Officer of Federal Student Aid,2021-05
2018,OH,Richard Cordray,1st Director of the Consumer Financial Protection Bureau,2012-01
2018,OH,Richard Cordray,49th Attorney General of Ohio,2009-01
2018,OH,Richard Cordray,46th Treasurer of Ohio,2007-01
2018,OH,Richard Cordray,Treasurer of Franklin County,2002-12
2018,OH,Richard Cordray,1st Solicitor General of Ohio,1993-09
2018,OK,Kevin Stitt,Chair of the National Governors Association,2025-07
2018,OK,Drew Edmondson,16th Attorney General of Oklahoma,1995-01
2018,OK,Drew Edmondson,District Attorney of Muskogee County,1983-01
2018,OR,Kate Brown,38th Governor of Oregon,2015-02
2018,OR,Kate Brown,24th Secretary of State of Oregon,2009-01
2018,PA,Tom Wolf,Secretary of Revenue of Pennsylvania,2007-04
2018,RI,Gina Raimondo,40th United States Secretary of Commerce,2021-03
2018,RI,Gina Raimondo,30th Treasurer of Rhode Island,2011-01
2018,RI,Allan Fung,"Mayor of Cranston, Rhode Island",2009-01
2018,SC,Henry McMaster,91st Lieutenant Governor of South Carolina,2015-01
2018,SC,Henry McMaster,50th Attorney General of South Carolina,2003-01
2018,SC,Henry McMaster,Chair of the South Carolina Republican Party,1993-05
2018,SC,Henry McMaster,United States Attorney for the District of South Carolina,1981-06
2018,SD,Kristi Noem,United States Special Envoy for the Shield of the Americas,2026-03
2018,SD,Kristi Noem,8th United States Secretary of Homeland Security,2025-01
2018,SD,Billie Sutton,Minority Leader of the South Dakota Senate,2015-01
2018,TN,Bill Lee,Chair of the Republican Governors Association,2023-12
2018,TN,Karl Dean,6th Mayor of Metropolitan Nashville,2007-09
2018,TX,Greg Abbott,Governor of Texas,2015-01
2018,TX,Greg Abbott,Chair of the Republican Governors Association,2019-11
2018,TX,Greg Abbott,50th Attorney General of Texas,2002-12
2018,TX,Greg Abbott,Justice of the Supreme Court of Texas,1996-01
2018,TX,Lupe Valdez,Dallas County Sheriff,2005-01
2018,VT,Phil Scott,81st Lieutenant Governor of Vermont,2011-01
2018,WI,Scott Walker,Chair of the Republican Governors Association,2016-11
2018,WI,Scott Walker,5th Executive of Milwaukee County,2002-04
2018,WY,Mark Gordon,33rd Governor of Wyoming,2019-01
2018,WY,Mark Gordon,29th Treasurer of Wyoming,2012-11
2018,WY,Mary Throne,Minority Leader of the Wyoming House of Representatives,2013-01
2020,DE,John Carney,58th Mayor of Wilmington,2025-01
2020,DE,John Carney,24th Lieutenant Governor of Delaware,2001-01
2020,DE,John Carney,45th Chair of the National Lieutenant Governors Association,2004-01
2020,DE,Julianne Murray,United States Attorney for the District of Delaware,2025-07
2020,DE,Julianne Murray,Chair of the Delaware Republican Party,2023-04
2020,IN,Eric Holcomb,51st Lieutenant Governor of Indiana,2016-03
2020,IN,Eric Holcomb,Chair of the Indiana Republican Party,2011-01
2020,IN,Woody Myers,Health Commissioner of New York City,1990-03
2020,IN,Woody Myers,Health Commissioner of Indiana,1985-02
2020,MO,Mike Parson,47th Lieutenant Governor of Missouri,2017-01
2020,MO,Mike Parson,Sheriff of Polk County,1993-01
2020,MO,Nicole Galloway,38th Auditor of Missouri,2015-04
2020,MT,Greg Gianforte,Chair of the Republican Governors Association,2025-11
2020,MT,Mike Cooney,36th Lieutenant Governor of Montana,2016-01
2020,MT,Mike Cooney,59th Chair of the National Lieutenant Governors Association,2018-01
2020,MT,Mike Cooney,President of the Montana Senate,2007-01
2020,MT,Mike Cooney,17th Secretary of State of Montana,1989-01
2020,NH,Chris Sununu,82nd Governor of New Hampshire,2017-01
2020,NH,Chris Sununu,Member of the New Hampshire Executive Council from the 3rd district,2011-01
2020,NH,Dan Feltes,Majority Leader of the New Hampshire Senate,2018-12
2020,NC,Roy Cooper,Governor of North Carolina,2017-01
2020,NC,Roy Cooper,50th Attorney General of North Carolina,2001-01
2020,NC,Roy Cooper,Majority Leader of the North Carolina Senate,1997-07
2020,NC,Dan Forest,34th Lieutenant Governor of North Carolina,2013-01
2020,ND,Doug Burgum,55th United States Secretary of the Interior,2025-02
2020,ND,Shelley Lenz,Governor,
2020,UT,Spencer Cox,Chair of the National Governors Association,2023-07
2020,UT,Spencer Cox,8th Lieutenant Governor of Utah,2013-10
2020,VT,Phil Scott,81st Lieutenant Governor of Vermont,2011-01
2020,WV,Jim Justice,United States Senator West Virginia,2025-01
2022,AL,Kay Ivey,30th Lieutenant Governor of Alabama,2011-01
2022,AL,Kay Ivey,38th Treasurer of Alabama,2003-01
2022,AK,Mike Dunleavy,Governor of Alaska,2018-12
2022,AK,Mike Dunleavy,Member of the Alaska State Senate,2013-01
2022,AZ,Katie Hobbs,24th Governor of Arizona,2023-01
2022,AZ,Katie Hobbs,21st Secretary of State of Arizona,2019-01
2022,AZ,Katie Hobbs,Minority Leader of the Arizona Senate,2015-01
2022,AZ,Kari Lake,United States Ambassador to Jamaica,
2022,AZ,Kari Lake,Senior Advisor to the United States Agency for Global Media,2025-03
2022,AR,Sarah Huckabee Sanders,31st White House Press Secretary,2017-07
2022,AR,Sarah Huckabee Sanders,White House Deputy Press Secretary,2017-01
2022,CA,Gavin Newsom,49th Lieutenant Governor of California,2011-01
2022,CA,Gavin Newsom,42nd Mayor of San Francisco,2004-01
2022,CA,Gavin Newsom,Member of the San Francisco Board of Supervisors,1997-02
2022,CA,Brian Dahle,Minority Leader of the California Assembly,2017-09
2022,CA,Brian Dahle,Member of the Lassen County Board of Supervisors from the 4th district,1997-01
2022,CO,Jared Polis,Governor of Colorado,2019-01
2022,CO,Jared Polis,Chair of the National Governors Association,2024-07
2022,CO,Jared Polis,Member of the Colorado State Board of Education from the at-large district,2001-01
2022,CO,Heidi Ganahl,Member of the University of Colorado Board of Regents from the at-large district,2017-01
2022,FL,Charlie Crist,35th Attorney General of Florida,2003-01
2022,FL,Charlie Crist,21st Education Commissioner of Florida,2001-01
2022,GA,Brian Kemp,Governor of Georgia,2019-01
2022,GA,Brian Kemp,Chair of the Republican Governors Association,2024-11
2022,GA,Brian Kemp,27th Secretary of State of Georgia,2010-01
2022,GA,Stacey Abrams,Minority Leader of the Georgia House of Representatives,2011-01
2022,GA,Stacey Abrams,Member of the Georgia House of Representatives,2007-01
2022,HI,Josh Green,15th Lieutenant Governor of Hawaii,2018-12
2022,HI,Duke Aiona,11th Lieutenant Governor of Hawaii,2002-12
2022,ID,Brad Little,42nd Lieutenant Governor of Idaho,2009-01
2022,ID,Brad Little,Member of the Idaho Senate,2001-05
2022,IA,Kim Reynolds,Chair of the Republican Governors Association,2022-11
2022,IA,Kim Reynolds,46th Lieutenant Governor of Iowa,2011-01
2022,IA,Kim Reynolds,56th Chair of the National Lieutenant Governors Association,2015-01
2022,KS,Derek Schmidt,44th Attorney General of Kansas,2011-01
2022,KS,Derek Schmidt,Majority Leader of the Kansas Senate,2005-01
2022,ME,Janet Mills,75th Governor of Maine,2019-01
2022,ME,Janet Mills,55th and 57th Attorney General of Maine,2013-01
2022,ME,Janet Mills,Member of the Maine House of Representatives,2002-12
2022,ME,Janet Mills,"District Attorney of Androscoggin, Franklin, and Oxford Counties",1980-01
2022,ME,Paul LePage,74th Governor of Maine,2011-01
2022,ME,Paul LePage,50th Mayor of Waterville,2004-01
2022,MD,Wes Moore,Chair of the National Governors Association,2026-08
2022,MA,Maura Healey,44th Attorney General of Massachusetts,2015-01
2022,MI,Gretchen Whitmer,Vice Chair of the Democratic National Committee,2021-01
2022,MI,Gretchen Whitmer,Prosecuting Attorney of Ingham County,2016-07
2022,MI,Gretchen Whitmer,Minority Leader of the Michigan Senate,2011-01
2022,MI,Gretchen Whitmer,Member of the Michigan House of Representatives,2003-01
2022,MN,Tim Walz,Ranking Member of the House Veterans' Affairs Committee,2017-01
2022,NV,Joe Lombardo,Governor of Nevada,2023-01
2022,NV,Joe Lombardo,17th Sheriff of Clark County,2015-01
2022,NV,Steve Sisolak,Chair of the Clark County Commission,2013-01
2022,NV,Steve Sisolak,Vice Chair of the Clark County Commission,2011-01
2022,NV,Steve Sisolak,Member of the Clark County Commission from District A,2009-01
2022,NV,Steve Sisolak,Member of the Nevada Board of Regents from the 2nd district,1999-01
2022,NH,Chris Sununu,82nd Governor of New Hampshire,2017-01
2022,NH,Chris Sununu,Member of the New Hampshire Executive Council from the 3rd district,2011-01
2022,NM,Michelle Lujan Grisham,Member of the Bernalillo County Commission from the 1st district,2011-01
2022,NM,Michelle Lujan Grisham,Secretary of Health of New Mexico,2004-08
2022,NY,Kathy Hochul,Lieutenant Governor of New York,2015-01
2022,NY,Kathy Hochul,8th Clerk of Erie County,2007-04
2022,NY,Kathy Hochul,Member of the Hamburg Town Board,1994-01
2022,NY,Lee Zeldin,17th Administrator of the Environmental Protection Agency,2025-01
2022,OH,Mike DeWine,Governor of Ohio,2019-01
2022,OH,Mike DeWine,United States Senator Ohio,1995-01
2022,OH,Mike DeWine,59th Lieutenant Governor of Ohio,1991-01
2022,OH,Mike DeWine,Prosecutor of Greene County,1977-01
2022,OH,Nan Whaley,56th Mayor of Dayton,2014-01
2022,OH,Nan Whaley,79th President of the United States Conference of Mayors,2021-01
2022,OK,Kevin Stitt,Chair of the National Governors Association,2025-07
2022,OK,Joy Hofmeister,14th Oklahoma Superintendent of Public Instruction,2015-01
2022,OR,Tina Kotek,39th Governor of Oregon,2023-01
2022,OR,Tina Kotek,67th Speaker of the Oregon House of Representatives,2013-01
2022,OR,Christine Drazan,Minority Leader of the Oregon House of Representatives,2025-01
2022,OR,Christine Drazan,Member of the Oregon House of Representatives,2025-01
2022,PA,Josh Shapiro,Attorney General of Pennsylvania,2017-01
2022,PA,Josh Shapiro,Chair of the Montgomery County Board of Commissioners,2012-01
2022,PA,Doug Mastriano,United States Ambassador to Slovakia,
2022,RI,Dan McKee,69th Lieutenant Governor of Rhode Island,2015-01
2022,RI,Dan McKee,57th Chair of the National Lieutenant Governors Association,2016-01
2022,RI,Dan McKee,Mayor of Cumberland,2007-01
2022,SC,Henry McMaster,91st Lieutenant Governor of South Carolina,2015-01
2022,SC,Henry McMaster,50th Attorney General of South Carolina,2003-01
2022,SC,Henry McMaster,Chair of the South Carolina Republican Party,1993-05
2022,SC,Henry McMaster,United States Attorney for the District of South Carolina,1981-06
2022,SD,Kristi Noem,United States Special Envoy for the Shield of the Americas,2026-03
2022,SD,Kristi Noem,8th United States Secretary of Homeland Security,2025-01
2022,SD,Jamie Smith,Minority Leader of the South Dakota House of Representatives,2019-01
2022,TN,Bill Lee,Chair of the Republican Governors Association,2023-12
2022,TX,Greg Abbott,Governor of Texas,2015-01
2022,TX,Greg Abbott,Chair of the Republican Governors Association,2019-11
2022,TX,Greg Abbott,50th Attorney General of Texas,2002-12
2022,TX,Greg Abbott,Justice of the Supreme Court of Texas,1996-01
2022,TX,Beto O'Rourke,Mayor pro tempore of El Paso,2005-06
2022,TX,Beto O'Rourke,Member of the El Paso City Council from the 8th district,2005-06
2022,VT,Phil Scott,81st Lieutenant Governor of Vermont,2011-01
2022,WY,Mark Gordon,33rd Governor of Wyoming,2019-01
2022,WY,Mark Gordon,29th Treasurer of Wyoming,2012-11
2024,DE,Matt Meyer,11th Executive of New Castle County,2017-01
2024,DE,Michael Ramone,Minority Leader of the Delaware House of Representatives,2023-01
2024,IN,Mike Braun,Ranking Member of the Senate Aging Committee,2023-01
2024,IN,Mike Braun,United States Senator Indiana,2019-01
2024,IN,Mike Braun,Member of the Jasper School Board,2004-01
2024,IN,Jennifer McCormick,44th Indiana Superintendent of Public Instruction,2017-01
2024,MO,Mike Kehoe,48th Lieutenant Governor of Missouri,2018-06
2024,MO,Mike Kehoe,Majority Leader of the Missouri Senate,2015-09
2024,MO,Crystal Quade,Minority Leader of the Missouri House of Representatives,2019-01
2024,MT,Greg Gianforte,Chair of the Republican Governors Association,2025-11
2024,NH,Kelly Ayotte,83rd Governor of New Hampshire,2025-01
2024,NH,Kelly Ayotte,United States Senator New Hampshire,2011-01
2024,NH,Kelly Ayotte,27th Attorney General of New Hampshire,2004-07
2024,NH,Joyce Craig,56th Mayor of Manchester,2018-01
2024,NC,Josh Stein,51st Attorney General of North Carolina,2017-01
2024,NC,Mark Robinson,35th Lieutenant Governor of North Carolina,2021-01
2024,ND,Kelly Armstrong,Chair of the North Dakota Republican Party,2015-06
2024,UT,Spencer Cox,Chair of the National Governors Association,2023-07
2024,UT,Spencer Cox,8th Lieutenant Governor of Utah,2013-10
2024,UT,Brian King,Chair of the Utah Democratic Party,2025-05
2024,UT,Brian King,Minority Leader of the Utah House of Representatives,2015-01
2024,UT,Brian King,Member of the Utah House of Representatives,2009-01
2024,VT,Phil Scott,81st Lieutenant Governor of Vermont,2011-01
2024,WA,Bob Ferguson,18th Attorney General of Washington,2013-01
2024,WA,Bob Ferguson,Chair of the King County Council,2009-11
2024,WA,Bob Ferguson,Member of the King County Council,2004-01
2024,WA,Dave Reichert,30th Sheriff of King County,1997-03
2024,WV,Patrick Morrisey,34th Attorney General of West Virginia,2013-01
2024,WV,Steve Williams,47th Mayor of Huntington,2013-01
2024,WV,Steve Williams,Member of the West Virginia House of Delegates,1986-12
2026,AL,Doug Jones,United States Senator Alabama,2018-01
2026,AL,Doug Jones,United States Attorney for the Northern District of Alabama,1997-09
2026,AL,Tommy Tuberville,United States Senator Alabama,2021-01
2026,AK,Dave Bronson,37th Mayor of Anchorage,2021-07
2026,AK,Treg Taylor,33rd Attorney General of Alaska,2021-01
2026,AZ,Andy Biggs,Chair of the House Freedom Caucus,2019-10
2026,AZ,Andy Biggs,President of the Arizona Senate,2013-01
2026,AZ,Andy Biggs,Member of the Arizona Senate,2011-01
2026,AZ,Katie Hobbs,24th Governor of Arizona,2023-01
2026,AZ,Katie Hobbs,21st Secretary of State of Arizona,2019-01
2026,AZ,Katie Hobbs,Minority Leader of the Arizona Senate,2015-01
2026,AR,Fredrick Love,Minority Leader of the Arkansas House of Representatives,2019-05
2026,AR,Fredrick Love,Member of the Arkansas House of Representatives,2011-01
2026,AR,Sarah Huckabee Sanders,31st White House Press Secretary,2017-07
2026,AR,Sarah Huckabee Sanders,White House Deputy Press Secretary,2017-01
2026,CA,Xavier Becerra,25th United States Secretary of Health and Human Services,2021-03
2026,CA,Xavier Becerra,33rd Attorney General of California,2017-01
2026,CA,Steve Hilton,Director of Strategy to the Prime Minister of the United Kingdom,2010-05
2026,CO,Phil Weiser,39th Attorney General of Colorado,2019-01
2026,CO,Phil Weiser,15th Dean of the University of Colorado Law School,2011-06
2026,GA,Keisha Lance Bottoms,Director of the Office of Public Engagement Senior Advisor to the President,2022-07
2026,GA,Keisha Lance Bottoms,60th Mayor of Atlanta,2018-01
2026,GA,Keisha Lance Bottoms,Member of the Atlanta City Council from the 11th district,2010-01
2026,HI,Josh Green,15th Lieutenant Governor of Hawaii,2018-12
2026,ID,Brad Little,42nd Lieutenant Governor of Idaho,2009-01
2026,ID,Brad Little,Member of the Idaho Senate,2001-05
2026,IA,Rob Sand,33rd Auditor of Iowa,2019-01
2026,KS,Ty Masterson,President of the Kansas Senate,2021-01
2026,ME,Robert B. Charles,8th Assistant Secretary of State for International Narcotics and Law Enforcement Affairs,2003-10
2026,ME,Hannah Pingree,99th Speaker of the Maine House of Representatives,2008-12
2026,ME,Hannah Pingree,Majority Leader of the Maine House of Representatives,2006-01
2026,MD,Wes Moore,Chair of the National Governors Association,2026-08
2026,MA,Maura Healey,44th Attorney General of Massachusetts,2015-01
2026,MI,Jocelyn Benson,43rd Secretary of State of Michigan,2019-01
2026,MI,Jocelyn Benson,Dean of the Wayne State University Law School,2012-12
2026,MN,Lisa Demuth,62nd Speaker of the Minnesota House of Representatives,2025-02
2026,MN,Lisa Demuth,Minority Leader of the Minnesota House of Representatives,2023-01
2026,MN,Amy Klobuchar,United States Senator Minnesota,2007-01
2026,MN,Amy Klobuchar,County Attorney of Hennepin County,1999-01
2026,NV,Aaron Ford,34th Attorney General of Nevada,2019-01
2026,NV,Aaron Ford,Majority Leader of the Nevada Senate,2016-11
2026,NV,Aaron Ford,Minority Leader of the Nevada Senate,2014-11
2026,NV,Joe Lombardo,Governor of Nevada,2023-01
2026,NV,Joe Lombardo,17th Sheriff of Clark County,2015-01
2026,NH,Kelly Ayotte,83rd Governor of New Hampshire,2025-01
2026,NH,Kelly Ayotte,United States Senator New Hampshire,2011-01
2026,NH,Kelly Ayotte,27th Attorney General of New Hampshire,2004-07
2026,NH,Cinde Warmington,Member of the New Hampshire Executive Council from the 2nd district,2021-01
2026,NM,Deb Haaland,54th United States Secretary of the Interior,2021-03
2026,NM,Deb Haaland,Chair of the New Mexico Democratic Party,2015-04
2026,NM,Gregg Hull,Mayor of Rio Rancho,2014-01
2026,NY,Bruce Blakeman,10th Nassau County Executive,2022-01
2026,NY,Bruce Blakeman,Member of the Nassau County Legislature from the 7th district,1995-01
2026,NY,Kathy Hochul,Lieutenant Governor of New York,2015-01
2026,NY,Kathy Hochul,8th Clerk of Erie County,2007-04
2026,NY,Kathy Hochul,Member of the Hamburg Town Board,1994-01
2026,OH,Amy Acton,Director of the Ohio Department of Health,2019-02
2026,OK,Mike Mazzei,Oklahoma Secretary of Budget,2019-01
2026,OK,Cyndi Munson,Minority Leader of the Oklahoma House of Representatives,2022-11
2026,OR,Christine Drazan,Minority Leader of the Oregon House of Representatives,2025-01
2026,OR,Christine Drazan,Member of the Oregon House of Representatives,2025-01
2026,OR,Tina Kotek,39th Governor of Oregon,2023-01
2026,OR,Tina Kotek,67th Speaker of the Oregon House of Representatives,2013-01
2026,PA,Stacy Garrity,79th Treasurer of Pennsylvania,2021-01
2026,PA,Josh Shapiro,Attorney General of Pennsylvania,2017-01
2026,PA,Josh Shapiro,Chair of the Montgomery County Board of Commissioners,2012-01
2026,RI,Aaron Guckian,Lieutenant Governor,
2026,SC,Jermaine Johnson,Member of the South Carolina House of Representatives,2020-12
2026,SC,Alan Wilson,51st Attorney General of South Carolina,2011-01
2026,SD,Larry Rhoden,Governor of South Dakota,2025-01
2026,SD,Larry Rhoden,39th Lieutenant Governor of South Dakota,2019-01
2026,SD,Larry Rhoden,Secretary of Agriculture of South Dakota,2020-05
2026,TN,Marsha Blackburn,United States Senator Tennessee,2019-01
2026,TN,Marsha Blackburn,"Executive Director of the Tennessee Film, Entertainment, and Music Commission",1995-02
2026,TX,Greg Abbott,Governor of Texas,2015-01
2026,TX,Greg Abbott,Chair of the Republican Governors Association,2019-11
2026,TX,Greg Abbott,50th Attorney General of Texas,2002-12
2026,TX,Greg Abbott,Justice of the Supreme Court of Texas,1996-01
2026,VT,Phil Scott,81st Lieutenant Governor of Vermont,2011-01
2026,WI,David Crowley,7th Executive of Milwaukee County,2020-05
2026,WY,Eric Barlow,65th Speaker of the Wyoming House of Representatives,2021-01
2026,WY,Eric Barlow,Majority Leader of the Wyoming House of Representatives,2019-01
