year,state,name,party,pct,title,has_page
1998,AL,Fob James,Republican,42.1,Fob James,1
1998,AK,Tony Knowles,Democratic,51.3,Tony Knowles (politician),1
1998,AK,Robin L. Taylor,Write-in,18.3,Robin L. Taylor,1
1998,AK,John Howard Lindauer,Republican,17.9,John Howard Lindauer,1
1998,AK,Ray Metcalfe,Republican Moderate,6.1,Ray Metcalfe,1
1998,AK,Desa Jacobsson,Green,3.0,,0
1998,AK,Sylvia Sullivan,AK Independence,1.9,,0
1998,AZ,Jane Dee Hull,Republican,60.9,Jane Dee Hull,1
1998,AZ,Paul Johnson,Democratic,35.5,Paul Johnson (American politician),1
1998,AZ,Katherine Gallant,Libertarian,2.7,,0
1998,AR,Mike Huckabee,Republican,59.8,Mike Huckabee,1
1998,AR,Bill Bristow,Democratic,38.7,,0
1998,AR,Keith Carle,Reform,1.6,,0
1998,CA,Gray Davis,Democratic,58.0,Gray Davis,1
1998,CA,Dan Lungren,Republican,38.4,Dan Lungren,1
1998,CA,Daniel Hamburg,Green,1.2,Daniel Hamburg,1
1998,CO,Bill Owens,Republican,49.0,Bill Owens (Colorado politician),1
1998,CO,Gail Schoettler,Democratic,48.4,Gail Schoettler,1
1998,CO,Sandra D. Johnson,Libertarian,1.7,,0
1998,CT,John G. Rowland,Republican,62.9,John G. Rowland,1
1998,CT,Barbara Kennelly,Democratic,35.4,Barbara Kennelly,1
1998,FL,Jeb Bush,Republican,55.3,Jeb Bush,1
1998,FL,Buddy MacKay,Democratic,44.7,Buddy MacKay,1
1998,GA,Roy Barnes,Democratic,52.5,Roy Barnes,1
1998,GA,Guy Millner,Republican,44.1,Guy Millner,1
1998,GA,Jack Cashin,Libertarian,3.4,,0
1998,HI,Ben Cayetano,Democratic,50.1,Ben Cayetano,1
1998,HI,Linda Lingle,Republican,48.8,Linda Lingle,1
1998,HI,George Peabody,Libertarian,1.1,Molokai Advertiser-News,1
1998,ID,Dirk Kempthorne,Republican,67.7,Dirk Kempthorne,1
1998,ID,Robert C. Huntley,Democratic,29.1,Robert C. Huntley,1
1998,ID,Peter Rickards,Independent,3.2,,0
1998,IL,George Ryan,Republican,51.0,George Ryan,1
1998,IL,Glenn Poshard,Democratic,47.5,Glenn Poshard,1
1998,IL,Lawrence Redmond,Reform,1.5,,0
1998,IA,Tom Vilsack,Democratic,52.3,Tom Vilsack,1
1998,IA,Jim Ross Lightfoot,Republican,46.5,Jim Ross Lightfoot,1
1998,KS,Bill Graves,Republican,73.4,Bill Graves,1
1998,KS,Tom Sawyer,Democratic,22.6,Tom Sawyer (Kansas politician),1
1998,KS,Kirt Poovey,Constitution,2.9,,0
1998,KS,Darrel King,Reform,1.1,,0
1998,ME,Angus King,Independent,58.6,Angus King,1
1998,ME,James B. Longley Jr.,Republican,18.9,James B. Longley Jr.,1
1998,ME,Thomas J. Connolly,Democratic,12.0,Thomas J. Connolly,1
1998,ME,Pat LaMarche,Green,6.8,Pat LaMarche,1
1998,ME,William P. Clarke Jr.,Constitution,3.6,,0
1998,MD,Parris Glendening,Democratic,55.1,Parris Glendening,1
1998,MD,Ellen Sauerbrey,Republican,44.8,Ellen Sauerbrey,1
1998,MA,Paul Cellucci,Republican,50.8,Paul Cellucci,1
1998,MA,Scott Harshbarger,Democratic,47.4,Scott Harshbarger,1
1998,MA,Dean Cook,Libertarian,1.7,,0
1998,MI,John Engler,Republican,62.2,John Engler,1
1998,MI,Geoffrey Fieger,Democratic,37.8,Geoffrey Fieger,1
1998,MN,Jesse Ventura,Reform,37.0,Jesse Ventura,1
1998,MN,Norm Coleman,Republican,34.3,Norm Coleman,1
1998,MN,Skip Humphrey,Democratic,28.1,Skip Humphrey,1
1998,NE,Mike Johanns,Republican,53.9,Mike Johanns,1
1998,NE,Bill Hoppner,Democratic,46.0,,0
1998,NV,Kenny Guinn,Republican,51.6,Kenny Guinn,1
1998,NV,Jan Laverty Jones,Democratic,42.0,Jan Laverty Jones,1
1998,NV,Chuck Horne,Independent American,1.7,,0
1998,NV,Terry C. Savage,Libertarian,1.7,,0
1998,NH,Jeanne Shaheen,Democratic,66.1,Jeanne Shaheen,1
1998,NH,Jay Lucas,Republican,30.9,,0
1998,NH,Ken Blevens,Libertarian,2.7,,0
1998,NM,Gary Johnson,Republican,54.5,Gary Johnson,1
1998,NM,Martin Chávez,Democratic,45.5,Martin Chávez,1
1998,NY,George Pataki,Republican,54.3,George Pataki,1
1998,NY,Peter Vallone Sr.,Democratic,33.2,Peter Vallone Sr.,1
1998,NY,Tom Golisano,Independence,7.7,Tom Golisano,1
1998,NY,Betsy McCaughey,Liberal,1.6,Betsy McCaughey,1
1998,NY,Michael Reynolds,Right to Life,1.2,,0
1998,NY,Al Lewis,Green,1.1,Al Lewis (actor),1
1998,OH,Bob Taft,Republican,50.0,Bob Taft,1
1998,OH,Lee Fisher,Democratic,44.7,Lee Fisher,1
1998,OH,John R. Mitchel,Reform,3.3,,0
1998,OH,Zanna Feitler,Natural Law,1.9,,0
1998,OK,Frank Keating,Republican,57.9,Frank Keating,1
1998,OK,Laura Boyd,Democratic,40.9,Laura Boyd,1
1998,OK,Hoppy Heidelberg,Reform,1.2,,0
1998,OR,John Kitzhaber,Democratic,64.4,John Kitzhaber,1
1998,OR,Bill Sizemore,Republican,30.0,Bill Sizemore,1
1998,OR,Richard P. Burke,Libertarian,1.8,,0
1998,OR,Blair Bobier,Pacific Green,1.4,,0
1998,PA,Tom Ridge,Republican,57.4,Tom Ridge,1
1998,PA,Ivan Itkin,Democratic,31.0,Ivan Itkin,1
1998,PA,Peg Luksik,Constitution,10.4,,0
1998,PA,Ken Krawchuk,Libertarian,1.1,,0
1998,RI,Lincoln Almond,Republican,51.0,Lincoln Almond,1
1998,RI,Myrth York,Democratic,42.1,Myrth York,1
1998,RI,Robert J. Healey,Cool Moose,6.3,Robert J. Healey,1
1998,SC,Jim Hodges,Democratic,53.2,Jim Hodges,1
1998,SC,David Beasley,Republican,45.2,David Beasley,1
1998,SC,Timothy Moultrie,Libertarian,1.4,,0
1998,SD,Bill Janklow,Republican,64.0,Bill Janklow,1
1998,SD,Bernie Hunhoff,Democratic,32.8,Bernie Hunhoff,1
1998,SD,Bob Newland,Libertarian,1.7,,0
1998,SD,Ronald Wieczorek,Independent,1.4,,0
1998,TN,Don Sundquist,Republican,68.6,Don Sundquist,1
1998,TN,John Jay Hooker,Democratic,29.5,John Jay Hooker,1
1998,TX,George W. Bush,Republican,68.2,George W. Bush,1
1998,TX,Garry Mauro,Democratic,31.2,Garry Mauro,1
1998,VT,Howard Dean,Democratic,55.7,Howard Dean,1
1998,VT,Ruth Dwyer,Republican,41.1,Ruth Dwyer (politician),1
1998,VT,Joel Williams,Grassroots,1.5,,0
1998,VT,Amy Berkey,Libertarian,1.0,,0
1998,WI,Tommy Thompson,Republican,59.7,Tommy Thompson,1
1998,WI,Ed Garvey,Democratic,38.7,Ed Garvey,1
1998,WY,Jim Geringer,Republican,55.6,Jim Geringer,1
1998,WY,John Vinich,Democratic,40.5,John Vinich,1
1998,WY,Dave Dawson,Libertarian,3.9,,0
2000,DE,Ruth Ann Minner,Democratic,59.2,Ruth Ann Minner,1
2000,DE,John M. Burris,Republican,39.7,,0
2000,DE,Floyd E. McDowell,Independent,1.0,,0
2000,IN,Frank O'Bannon,Democratic,56.6,Frank O'Bannon,1
2000,IN,David M. McIntosh,Republican,41.7,David M. McIntosh,1
2000,IN,Andrew Horning,Libertarian,1.8,,0
2000,MO,Bob Holden,Democratic,49.1,Bob Holden,1
2000,MO,Jim Talent,Republican,48.2,Jim Talent,1
2000,MO,Larry Rice,Independent,1.5,,0
2000,MT,Judy Martz,Republican,51.0,Judy Martz,1
2000,MT,Mark O'Keefe,Democratic,47.1,Mark O'Keefe (politician),1
2000,MT,Stan Jones,Libertarian,1.9,Stan Jones (Libertarian politician),1
2000,NH,Jeanne Shaheen,Democratic,48.7,Jeanne Shaheen,1
2000,NH,Gordon J. Humphrey,Republican,43.7,Gordon J. Humphrey,1
2000,NH,Mary Brown,Independent,6.4,,0
2000,NH,John J. Babiarz,Libertarian,1.1,,0
2000,NC,Mike Easley,Democratic,52.0,Mike Easley,1
2000,NC,Richard Vinroot,Republican,46.3,Richard Vinroot,1
2000,NC,Barbara Howe,Libertarian,1.4,Barbara Howe,1
2000,ND,John Hoeven,Republican,55.0,John Hoeven,1
2000,ND,Heidi Heitkamp,Democratic,45.0,Heidi Heitkamp,1
2000,UT,Mike Leavitt,Republican,55.8,Mike Leavitt,1
2000,UT,Bill Orton,Democratic,42.3,Bill Orton,1
2000,VT,Howard Dean,Democratic,50.5,Howard Dean,1
2000,VT,Ruth Dwyer,Republican,38.0,Ruth Dwyer (politician),1
2000,VT,Anthony Pollina,Progressive,9.6,Anthony Pollina,1
2000,WA,Gary Locke,Democratic,58.4,Gary Locke,1
2000,WA,John Carlson,Republican,39.7,John Carlson (radio host),1
2000,WA,Steve LePage,Libertarian,1.9,,0
2000,WV,Bob Wise,Democratic,50.1,Bob Wise,1
2000,WV,Cecil Underwood,Republican,47.2,Cecil Underwood,1
2000,WV,Denise Giardina,Mountain,1.6,Denise Giardina,1
2002,AL,Don Siegelman,Democratic,49.0,Don Siegelman,1
2002,AL,John Sophocleus,Libertarian,1.7,John Sophocleus,1
2002,AK,Frank Murkowski,Republican,55.9,Frank Murkowski,1
2002,AK,Fran Ulmer,Democratic,40.7,Fran Ulmer,1
2002,AK,Diane E. Benson,Green,1.3,Diane E. Benson,1
2002,AZ,Janet Napolitano,Democratic,46.2,Janet Napolitano,1
2002,AZ,Matt Salmon,Republican,45.2,Matt Salmon,1
2002,AZ,Richard D. Mahoney,Independent,6.9,Richard D. Mahoney,1
2002,AZ,Barry Hess,Libertarian,1.7,,0
2002,AR,Mike Huckabee,Republican,53.0,Mike Huckabee,1
2002,AR,Jimmie Lou Fisher,Democratic,47.0,Jimmie Lou Fisher,1
2002,CA,Gray Davis,Democratic,47.3,Gray Davis,1
2002,CA,Bill Simon,Republican,42.4,Bill Simon (politician),1
2002,CA,Peter Camejo,Green,5.3,Peter Camejo,1
2002,CA,Gary Copeland,Libertarian,2.2,,0
2002,CA,Reinhold Gulke,American Independent,1.7,,0
2002,CA,Iris Adam,Natural Law,1.2,,0
2002,CO,Bill Owens,Republican,62.6,Bill Owens (Colorado politician),1
2002,CO,Rollie Heath,Democratic,33.6,Rollie Heath,1
2002,CO,Ronald Forthofer,Green,2.3,,0
2002,CO,Ralph Shnelvar,Libertarian,1.4,,0
2002,CT,John G. Rowland,Republican,56.1,John G. Rowland,1
2002,CT,Bill Curry,Democratic,43.9,Bill Curry (politician),1
2002,FL,Jeb Bush,Republican,56.0,Jeb Bush,1
2002,FL,Bill McBride,Democratic,43.2,Bill McBride (candidate),1
2002,GA,Sonny Perdue,Republican,51.4,Sonny Perdue,1
2002,GA,Roy Barnes,Democratic,46.3,Roy Barnes,1
2002,GA,Garrett Hayes,Libertarian,2.3,,0
2002,HI,Linda Lingle,Republican,51.6,Linda Lingle,1
2002,HI,Mazie Hirono,Democratic,47.0,Mazie Hirono,1
2002,ID,Dirk Kempthorne,Republican,56.3,Dirk Kempthorne,1
2002,ID,Jerry Brady,Democratic,41.7,,0
2002,ID,Daniel Adams,Libertarian,2.0,,0
2002,IL,Rod Blagojevich,Democratic,52.2,Rod Blagojevich,1
2002,IL,Jim Ryan,Republican,45.1,Jim Ryan (politician),1
2002,IL,Calvin Skinner,Libertarian,2.1,Calvin Skinner,1
2002,IA,Tom Vilsack,Democratic,52.7,Tom Vilsack,1
2002,IA,Doug Gross,Republican,44.5,,0
2002,IA,Jay Robinson,Green,1.4,,0
2002,IA,Clyde Cleveland,Libertarian,1.3,,0
2002,KS,Kathleen Sebelius,Democratic,52.9,Kathleen Sebelius,1
2002,KS,Tim Shallenburger,Republican,45.1,Tim Shallenburger,1
2002,KS,Theodore Pettibone,Reform,1.1,,0
2002,KS,Dennis Hawver,Libertarian,1.0,,0
2002,ME,John Baldacci,Democratic,47.1,John Baldacci,1
2002,ME,Peter Cianchette,Republican,41.5,Peter Cianchette,1
2002,ME,Jonathan Carter,Green,9.3,Jonathan Carter (politician),1
2002,ME,John Michael,Independent,2.1,John Michael (politician),1
2002,MD,Bob Ehrlich,Republican,51.5,Bob Ehrlich,1
2002,MD,Kathleen K. Townsend,Democratic,47.7,Kathleen Kennedy Townsend,1
2002,MA,Mitt Romney,Republican,49.8,Mitt Romney,1
2002,MA,Shannon O'Brien,Democratic,44.9,Shannon O'Brien (Massachusetts politician),1
2002,MA,Jill Stein,Green-Rainbow,3.5,Jill Stein,1
2002,MA,Carla Howell,Libertarian,1.1,Carla Howell,1
2002,MI,Jennifer Granholm,Democratic,51.4,Jennifer Granholm,1
2002,MI,Dick Posthumus,Republican,47.4,Dick Posthumus,1
2002,MN,Tim Pawlenty,Republican,44.4,Tim Pawlenty,1
2002,MN,Roger Moe,Democratic,36.5,Roger Moe,1
2002,MN,Tim Penny,Independence,16.2,Tim Penny,1
2002,MN,Ken Pentel,Green,2.3,,0
2002,NE,Mike Johanns,Republican,68.7,Mike Johanns,1
2002,NE,Stormy Dean,Democratic,27.5,,0
2002,NE,Paul A. Rosberg,Nebraska,3.8,,0
2002,NV,Kenny Guinn,Republican,68.2,Kenny Guinn,1
2002,NV,Joe Neal,Democratic,22.0,Joe Neal (politician),1
2002,NV,Dick Geyer,Libertarian,1.6,,0
2002,NV,David G. Holmgren,Independent American,1.4,,0
2002,NV,Jerry L. Norton,Independent,1.1,,0
2002,NH,Craig Benson,Republican,58.6,Craig Benson,1
2002,NH,Mark Fernald,Democratic,38.2,Mark Fernald,1
2002,NH,John Babiarz,Libertarian,2.9,,0
2002,NM,Bill Richardson,Democratic,55.5,Bill Richardson,1
2002,NM,John Sanchez,Republican,39.0,John Sanchez,1
2002,NM,David Bacon,Green,5.5,,0
2002,NY,George Pataki,Republican,49.4,George Pataki,1
2002,NY,Carl McCall,Democratic,33.5,Carl McCall,1
2002,NY,Tom Golisano,Independence,14.3,Tom Golisano,1
2002,NY,Gerald Cronin,Right to Life,1.0,,0
2002,OH,Bob Taft,Republican,57.8,Bob Taft,1
2002,OH,Tim Hagan,Democratic,38.3,Tim Hagan,1
2002,OH,John Eastman,Independent,3.9,,0
2002,OK,Brad Henry,Democratic,43.3,Brad Henry,1
2002,OK,Steve Largent,Republican,42.6,Steve Largent,1
2002,OK,Gary Richardson,Independent,14.1,Gary Richardson (lawyer),1
2002,OR,Ted Kulongoski,Democratic,49.0,Ted Kulongoski,1
2002,OR,Kevin Mannix,Republican,46.2,Kevin Mannix,1
2002,OR,Tom Cox,Libertarian,4.6,,0
2002,PA,Ed Rendell,Democratic,53.4,Ed Rendell,1
2002,PA,Mike Fisher,Republican,44.4,D. Michael Fisher,1
2002,PA,Ken Krawchuk,Libertarian,1.1,,0
2002,PA,Mike Morrill,Green,1.1,,0
2002,RI,Donald Carcieri,Republican,54.8,Donald Carcieri,1
2002,RI,Myrth York,Democratic,45.2,Myrth York,1
2002,SC,Mark Sanford,Republican,52.9,Mark Sanford,1
2002,SC,Jim Hodges,Democratic,47.0,Jim Hodges,1
2002,SD,Mike Rounds,Republican,56.8,Mike Rounds,1
2002,SD,Jim Abbott,Democratic,41.9,James W. Abbott,1
2002,TN,Phil Bredesen,Democratic,50.6,Phil Bredesen,1
2002,TN,Van Hilleary,Republican,47.6,Van Hilleary,1
2002,TX,Rick Perry,Republican,57.8,Rick Perry,1
2002,TX,Tony Sanchez,Democratic,40.0,Tony Sanchez (politician),1
2002,TX,Jeff Daiell,Libertarian,1.5,,0
2002,VT,Jim Douglas,Republican,44.9,Jim Douglas,1
2002,VT,Doug Racine,Democratic,42.4,Doug Racine,1
2002,VT,Cornelius Hogan,Independent,9.7,,0
2002,WI,Jim Doyle,Democratic,45.1,Jim Doyle,1
2002,WI,Scott McCallum,Republican,41.4,Scott McCallum,1
2002,WI,Ed Thompson,Libertarian,10.4,Ed Thompson (Wisconsin politician),1
2002,WI,Jim Young,Green,2.5,,0
2002,WY,Dave Freudenthal,Democratic,50.0,Dave Freudenthal,1
2002,WY,Eli Bebout,Republican,47.9,Eli Bebout,1
2002,WY,Dave Dawson,Libertarian,2.1,,0
2004,DE,Ruth Ann Minner,Democratic,50.9,Ruth Ann Minner,1
2004,DE,Bill Lee,Republican,45.8,Bill Lee (Delaware politician),1
2004,DE,Frank Infante,Independent,2.9,,0
2004,IN,Mitch Daniels,Republican,53.2,Mitch Daniels,1
2004,IN,Joe Kernan,Democratic,45.5,Joe Kernan (politician),1
2004,IN,Kenn Gividen,Libertarian,1.3,,0
2004,MO,Matt Blunt,Republican,50.8,Matt Blunt,1
2004,MO,Claire McCaskill,Democratic,47.8,Claire McCaskill,1
2004,MT,Brian Schweitzer,Democratic,50.4,Brian Schweitzer,1
2004,MT,Bob Brown,Republican,46.0,Bob Brown (Montana politician),1
2004,MT,Bob Kelleher,Green,1.9,Bob Kelleher,1
2004,MT,Stan Jones,Libertarian,1.7,Stan Jones (Libertarian politician),1
2004,NH,John Lynch,Democratic,51.0,John Lynch (New Hampshire governor),1
2004,NH,Craig Benson,Republican,48.9,Craig Benson,1
2004,NC,Mike Easley,Democratic,55.6,Mike Easley,1
2004,NC,Patrick J. Ballantine,Republican,42.9,Patrick J. Ballantine,1
2004,NC,Barbara Howe,Libertarian,1.5,Barbara Howe,1
2004,ND,John Hoeven,Republican,71.3,John Hoeven,1
2004,ND,Joe Satrom,Democratic,27.4,Joe Satrom,1
2004,ND,Roland Riemers,Libertarian,1.3,Roland Riemers,1
2004,UT,Jon Huntsman Jr.,Republican,57.7,Jon Huntsman Jr.,1
2004,UT,Scott Matheson Jr.,Democratic,41.3,Scott Matheson Jr.,1
2004,VT,Jim Douglas,Republican,58.7,Jim Douglas,1
2004,VT,Peter Clavelle,Democratic,37.9,Peter Clavelle,1
2004,VT,Cris Ericson,Marijuana,1.4,Cris Ericson,1
2004,WA,Christine Gregoire,Democratic,48.9,Christine Gregoire,1
2004,WA,Dino Rossi,Republican,48.9,Dino Rossi,1
2004,WA,Ruth Bennett,Libertarian,2.3,,0
2004,WV,Joe Manchin,Democratic,63.5,Joe Manchin,1
2004,WV,Monty Warner,Republican,34.0,,0
2004,WV,Jesse Johnson,Mountain,2.5,Jesse Johnson (West Virginia politician),1
2006,AL,Bob Riley,Republican,57.5,Bob Riley,1
2006,AL,Lucy Baxley,Democratic,41.6,Lucy Baxley,1
2006,AK,Sarah Palin,Republican,48.3,Sarah Palin,1
2006,AK,Tony Knowles,Democratic,41.0,Tony Knowles (politician),1
2006,AK,Andrew Halcro,Independent,9.5,Andrew Halcro,1
2006,AZ,Janet Napolitano,Democratic,62.6,Janet Napolitano,1
2006,AZ,Len Munsil,Republican,35.4,Len Munsil,1
2006,AZ,Barry Hess,Libertarian,2.0,Barry Hess,1
2006,AR,Mike Beebe,Democratic,55.6,Mike Beebe,1
2006,AR,Asa Hutchinson,Republican,40.7,Asa Hutchinson,1
2006,AR,Rod Bryan,Independent,2.0,,0
2006,AR,Jim Lendall,Green,1.7,Jim Lendall,1
2006,CA,Arnold Schwarzenegger,Republican,55.9,Arnold Schwarzenegger,1
2006,CA,Phil Angelides,Democratic,38.9,Phil Angelides,1
2006,CA,Peter Camejo,Green,2.4,Peter Camejo,1
2006,CA,Art Olivier,Libertarian,1.3,Art Olivier,1
2006,CO,Bill Ritter,Democratic,57.0,Bill Ritter,1
2006,CO,Bob Beauprez,Republican,40.2,Bob Beauprez,1
2006,CO,Dawn Winkler,Libertarian,1.5,,0
2006,CT,Jodi Rell,Republican,63.2,Jodi Rell,1
2006,CT,John DeStefano Jr.,Democratic,35.5,John DeStefano Jr.,1
2006,FL,Charlie Crist,Republican,52.2,Charlie Crist,1
2006,FL,Jim Davis,Democratic,45.1,Jim Davis (Florida politician),1
2006,FL,Max Linn,Reform,1.9,,0
2006,GA,Sonny Perdue,Republican,58.0,Sonny Perdue,1
2006,GA,Mark Taylor,Democratic,38.2,Mark Taylor (American politician),1
2006,GA,Gary Hayes,Libertarian,3.8,,0
2006,HI,Linda Lingle,Republican,62.5,Linda Lingle,1
2006,HI,Randy Iwase,Democratic,35.4,Randy Iwase,1
2006,HI,James Brewer Jr.,Green,1.6,,0
2006,ID,Butch Otter,Republican,52.7,Butch Otter,1
2006,ID,Jerry Brady,Democratic,44.1,Jerry Brady,1
2006,ID,Marvin Richardson,Constitution,1.6,Pro-Life (politician),1
2006,ID,Ted Dunlap,Libertarian,1.6,,0
2006,IL,Rod Blagojevich,Democratic,49.8,Rod Blagojevich,1
2006,IL,Judy Baar Topinka,Republican,39.3,Judy Baar Topinka,1
2006,IL,Rich Whitney,Green,10.4,Rich Whitney,1
2006,IA,Chet Culver,Democratic,54.0,Chet Culver,1
2006,IA,Jim Nussle,Republican,44.4,Jim Nussle,1
2006,KS,Kathleen Sebelius,Democratic,57.9,Kathleen Sebelius,1
2006,KS,Jim Barnett,Republican,40.4,Jim Barnett (Kansas politician),1
2006,KS,Carl Kramer,Libertarian,1.0,,0
2006,ME,John Baldacci,Democratic,38.1,John Baldacci,1
2006,ME,Chandler Woodcock,Republican,30.2,Chandler Woodcock,1
2006,ME,Barbara Merrill,Independent,21.6,Barbara Merrill,1
2006,ME,Pat LaMarche,Green,9.6,Pat LaMarche,1
2006,MD,Martin O'Malley,Democratic,52.7,Martin O'Malley,1
2006,MD,Bob Ehrlich,Republican,46.2,Bob Ehrlich,1
2006,MA,Deval Patrick,Democratic,55.6,Deval Patrick,1
2006,MA,Kerry Healey,Republican,35.3,Kerry Healey,1
2006,MA,Christy Mihos,Independent,7.0,Christy Mihos,1
2006,MA,Grace Ross,Green,2.0,Grace Ross,1
2006,MI,Jennifer Granholm,Democratic,56.4,Jennifer Granholm,1
2006,MI,Dick DeVos,Republican,42.3,Dick DeVos,1
2006,MN,Tim Pawlenty,Republican,46.7,Tim Pawlenty,1
2006,MN,Mike Hatch,DFL,45.7,Mike Hatch,1
2006,MN,Peter Hutchinson,Independence,6.4,Peter Hutchinson (politician),1
2006,NE,Dave Heineman,Republican,73.4,Dave Heineman,1
2006,NE,David Hahn,Democratic,24.5,David Hahn (Nebraska),1
2006,NV,Jim Gibbons,Republican,47.9,Jim Gibbons (American politician),1
2006,NV,Dina Titus,Democratic,43.9,Dina Titus,1
2006,NV,Christopher Hansen,Independent American,3.4,,0
2006,NV,Craig Bergland,Green,1.2,,0
2006,NH,John Lynch,Democratic,74.0,John Lynch (New Hampshire governor),1
2006,NH,Jim Coburn,Republican,25.8,Jim Coburn,1
2006,NM,Bill Richardson,Democratic,68.8,Bill Richardson,1
2006,NM,John Dendahl,Republican,31.2,John Dendahl,1
2006,NY,Eliot Spitzer,Democratic,65.7,Eliot Spitzer,1
2006,NY,John Faso,Republican,27.1,John Faso,1
2006,OH,Ted Strickland,Democratic,60.5,Ted Strickland,1
2006,OH,Ken Blackwell,Republican,36.7,Ken Blackwell,1
2006,OH,Bill Peirce,Libertarian,1.8,,0
2006,OH,Bob Fitrakis,Green,1.0,Bob Fitrakis,1
2006,OK,Brad Henry,Democratic,66.5,Brad Henry,1
2006,OK,Ernest Istook,Republican,33.5,Ernest Istook,1
2006,OR,Ted Kulongoski,Democratic,50.7,Ted Kulongoski,1
2006,OR,Ron Saxton,Republican,42.7,Ron Saxton,1
2006,OR,Mary Starrett,Constitution,3.6,,0
2006,OR,Joe Keating,Pacific Green,1.5,,0
2006,OR,Richard Morley,Libertarian,1.2,,0
2006,PA,Ed Rendell,Democratic,60.3,Ed Rendell,1
2006,PA,Lynn Swann,Republican,39.6,Lynn Swann,1
2006,RI,Donald Carcieri,Republican,51.0,Donald Carcieri,1
2006,RI,Charles Fogarty,Democratic,49.0,Charles Fogarty,1
2006,SC,Mark Sanford,Republican,55.1,Mark Sanford,1
2006,SC,Tommy Moore,Democratic,44.8,Tommy Moore (politician),1
2006,SD,Mike Rounds,Republican,61.7,Mike Rounds,1
2006,SD,Jack Billion,Democratic,36.1,Jack Billion,1
2006,SD,Steven J. Willis,Constitution,1.2,,0
2006,TN,Phil Bredesen,Democratic,68.6,Phil Bredesen,1
2006,TN,Jim Bryson,Republican,29.7,Jim Bryson (politician),1
2006,TX,Rick Perry,Republican,39.0,Rick Perry,1
2006,TX,Chris Bell,Democratic,29.8,Chris Bell (politician),1
2006,TX,Carole K. Strayhorn,Independent,18.1,Carole Keeton Strayhorn,1
2006,TX,Richard Friedman,Independent,12.4,Kinky Friedman,1
2006,VT,Jim Douglas,Republican,56.3,Jim Douglas,1
2006,VT,Scudder Parker,Democratic,41.1,Scudder Parker,1
2006,WI,Jim Doyle,Democratic,52.8,Jim Doyle,1
2006,WI,Mark Green,Republican,45.4,Mark Green (Wisconsin politician),1
2006,WI,Nelson Eisman,Green,1.9,,0
2006,WY,Dave Freudenthal,Democratic,70.0,Dave Freudenthal,1
2006,WY,Ray Hunkins,Republican,30.0,,0
2008,DE,Jack Markell,Democratic,67.5,Jack Markell,1
2008,DE,Bill Lee,Republican,32.1,Bill Lee (Delaware politician),1
2008,IN,Mitch Daniels,Republican,57.8,Mitch Daniels,1
2008,IN,Jill Long Thompson,Democratic,40.1,Jill Long Thompson,1
2008,IN,Andy Horning,Libertarian,2.1,,0
2008,MO,Jay Nixon,Democratic,58.4,Jay Nixon,1
2008,MO,Kenny Hulshof,Republican,39.5,Kenny Hulshof,1
2008,MO,Andrew Finkenstadt,Libertarian,1.1,,0
2008,MO,Gregory Thompson,Constitution,1.0,,0
2008,MT,Brian Schweitzer,Democratic,65.5,Brian Schweitzer,1
2008,MT,Roy Brown,Republican,32.5,Roy Brown (Montana politician),1
2008,MT,Stan Jones,Libertarian,2.0,Stan Jones (Libertarian politician),1
2008,NH,John Lynch,Democratic,70.2,John Lynch (New Hampshire governor),1
2008,NH,Joseph Kenney,Republican,27.6,Joseph Kenney,1
2008,NH,Susan Newell,Libertarian,2.2,,0
2008,NC,Bev Perdue,Democratic,50.3,Bev Perdue,1
2008,NC,Pat McCrory,Republican,46.9,Pat McCrory,1
2008,NC,Michael Munger,Libertarian,2.9,Michael Munger,1
2008,ND,John Hoeven,Republican,74.4,John Hoeven,1
2008,ND,Tim Mathern,Democratic–NPL,23.5,Tim Mathern,1
2008,ND,DuWayne Hendrickson,Independent,2.0,,0
2008,UT,Jon Huntsman Jr.,Republican,77.6,Jon Huntsman Jr.,1
2008,UT,Bob Springmeyer,Democratic,19.7,,0
2008,UT,Dell Schanze,Libertarian,2.6,,0
2008,VT,Jim Douglas,Republican,53.4,Jim Douglas,1
2008,VT,Anthony Pollina,Independent,21.8,Anthony Pollina,1
2008,VT,Gaye Symington,Democratic,21.7,Gaye Symington,1
2008,WA,Christine Gregoire,Democratic,53.2,Christine Gregoire,1
2008,WA,Dino Rossi,Republican,46.8,Dino Rossi,1
2008,WV,Joe Manchin,Democratic,69.8,Joe Manchin,1
2008,WV,Russ Weeks,Republican,25.7,Russ Weeks,1
2008,WV,Jesse Johnson,Mountain,4.5,Jesse Johnson (West Virginia politician),1
2010,AL,Robert J. Bentley,Republican,57.9,Robert J. Bentley,1
2010,AL,Ron Sparks,Democratic,42.1,Ron Sparks (politician),1
2010,AK,Sean Parnell,Republican,59.1,Sean Parnell,1
2010,AK,Ethan Berkowitz,Democratic,37.7,Ethan Berkowitz,1
2010,AK,Don Wright,Independence,1.9,Don Wright (politician),1
2010,AK,Billy Toien,Libertarian,1.1,,0
2010,AZ,Jan Brewer,Republican,54.3,Jan Brewer,1
2010,AZ,Terry Goddard,Democratic,42.4,Terry Goddard,1
2010,AZ,Barry Hess,Libertarian,2.2,Barry Hess,1
2010,AR,Mike Beebe,Democratic,64.4,Mike Beebe,1
2010,AR,Jim Keet,Republican,33.6,Jim Keet,1
2010,AR,Jim Lendall,Green,1.9,Jim Lendall,1
2010,CA,Jerry Brown,Democratic,53.8,Jerry Brown,1
2010,CA,Meg Whitman,Republican,40.9,Meg Whitman,1
2010,CA,Chelene Nightingale,American Ind.,1.7,,0
2010,CA,Dale Ogden,Libertarian,1.5,,0
2010,CA,Laura Wells,Green,1.3,Laura Wells,1
2010,CO,John Hickenlooper,Democratic,51.1,John Hickenlooper,1
2010,CO,Tom Tancredo,Constitution,36.4,Tom Tancredo,1
2010,CO,Dan Maes,Republican,11.1,,0
2010,CT,Dannel Malloy,Democratic,49.5,Dannel Malloy,1
2010,CT,Thomas C. Foley,Republican,49.0,Thomas C. Foley,1
2010,CT,Thomas E. Marsh,Independent,1.5,,0
2010,FL,Rick Scott,Republican,48.9,Rick Scott,1
2010,FL,Alex Sink,Democratic,47.7,Alex Sink,1
2010,FL,Peter Allen,Independence,2.3,,0
2010,GA,Nathan Deal,Republican,53.0,Nathan Deal,1
2010,GA,Roy Barnes,Democratic,43.0,Roy Barnes,1
2010,GA,John Monds,Libertarian,4.0,John Monds,1
2010,HI,Neil Abercrombie,Democratic,57.8,Neil Abercrombie,1
2010,HI,Duke Aiona,Republican,40.8,Duke Aiona,1
2010,ID,Butch Otter,Republican,59.1,Butch Otter,1
2010,ID,Keith G. Allred,Democratic,32.9,Keith G. Allred,1
2010,ID,Jana M. Kemp,Independent,5.9,,0
2010,ID,Ted Dunlap,Libertarian,1.3,,0
2010,IL,Pat Quinn,Democratic,46.8,Pat Quinn (politician),1
2010,IL,Bill Brady,Republican,45.9,Bill Brady (politician),1
2010,IL,Scott Lee Cohen,Independent,3.6,Scott Lee Cohen,1
2010,IL,Rich Whitney,Green,2.7,,0
2010,IA,Terry Branstad,Republican,52.8,Terry Branstad,1
2010,IA,Chet Culver,Democratic,43.2,Chet Culver,1
2010,IA,Jonathan Narcisse,Iowa,1.9,,0
2010,IA,Eric Cooper,Libertarian,1.3,,0
2010,KS,Sam Brownback,Republican,63.3,Sam Brownback,1
2010,KS,Tom Holland,Democratic,32.2,Tom Holland (politician),1
2010,KS,Andrew P. Gray,Libertarian,2.7,,0
2010,KS,Kenneth W. Cannon,Reform,1.9,,0
2010,ME,Paul LePage,Republican,37.6,Paul LePage,1
2010,ME,Eliot Cutler,Independent,35.9,Eliot Cutler,1
2010,ME,Libby Mitchell,Democratic,18.8,Libby Mitchell,1
2010,ME,Shawn Moody,Independent,5.0,,0
2010,ME,Kevin Scott,Independent,1.0,,0
2010,MD,Martin O'Malley,Democratic,56.2,Martin O'Malley,1
2010,MD,Bob Ehrlich,Republican,41.8,Bob Ehrlich,1
2010,MA,Deval Patrick,Democratic,48.4,Deval Patrick,1
2010,MA,Charlie Baker,Republican,42.0,Charlie Baker,1
2010,MA,Tim Cahill,Independent,8.0,Tim Cahill (Massachusetts politician),1
2010,MA,Jill Stein,Green,1.4,Jill Stein,1
2010,MI,Rick Snyder,Republican,58.1,Rick Snyder,1
2010,MI,Virg Bernero,Democratic,39.9,Virg Bernero,1
2010,MN,Mark Dayton,DFL,43.6,Mark Dayton,1
2010,MN,Tom Emmer,Republican,43.2,Tom Emmer,1
2010,MN,Tom Horner,Independence,11.9,,0
2010,NE,Dave Heineman,Republican,73.9,Dave Heineman,1
2010,NE,Mike Meister,Democratic,26.1,,0
2010,NV,Brian Sandoval,Republican,53.4,Brian Sandoval,1
2010,NV,Rory Reid,Democratic,41.6,Rory Reid (politician),1
2010,NH,John Lynch,Democratic,52.6,John Lynch (New Hampshire governor),1
2010,NH,John Stephen,Republican,45.0,John Stephen (New Hampshire politician),1
2010,NH,John Babiarz,Libertarian,2.2,,0
2010,NM,Susana Martinez,Republican,53.3,Susana Martinez,1
2010,NM,Diane Denish,Democratic,46.6,Diane Denish,1
2010,NY,Andrew Cuomo,Democratic,63.1,Andrew Cuomo,1
2010,NY,Carl Paladino,Republican,33.5,Carl Paladino,1
2010,NY,Howie Hawkins,Green,1.3,Howie Hawkins,1
2010,NY,Warren Redlich,Libertarian,1.1,Warren Redlich,1
2010,OH,John Kasich,Republican,49.0,John Kasich,1
2010,OH,Ted Strickland,Democratic,47.0,Ted Strickland,1
2010,OH,Ken Matesz,Libertarian,2.4,,0
2010,OH,Dennis Spisak,Green,1.5,,0
2010,OK,Mary Fallin,Republican,60.5,Mary Fallin,1
2010,OK,Jari Askins,Democratic,39.5,Jari Askins,1
2010,OR,John Kitzhaber,Democratic,49.3,John Kitzhaber,1
2010,OR,Chris Dudley,Republican,47.8,Chris Dudley,1
2010,OR,Greg Kord,Constitution,1.4,,0
2010,OR,Wes Wagner,Libertarian,1.3,,0
2010,PA,Tom Corbett,Republican,54.5,Tom Corbett,1
2010,PA,Dan Onorato,Democratic,45.5,Dan Onorato,1
2010,RI,Lincoln Chafee,Independent,36.1,Lincoln Chafee,1
2010,RI,John Robitaille,Republican,33.6,,0
2010,RI,Frank T. Caprio,Democratic,23.1,Frank T. Caprio,1
2010,RI,Ken Block,Moderate,6.5,Ken Block (politician),1
2010,SC,Nikki Haley,Republican,51.4,Nikki Haley,1
2010,SC,Vincent Sheheen,Democratic,46.9,Vincent Sheheen,1
2010,SC,Morgan B. Reeves,United Citizens,1.5,,0
2010,SD,Dennis Daugaard,Republican,61.5,Dennis Daugaard,1
2010,SD,Scott Heidepriem,Democratic,38.5,Scott Heidepriem,1
2010,TN,Bill Haslam,Republican,65.0,Bill Haslam,1
2010,TN,Mike McWherter,Democratic,33.1,Mike McWherter,1
2010,TX,Rick Perry,Republican,55.0,Rick Perry,1
2010,TX,Bill White,Democratic,42.3,Bill White (Texas politician),1
2010,TX,Kathie Glass,Libertarian,2.2,,0
2010,VT,Peter Shumlin,Democratic,49.4,Peter Shumlin,1
2010,VT,Brian Dubie,Republican,47.7,Brian Dubie,1
2010,WI,Scott Walker,Republican,52.3,Scott Walker (politician),1
2010,WI,Tom Barrett,Democratic,46.5,Tom Barrett (Wisconsin politician),1
2010,WY,Matt Mead,Republican,65.7,Matt Mead,1
2010,WY,Leslie Petersen,Democratic,22.9,,0
2010,WY,Taylor Haynes,Independent,7.3,,0
2010,WY,Mike Wheeler,Libertarian,2.9,,0
2012,DE,Jack Markell,Democratic,69.3,Jack Markell,1
2012,DE,Jeff Cragg,Republican,28.6,,0
2012,DE,Mark Perri,Green,1.2,,0
2012,IN,Mike Pence,Republican,49.5,Mike Pence,1
2012,IN,John R. Gregg,Democratic,46.6,John R. Gregg,1
2012,IN,Rupert Boneham,Libertarian,4.0,Rupert Boneham,1
2012,MO,Jay Nixon,Democratic,54.8,Jay Nixon,1
2012,MO,Dave Spence,Republican,42.5,Dave Spence,1
2012,MO,Jim Higgins,Libertarian,2.7,,0
2012,MT,Steve Bullock,Democratic,48.9,Steve Bullock (American politician),1
2012,MT,Rick Hill,Republican,47.3,Rick Hill,1
2012,MT,Ron Vandevender,Libertarian,3.8,,0
2012,NH,Maggie Hassan,Democratic,54.6,Maggie Hassan,1
2012,NH,Ovide Lamontagne,Republican,42.5,Ovide Lamontagne,1
2012,NH,John J. Babiarz,Libertarian,2.8,,0
2012,NC,Pat McCrory,Republican,54.6,Pat McCrory,1
2012,NC,Walter Dalton,Democratic,43.2,Walter Dalton,1
2012,NC,Barbara Howe,Libertarian,2.1,,0
2012,ND,Jack Dalrymple,Republican,63.1,Jack Dalrymple,1
2012,ND,Ryan Taylor,Democratic–NPL,34.3,,0
2012,ND,Paul Sorum,Independent,1.7,,0
2012,UT,Gary Herbert,Republican,68.4,Gary Herbert,1
2012,UT,Peter Cooke,Democratic,27.6,Peter Cooke (politician),1
2012,UT,Ken Larsen,Libertarian,2.3,,0
2012,UT,Kirk Pearson,Constitution,1.8,,0
2012,VT,Peter Shumlin,Democratic,57.8,Peter Shumlin,1
2012,VT,Randy Brock,Republican,37.6,Randy Brock,1
2012,VT,Emily Peyton,Independent,2.0,,0
2012,VT,Cris Ericson,Marijuana,1.9,Cris Ericson,1
2012,WA,Jay Inslee,Democratic,51.5,Jay Inslee,1
2012,WA,Rob McKenna,Republican,48.5,Rob McKenna,1
2012,WV,Earl Ray Tomblin,Democratic,50.5,Earl Ray Tomblin,1
2012,WV,Bill Maloney,Republican,45.7,Bill Maloney,1
2012,WV,Jesse Johnson,Mountain,2.5,Jesse Johnson (West Virginia politician),1
2012,WV,David Moran,Libertarian,1.3,,0
2014,AL,Robert J. Bentley,Republican,63.6,Robert J. Bentley,1
2014,AL,Parker Griffith,Democratic,36.2,Parker Griffith,1
2014,AK,Bill Walker,Independent,48.1,Bill Walker (American politician),1
2014,AK,Sean Parnell,Republican,45.9,Sean Parnell,1
2014,AK,Carolyn Clift,Libertarian,3.2,,0
2014,AK,J. R. Myers,Constitution,2.5,,0
2014,AZ,Doug Ducey,Republican,53.4,Doug Ducey,1
2014,AZ,Fred DuVal,Democratic,41.6,Fred DuVal,1
2014,AZ,Barry Hess,Libertarian,3.8,Barry Hess,1
2014,AZ,John Lewis Mealer,Americans Elect,1.0,,0
2014,AR,Asa Hutchinson,Republican,55.4,Asa Hutchinson,1
2014,AR,Mike Ross,Democratic,41.5,Mike Ross (politician),1
2014,AR,Frank Gilbert,Libertarian,1.9,,0
2014,AR,Josh Drake,Green,1.2,,0
2014,CA,Jerry Brown,Democratic,60.0,Jerry Brown,1
2014,CA,Neel Kashkari,Republican,40.0,Neel Kashkari,1
2014,CO,John Hickenlooper,Democratic,49.3,John Hickenlooper,1
2014,CO,Bob Beauprez,Republican,46.0,Bob Beauprez,1
2014,CO,Matthew Hess,Libertarian,1.9,,0
2014,CO,Harry Hempy,Green,1.3,,0
2014,CO,Mike Dunafon,Independent,1.2,,0
2014,CT,Dannel Malloy,Democratic,50.7,Dannel Malloy,1
2014,CT,Thomas C. Foley,Republican,48.2,Thomas C. Foley,1
2014,CT,Joe Visconti,Independent,1.1,,0
2014,FL,Rick Scott,Republican,48.1,Rick Scott,1
2014,FL,Charlie Crist,Democratic,47.1,Charlie Crist,1
2014,FL,Adrian Wyllie,Libertarian,3.8,Adrian Wyllie,1
2014,GA,Nathan Deal,Republican,52.7,Nathan Deal,1
2014,GA,Jason Carter,Democratic,44.9,Jason Carter (politician),1
2014,GA,Andrew Hunt,Libertarian,2.4,,0
2014,HI,David Ige,Democratic,49.5,David Ige,1
2014,HI,Duke Aiona,Republican,37.1,Duke Aiona,1
2014,HI,Mufi Hannemann,Independent,11.7,Mufi Hannemann,1
2014,HI,Jeff Davis,Libertarian,1.8,,0
2014,ID,Butch Otter,Republican,53.5,Butch Otter,1
2014,ID,A. J. Balukoff,Democratic,38.6,,0
2014,ID,John Bujak,Libertarian,4.1,,0
2014,ID,Jill Humble,Independent,2.0,,0
2014,ID,Steven Pankey,Constitution,1.2,Steven Pankey,1
2014,IL,Bruce Rauner,Republican,50.3,Bruce Rauner,1
2014,IL,Pat Quinn,Democratic,46.4,Pat Quinn (politician),1
2014,IL,Chad Grimm,Libertarian,3.4,,0
2014,IA,Terry Branstad,Republican,59.0,Terry Branstad,1
2014,IA,Jack Hatch,Democratic,37.3,Jack Hatch,1
2014,IA,Lee Hieb,Libertarian,1.8,,0
2014,KS,Sam Brownback,Republican,49.8,Sam Brownback,1
2014,KS,Paul Davis,Democratic,46.1,Paul Davis (Kansas politician),1
2014,KS,Keen Umbehr,Libertarian,4.1,,0
2014,ME,Paul LePage,Republican,48.2,Paul LePage,1
2014,ME,Mike Michaud,Democratic,43.4,Mike Michaud,1
2014,ME,Eliot Cutler,Independent,8.4,Eliot Cutler,1
2014,MD,Larry Hogan,Republican,51.0,Larry Hogan,1
2014,MD,Anthony Brown,Democratic,47.3,Anthony Brown (Maryland politician),1
2014,MD,Shawn Quinn,Libertarian,1.5,,0
2014,MA,Charlie Baker,Republican,48.4,Charlie Baker,1
2014,MA,Martha Coakley,Democratic,46.5,Martha Coakley,1
2014,MA,Evan Falchuk,United Independent,3.3,,0
2014,MI,Rick Snyder,Republican,50.9,Rick Snyder,1
2014,MI,Mark Schauer,Democratic,46.9,Mark Schauer,1
2014,MI,Mary Buzuma,Libertarian,1.1,,0
2014,MN,Mark Dayton,DFL,50.1,Mark Dayton,1
2014,MN,Jeff Johnson,Republican,44.5,Jeff Johnson (Minnesota politician),1
2014,MN,Hannah Nicollet,Independence,2.9,,0
2014,MN,Chris Wright,GLC,1.6,,0
2014,NE,Pete Ricketts,Republican,57.2,Pete Ricketts,1
2014,NE,Chuck Hassebrook,Democratic,39.2,,0
2014,NE,Mark Elworth Jr.,Libertarian,3.5,,0
2014,NV,Brian Sandoval,Republican,70.6,Brian Sandoval,1
2014,NV,Bob Goodman,Democratic,23.9,,0
2014,NV,David VanDerBeek,Independent American,2.7,,0
2014,NH,Maggie Hassan,Democratic,52.4,Maggie Hassan,1
2014,NH,Walt Havenstein,Republican,47.4,Walt Havenstein,1
2014,NM,Susana Martinez,Republican,57.2,Susana Martinez,1
2014,NM,Gary King,Democratic,42.8,Gary King (politician),1
2014,NY,Andrew Cuomo,Democratic,54.3,Andrew Cuomo,1
2014,NY,Rob Astorino,Republican,40.3,Rob Astorino,1
2014,NY,Howie Hawkins,Green,4.8,Howie Hawkins,1
2014,OH,John Kasich,Republican,63.6,John Kasich,1
2014,OH,Ed FitzGerald,Democratic,33.0,Ed FitzGerald,1
2014,OH,Anita Rios,Green,3.3,,0
2014,OK,Mary Fallin,Republican,55.8,Mary Fallin,1
2014,OK,Joe Dorman,Democratic,41.0,Joe Dorman,1
2014,OK,Kimberly Willis,Independent,2.1,,0
2014,OK,Richard Prawdzienski,Independent,1.1,,0
2014,OR,John Kitzhaber,Democratic,49.9,John Kitzhaber,1
2014,OR,Dennis Richardson,Republican,44.1,Dennis Richardson (politician),1
2014,OR,Jason Levin,Green,2.0,,0
2014,OR,Paul Grad,Libertarian,1.5,,0
2014,OR,Aaron Auer,Constitution,1.1,,0
2014,OR,Chris Henry,Progressive,1.0,,0
2014,PA,Tom Wolf,Democratic,54.9,Tom Wolf,1
2014,PA,Tom Corbett,Republican,45.1,Tom Corbett,1
2014,RI,Gina Raimondo,Democratic,40.7,Gina Raimondo,1
2014,RI,Allan Fung,Republican,36.2,Allan Fung,1
2014,RI,Robert J. Healey,Moderate,21.4,Robert J. Healey,1
2014,RI,Kate Fletcher,Independent,1.1,,0
2014,SC,Nikki Haley,Republican,55.9,Nikki Haley,1
2014,SC,Vincent Sheheen,Democratic,41.4,Vincent Sheheen,1
2014,SC,Steve French,Libertarian,1.2,,0
2014,SD,Dennis Daugaard,Republican,70.5,Dennis Daugaard,1
2014,SD,Susan Wismer,Democratic,25.4,Susan Wismer,1
2014,SD,Michael J. Myers,Independent,4.1,,0
2014,TN,Bill Haslam,Republican,70.3,Bill Haslam,1
2014,TN,Charles Brown,Democratic,22.8,,0
2014,TN,John Jay Hooker,Independent,2.3,John Jay Hooker,1
2014,TN,Shaun Crowell,Constitution,2.0,,0
2014,TN,Isa Infante,Green,1.4,,0
2014,TX,Greg Abbott,Republican,59.3,Greg Abbott,1
2014,TX,Wendy Davis,Democratic,38.9,Wendy Davis (politician),1
2014,TX,Kathie Glass,Libertarian,1.4,,0
2014,VT,Peter Shumlin,Democratic,46.4,Peter Shumlin,1
2014,VT,Scott Milne,Republican,45.1,Scott Milne,1
2014,VT,Dan Feliciano,Libertarian,4.4,,0
2014,VT,Emily Peyton,Independent,1.6,,0
2014,WI,Scott Walker,Republican,52.3,Scott Walker (politician),1
2014,WI,Mary Burke,Democratic,46.6,Mary Burke,1
2014,WY,Matt Mead,Republican,59.4,Matt Mead,1
2014,WY,Pete Gosar,Democratic,27.3,Pete Gosar,1
2014,WY,Don Wills,Independent,5.9,,0
2014,WY,Dee Cozzens,Libertarian,2.4,,0
2016,DE,John Carney,Democratic,58.3,John Carney (Delaware politician),1
2016,DE,Colin Bonini,Republican,39.2,Colin Bonini,1
2016,DE,Andrew Groff,Green,1.4,,0
2016,DE,Sean Louis Goward,Libertarian,1.1,,0
2016,IN,Eric Holcomb,Republican,51.4,Eric Holcomb,1
2016,IN,John R. Gregg,Democratic,45.4,John R. Gregg,1
2016,IN,Rex Bell,Libertarian,3.2,,0
2016,MO,Eric Greitens,Republican,51.1,Eric Greitens,1
2016,MO,Chris Koster,Democratic,45.6,Chris Koster,1
2016,MO,Cisse Spragins,Libertarian,1.5,,0
2016,MO,Don Fitz,Green,0.75,,0
2016,MT,Steve Bullock,Democratic,50.3,Steve Bullock (American politician),1
2016,MT,Greg Gianforte,Republican,46.4,Greg Gianforte,1
2016,MT,Ted Dunlap,Libertarian,3.4,,0
2016,NH,Chris Sununu,Republican,48.8,Chris Sununu,1
2016,NH,Colin Van Ostern,Democratic,46.6,Colin Van Ostern,1
2016,NH,Max Abramson,Libertarian,4.3,,0
2016,NC,Roy Cooper,Democratic,49.0,Roy Cooper,1
2016,NC,Pat McCrory,Republican,48.8,Pat McCrory,1
2016,NC,Lon Cecil,Libertarian,2.2,,0
2016,ND,Doug Burgum,Republican,76.5,Doug Burgum,1
2016,ND,Marvin Nelson,Democratic–NPL,19.4,Marvin Nelson,1
2016,ND,Marty Riske,Libertarian,3.9,,0
2016,OR,Kate Brown,Democratic,50.6,Kate Brown,1
2016,OR,Bud Pierce,Republican,43.6,Bud Pierce,1
2016,OR,James Foster,Libertarian,2.3,,0
2016,OR,Aaron Donald Auer,Constitution,1.0,,0
2016,UT,Gary Herbert,Republican,66.7,Gary Herbert,1
2016,UT,Mike Weinholtz,Democratic,28.7,,0
2016,UT,Brian Kamerath,Libertarian,3.1,,0
2016,UT,Superdell Schnaze,Independent American,1.4,,0
2016,VT,Phil Scott,Republican,52.9,Phil Scott,1
2016,VT,Sue Minter,Democratic,44.2,Sue Minter,1
2016,VT,Bill Lee,Independent,2.8,,0
2016,WA,Jay Inslee,Democratic,54.2,Jay Inslee,1
2016,WA,Bill Bryant,Republican,45.5,Bill Bryant (politician),1
2016,WV,Jim Justice,Democratic,49.1,Jim Justice,1
2016,WV,Bill Cole,Republican,42.3,,0
2016,WV,Charlotte Pritt,Mountain,5.9,Charlotte Pritt,1
2016,WV,David Moran,Libertarian,2.2,,0
2016,WV,Phil Hudok,Constitution,0.6,,0
2018,AL,Kay Ivey,Republican,59.5,Kay Ivey,1
2018,AL,Walt Maddox,Democratic,40.4,Walt Maddox,1
2018,AK,Mike Dunleavy,Republican,51.4,Mike Dunleavy (politician),1
2018,AK,Mark Begich,Democratic,44.4,Mark Begich,1
2018,AK,Bill Walker,Independent,2.0,Bill Walker (American politician),1
2018,AK,William Toien,Libertarian,1.9,,0
2018,AZ,Doug Ducey,Republican,56.0,Doug Ducey,1
2018,AZ,David Garcia,Democratic,41.8,David Garcia (politician),1
2018,AZ,Angel Torres,Green,2.1,,0
2018,AR,Asa Hutchinson,Republican,65.3,Asa Hutchinson,1
2018,AR,Jared Henderson,Democratic,31.8,,0
2018,AR,Mark West,Libertarian,2.9,,0
2018,CA,Gavin Newsom,Democratic,61.9,Gavin Newsom,1
2018,CA,John H. Cox,Republican,38.1,John H. Cox,1
2018,CO,Jared Polis,Democratic,53.4,Jared Polis,1
2018,CO,Walker Stapleton,Republican,42.8,Walker Stapleton,1
2018,CO,Scott Helker,Libertarian,2.7,,0
2018,CO,Bill Hammons,Unity,1.0,,0
2018,CT,Ned Lamont,Democratic,49.4,Ned Lamont,1
2018,CT,Bob Stefanowski,Republican,46.2,Bob Stefanowski,1
2018,CT,Oz Griebel,Independent,3.9,Oz Griebel,1
2018,FL,Ron DeSantis,Republican,49.6,Ron DeSantis,1
2018,FL,Andrew Gillum,Democratic,49.2,Andrew Gillum,1
2018,GA,Brian Kemp,Republican,50.2,Brian Kemp,1
2018,GA,Stacey Abrams,Democratic,48.8,Stacey Abrams,1
2018,HI,David Ige,Democratic,62.7,David Ige,1
2018,HI,Andria Tupola,Republican,33.7,Andria Tupola,1
2018,HI,Jim Brewer,Green,2.6,,0
2018,HI,Terrence Teruya,Nonpartisan,1.0,,0
2018,ID,Brad Little,Republican,59.8,Brad Little,1
2018,ID,Paulette Jordan,Democratic,38.2,Paulette Jordan,1
2018,ID,Bev Boeck,Libertarian,1.1,,0
2018,ID,Walter L. Bayes,Constitution,1.0,,0
2018,IL,J. B. Pritzker,Democratic,54.5,J. B. Pritzker,1
2018,IL,Bruce Rauner,Republican,38.8,Bruce Rauner,1
2018,IL,Sam McCann,Conservative,4.2,Sam McCann,1
2018,IL,Kash Jackson,Libertarian,2.4,,0
2018,IA,Kim Reynolds,Republican,50.3,Kim Reynolds,1
2018,IA,Fred Hubbell,Democratic,47.5,Fred Hubbell,1
2018,IA,Jake Porter,Libertarian,1.6,,0
2018,KS,Laura Kelly,Democratic,48.0,Laura Kelly,1
2018,KS,Kris Kobach,Republican,43.0,Kris Kobach,1
2018,KS,Greg Orman,Independent,6.5,Greg Orman,1
2018,KS,Jeff Caldwell,Libertarian,1.9,,0
2018,ME,Janet Mills,Democratic,50.9,Janet Mills,1
2018,ME,Shawn Moody,Republican,43.2,,0
2018,ME,Terry Hayes,Independent,5.9,Terry Hayes (politician),1
2018,MD,Larry Hogan,Republican,55.3,Larry Hogan,1
2018,MD,Ben Jealous,Democratic,43.5,Ben Jealous,1
2018,MA,Charlie Baker,Republican,66.6,Charlie Baker,1
2018,MA,Jay Gonzalez,Democratic,33.1,Jay Gonzalez (politician),1
2018,MI,Gretchen Whitmer,Democratic,53.3,Gretchen Whitmer,1
2018,MI,Bill Schuette,Republican,43.7,Bill Schuette,1
2018,MI,Bill Gelineau,Libertarian,1.3,,0
2018,MN,Tim Walz,DFL,53.8,Tim Walz,1
2018,MN,Jeff Johnson,Republican,42.4,Jeff Johnson (Minnesota politician),1
2018,MN,Chris Wright,GLC,2.6,Chris Wright (activist),1
2018,MN,Josh Welter,Libertarian,1.0,,0
2018,NE,Pete Ricketts,Republican,59.0,Pete Ricketts,1
2018,NE,Bob Krist,Democratic,41.0,Bob Krist,1
2018,NV,Steve Sisolak,Democratic,49.4,Steve Sisolak,1
2018,NV,Adam Laxalt,Republican,45.3,Adam Laxalt,1
2018,NV,Ryan C. Bundy,Independent,1.4,Ryan C. Bundy,1
2018,NV,Russell Best,Independent American,1.0,,0
2018,NH,Chris Sununu,Republican,52.8,Chris Sununu,1
2018,NH,Molly Kelly,Democratic,45.7,Molly Kelly,1
2018,NH,Jilletta Jarvis,Libertarian,1.4,,0
2018,NM,Michelle Lujan Grisham,Democratic,57.2,Michelle Lujan Grisham,1
2018,NM,Steve Pearce,Republican,42.8,Steve Pearce (politician),1
2018,NY,Andrew Cuomo,Democratic,59.6,Andrew Cuomo,1
2018,NY,Marc Molinaro,Republican,36.2,Marc Molinaro,1
2018,NY,Howie Hawkins,Green,1.7,Howie Hawkins,1
2018,NY,Larry Sharpe,Libertarian,1.6,Larry Sharpe (political activist),1
2018,OH,Mike DeWine,Republican,50.4,Mike DeWine,1
2018,OH,Richard Cordray,Democratic,46.7,Richard Cordray,1
2018,OH,Travis Irvine,Libertarian,1.8,,0
2018,OH,Constance Gadell-Newton,Green,1.1,,0
2018,OK,Kevin Stitt,Republican,54.3,Kevin Stitt,1
2018,OK,Drew Edmondson,Democratic,42.2,Drew Edmondson,1
2018,OK,Chris Powell,Libertarian,3.4,Chris Powell (politician),1
2018,OR,Kate Brown,Democratic,50.0,Kate Brown,1
2018,OR,Knute Buehler,Republican,43.6,Knute Buehler,1
2018,OR,Patrick Starnes,Independent,2.9,,0
2018,OR,Nick Chen,Libertarian,1.5,,0
2018,OR,Aaron Auer,Constitution,1.1,,0
2018,PA,Tom Wolf,Democratic,57.8,Tom Wolf,1
2018,PA,Scott Wagner,Republican,40.7,Scott Wagner,1
2018,PA,Ken Krawchuk,Libertarian,1.0,,0
2018,RI,Gina Raimondo,Democratic,52.6,Gina Raimondo,1
2018,RI,Allan Fung,Republican,37.2,Allan Fung,1
2018,RI,Joe Trillo,Independent,4.4,Joe Trillo,1
2018,RI,Bill Gilbert,Moderate,2.7,,0
2018,RI,Luis-Daniel Munoz,Independent,1.6,,0
2018,RI,Anne Armstrong,Compassion,1.1,,0
2018,SC,Henry McMaster,Republican,54.0,Henry McMaster,1
2018,SC,James E. Smith Jr.,Democratic,45.9,James E. Smith Jr.,1
2018,SD,Kristi Noem,Republican,51.0,Kristi Noem,1
2018,SD,Billie Sutton,Democratic,47.6,Billie Sutton,1
2018,SD,Kurt Evans,Libertarian,1.4,,0
2018,TN,Bill Lee,Republican,59.6,Bill Lee (Tennessee politician),1
2018,TN,Karl Dean,Democratic,38.5,Karl Dean,1
2018,TX,Greg Abbott,Republican,55.8,Greg Abbott,1
2018,TX,Lupe Valdez,Democratic,42.5,Lupe Valdez,1
2018,TX,Mark Tippetts,Libertarian,1.7,,0
2018,VT,Phil Scott,Republican,55.2,Phil Scott,1
2018,VT,Christine Hallquist,Democratic,40.2,Christine Hallquist,1
2018,VT,Trevor Barlow,Independent,1.2,,0
2018,WI,Tony Evers,Democratic,49.5,Tony Evers,1
2018,WI,Scott Walker,Republican,48.4,Scott Walker (politician),1
2018,WY,Mark Gordon,Republican,67.1,Mark Gordon (politician),1
2018,WY,Mary Throne,Democratic,27.5,Mary Throne,1
2018,WY,Rex Rammell,Constitution,3.3,Rex Rammell,1
2018,WY,Lawrence Struempf,Libertarian,1.5,,0
2020,DE,John Carney,Democratic,59.5,John Carney (Delaware politician),1
2020,DE,Julianne Murray,Republican,38.6,Julianne Murray,1
2020,DE,Kathy DeMatteis,Independent,1.2,,0
2020,IN,Eric Holcomb,Republican,56.5,Eric Holcomb,1
2020,IN,Woody Myers,Democratic,32.1,Woody Myers,1
2020,IN,Donald Rainwater,Libertarian,11.4,,0
2020,MO,Mike Parson,Republican,57.1,Mike Parson,1
2020,MO,Nicole Galloway,Democratic,40.7,Nicole Galloway,1
2020,MO,Rik Combs,Libertarian,1.6,Rik Combs,1
2020,MT,Greg Gianforte,Republican,54.4,Greg Gianforte,1
2020,MT,Mike Cooney,Democratic,41.6,Mike Cooney,1
2020,MT,Lyman Bishop,Libertarian,4.0,,0
2020,NH,Chris Sununu,Republican,65.1,Chris Sununu,1
2020,NH,Dan Feltes,Democratic,33.4,Dan Feltes,1
2020,NH,Darryl W. Perry,Libertarian,1.4,,0
2020,NC,Roy Cooper,Democratic,51.5,Roy Cooper,1
2020,NC,Dan Forest,Republican,47.0,Dan Forest,1
2020,NC,Steven J. DiFiore,Libertarian,1.1,,0
2020,ND,Doug Burgum,Republican,65.8,Doug Burgum,1
2020,ND,Shelley Lenz,Democratic–NPL,25.4,Shelley Lenz,1
2020,ND,DuWayne Hendrickson,Libertarian,3.9,,0
2020,UT,Spencer Cox,Republican,63.0,Spencer Cox (politician),1
2020,UT,Christopher Peterson,Democratic,30.3,Christopher Peterson (law professor),1
2020,UT,Daniel Cottam,Libertarian,3.5,,0
2020,UT,Gregory Duerden,Independent American,1.8,,0
2020,VT,Phil Scott,Republican,68.5,Phil Scott,1
2020,VT,David Zuckerman,Progressive,27.3,David Zuckerman (politician),1
2020,VT,Kevin Hoyt,Independent,1.3,,0
2020,VT,Emily Peyton,Independent,1.0,,0
2020,WA,Jay Inslee,Democratic,56.6,Jay Inslee,1
2020,WA,Loren Culp,Republican,43.1,,0
2020,WV,Jim Justice,Republican,63.5,Jim Justice,1
2020,WV,Ben Salango,Democratic,30.2,,0
2020,WV,Erika Kolenich,Libertarian,2.9,,0
2020,WV,S. Marshall Wilson,Independent/write-in,1.9,S. Marshall Wilson,1
2020,WV,Daniel Lutz,Mountain,1.4,,0
2022,AL,Kay Ivey,Republican,66.9,Kay Ivey,1
2022,AL,Yolanda Flowers,Democratic,29.2,,0
2022,AL,Jimmy Blake,Libertarian,3.3,,0
2022,AK,Mike Dunleavy,Republican,50.3,Mike Dunleavy (politician),1
2022,AK,Les Gara,Democratic,24.2,Les Gara,1
2022,AK,Bill Walker,Independent,20.7,Bill Walker (American politician),1
2022,AK,Charlie Pierce,Republican,4.5,,0
2022,AZ,Katie Hobbs,Democratic,50.3,Katie Hobbs,1
2022,AZ,Kari Lake,Republican,49.7,Kari Lake,1
2022,AR,Sarah Huckabee Sanders,Republican,63.0,Sarah Huckabee Sanders,1
2022,AR,Chris Jones,Democratic,35.2,,0
2022,AR,Ricky Harrington,Libertarian,1.8,,0
2022,CA,Gavin Newsom,Democratic,59.2,Gavin Newsom,1
2022,CA,Brian Dahle,Republican,40.8,Brian Dahle,1
2022,CO,Jared Polis,Democratic,58.5,Jared Polis,1
2022,CO,Heidi Ganahl,Republican,39.2,Heidi Ganahl,1
2022,CO,Kevin Ruskusky,Libertarian,1.2,,0
2022,CO,Danielle Neuschwanger,Constitution,0.9,,0
2022,CO,Paul Noel Fiorino,Unity,0.3,Paul Noel Fiorino,1
2022,CT,Ned Lamont,Democratic,56.0,Ned Lamont,1
2022,CT,Bob Stefanowski,Republican,43.1,Bob Stefanowski,1
2022,CT,Robert Hotaling,Independent,1.0,,0
2022,FL,Ron DeSantis,Republican,59.4,Ron DeSantis,1
2022,FL,Charlie Crist,Democratic,40.0,Charlie Crist,1
2022,FL,Carmen Gimenez,Independent,0.4,,0
2022,FL,Hector Roos,Libertarian,0.2,,0
2022,GA,Brian Kemp,Republican,53.4,Brian Kemp,1
2022,GA,Stacey Abrams,Democratic,45.9,Stacey Abrams,1
2022,GA,Shane Hazel,Libertarian,0.7,,0
2022,HI,Josh Green,Democratic,63.2,Josh Green (politician),1
2022,HI,Duke Aiona,Republican,36.8,Duke Aiona,1
2022,ID,Brad Little,Republican,60.5,Brad Little,1
2022,ID,Stephen Heidt,Democratic,20.3,,0
2022,ID,Ammon Bundy,Independent,17.2,Ammon Bundy,1
2022,ID,Paul Sand,Libertarian,1.1,,0
2022,ID,Chantyrose Davison,Constitution,0.9,,0
2022,IL,J. B. Pritzker,Democratic,54.9,J. B. Pritzker,1
2022,IL,Darren Bailey,Republican,42.4,Darren Bailey,1
2022,IL,Scott Schluter,Libertarian,2.7,,0
2022,IA,Kim Reynolds,Republican,58.0,Kim Reynolds,1
2022,IA,Deidre DeJear,Democratic,39.5,,0
2022,IA,Rick Stewart,Libertarian,2.4,,0
2022,KS,Laura Kelly,Democratic,49.5,Laura Kelly,1
2022,KS,Derek Schmidt,Republican,47.3,Derek Schmidt,1
2022,KS,Dennis Pyle,Independent,2.0,Dennis Pyle,1
2022,KS,Seth Cordell,Libertarian,1.1,,0
2022,ME,Janet Mills,Democratic,55.7,Janet Mills,1
2022,ME,Paul LePage,Republican,42.4,Paul LePage,1
2022,ME,Sam Hunkler,Independent,1.9,,0
2022,MD,Wes Moore,Democratic,64.5,Wes Moore,1
2022,MD,Dan Cox,Republican,32.1,Dan Cox,1
2022,MD,David Lashar,Libertarian,1.5,,0
2022,MD,David Harding,Working Class,0.9,,0
2022,MD,Nancy Wallace,Green,0.7,,0
2022,MA,Maura Healey,Democratic,63.7,Maura Healey,1
2022,MA,Geoff Diehl,Republican,34.6,Geoff Diehl,1
2022,MA,Kevin Reed,Libertarian,1.6,,0
2022,MI,Gretchen Whitmer,Democratic,54.5,Gretchen Whitmer,1
2022,MI,Tudor Dixon,Republican,43.9,Tudor Dixon,1
2022,MI,Mary Buzuma,Libertarian,0.9,,0
2022,MI,Donna Brandenburg,U.S. Taxpayers,0.4,,0
2022,MI,Kevin Hogan,Green,0.2,,0
2022,MI,Daryl Simpson,Natural Law,0.1,,0
2022,MN,Tim Walz,DFL,52.3,Tim Walz,1
2022,MN,Scott Jensen,Republican,44.6,Scott Jensen (Minnesota politician),1
2022,MN,James McCaskel,Legal Marijuana Now,1.2,,0
2022,MN,Steve Patterson,GLC,0.9,,0
2022,MN,Hugh McTavish,IPM–Alliance,0.7,,0
2022,MN,Gabrielle Prosser,Socialist Workers,0.3,,0
2022,NE,Jim Pillen,Republican,59.7,Jim Pillen,1
2022,NE,Carol Blood,Democratic,36.3,Carol Blood,1
2022,NE,Scott Zimmerman,Libertarian,4.0,,0
2022,NV,Joe Lombardo,Republican,48.8,Joe Lombardo,1
2022,NV,Steve Sisolak,Democratic,47.3,Steve Sisolak,1
2022,NV,Brandon Davis,Libertarian,1.5,,0
2022,NV,Ed Bridges,Independent American,1.0,,0
2022,NH,Chris Sununu,Republican,57.1,Chris Sununu,1
2022,NH,Tom Sherman,Democratic,41.6,Tom Sherman (politician),1
2022,NH,Kelly Halldorson,Libertarian,0.8,,0
2022,NH,Karlyn Borysenko,Libertarian,0.5,,0
2022,NM,Michelle Lujan Grisham,Democratic,52.0,Michelle Lujan Grisham,1
2022,NM,Mark Ronchetti,Republican,45.6,,0
2022,NM,Karen Bedonie,Libertarian,2.4,,0
2022,NY,Kathy Hochul,Democratic,53.2,Kathy Hochul,1
2022,NY,Lee Zeldin,Republican,46.8,Lee Zeldin,1
2022,OH,Mike DeWine,Republican,62.4,Mike DeWine,1
2022,OH,Nan Whaley,Democratic,37.4,Nan Whaley,1
2022,OK,Kevin Stitt,Republican,55.4,Kevin Stitt,1
2022,OK,Joy Hofmeister,Democratic,41.8,Joy Hofmeister,1
2022,OK,Natalie Bruno,Libertarian,1.4,,0
2022,OK,Ervin Yen,Independent,1.4,Ervin Yen,1
2022,OR,Tina Kotek,Democratic,47.0,Tina Kotek,1
2022,OR,Christine Drazan,Republican,43.6,Christine Drazan,1
2022,OR,Betsy Johnson,Independent,8.6,Betsy Johnson,1
2022,OR,Donice Smith,Constitution,0.4,,0
2022,OR,R. Leon Noble,Libertarian,0.4,,0
2022,PA,Josh Shapiro,Democratic,56.5,Josh Shapiro,1
2022,PA,Doug Mastriano,Republican,41.7,Doug Mastriano,1
2022,PA,Matt Hackenburg,Libertarian,1.0,,0
2022,PA,Christina DiGiulio,Green,0.5,,0
2022,PA,Joe Soloski,Keystone,0.4,,0
2022,RI,Dan McKee,Democratic,57.9,Dan McKee,1
2022,RI,Ashley Kalus,Republican,38.9,,0
2022,RI,Zachary Hurwitz,Independent,1.3,,0
2022,RI,Paul Rianna Jr.,Independent,0.9,,0
2022,RI,Elijah Gizzarelli,Libertarian,0.8,,0
2022,SC,Henry McMaster,Republican,58.1,Henry McMaster,1
2022,SC,Joe Cunningham,Democratic,40.7,Joe Cunningham (American politician),1
2022,SC,Bruce Reeves,Libertarian,1.2,,0
2022,SD,Kristi Noem,Republican,62.0,Kristi Noem,1
2022,SD,Jamie Smith,Democratic,35.2,Jamie Smith (politician),1
2022,SD,Tracey Quint,Libertarian,2.9,,0
2022,TN,Bill Lee,Republican,64.9,Bill Lee (Tennessee politician),1
2022,TN,Jason Martin,Democratic,32.9,,0
2022,TN,John Gentry,Independent,0.9,,0
2022,TN,Constance Every,Independent,0.6,,0
2022,TN,Deborah Rouse,Independent,0.2,,0
2022,TN,Rick Tyler,Independent,0.1,Rick Tyler,1
2022,TN,Charles Morgan,Independent,0.1,,0
2022,TN,Basil Marceaux,Independent,0.1,Basil Marceaux,1
2022,TN,Alfred O'Neil,Independent,0.1,,0
2022,TN,Michael Scantland,Independent,0.1,,0
2022,TX,Greg Abbott,Republican,54.8,Greg Abbott,1
2022,TX,Beto O'Rourke,Democratic,43.9,Beto O'Rourke,1
2022,TX,Mark Tippetts,Libertarian,1.0,,0
2022,TX,Delilah Barrios,Green,0.4,,0
2022,VT,Phil Scott,Republican,70.9,Phil Scott,1
2022,VT,Brenda Siegel,Democratic,23.9,,0
2022,VT,Kevin Hoyt,Independent,2.1,,0
2022,VT,Peter Duval,Independent,1.6,,0
2022,VT,Bernard Peters,Independent,0.8,,0
2022,WI,Tony Evers,Democratic,51.2,Tony Evers,1
2022,WI,Tim Michels,Republican,47.8,,0
2022,WI,Joan Ellis Beglinger,Independent,1.0,,0
2022,WY,Mark Gordon,Republican,74.1,Mark Gordon,1
2022,WY,Theresa Livingston,Democratic,15.8,,0
2022,WY,Jared Baldes,Libertarian,4.2,,0
2024,DE,Matt Meyer,Democratic,56.1,Matt Meyer,1
2024,DE,Michael Ramone,Republican,43.9,Michael Ramone,1
2024,IN,Mike Braun,Republican,54.4,Mike Braun,1
2024,IN,Jennifer McCormick,Democratic,41.1,Jennifer McCormick,1
2024,IN,Donald Rainwater,Libertarian,4.5,,0
2024,MO,Mike Kehoe,Republican,59.2,Mike Kehoe,1
2024,MO,Crystal Quade,Democratic,38.7,Crystal Quade,1
2024,MO,Bill Slantz,Libertarian,1.4,,0
2024,MO,Paul Lehmann,Green,0.8,,0
2024,MT,Greg Gianforte,Republican,58.9,Greg Gianforte,1
2024,MT,Ryan Busse,Democratic,38.6,Ryan Busse,1
2024,MT,Kaiser Leib,Libertarian,2.5,,0
2024,NH,Kelly Ayotte,Republican,53.6,Kelly Ayotte,1
2024,NH,Joyce Craig,Democratic,44.3,Joyce Craig,1
2024,NH,Stephen Villee,Libertarian,2.1,,0
2024,NC,Josh Stein,Democratic,54.9,Josh Stein,1
2024,NC,Mark Robinson,Republican,40.1,Mark Robinson (American politician),1
2024,NC,Mike Ross,Libertarian,3.2,,0
2024,NC,Vinny Smith,Constitution,1.0,,0
2024,NC,Wayne Turner,Green,0.9,,0
2024,ND,Kelly Armstrong,Republican,68.4,Kelly Armstrong,1
2024,ND,Merrill Piepkorn,Democratic–NPL,26.0,Merrill Piepkorn,1
2024,ND,Michael Coachman,Independent,5.6,,0
2024,UT,Spencer Cox,Republican,52.9,Spencer Cox (politician),1
2024,UT,Brian King,Democratic,28.5,Brian King (politician),1
2024,UT,Phil Lyman,Write-in,13.4,Phil Lyman,1
2024,UT,Robert Latham,Libertarian,2.8,,0
2024,UT,Tommy Williams,Independent American,1.9,,0
2024,UT,Tom Tomeny,Independent,0.4,,0
2024,VT,Phil Scott,Republican,73.4,Phil Scott,1
2024,VT,Esther Charlestin,Democratic,21.8,,0
2024,VT,Kevin Hoyt,Independent,2.6,,0
2024,VT,June Goodband,Green Mountain,1.2,,0
2024,VT,Eli Mutino,Independent,0.7,,0
2024,WA,Bob Ferguson,Democratic,55.7,Bob Ferguson (politician),1
2024,WA,Dave Reichert,Republican,44.3,Dave Reichert,1
2024,WV,Patrick Morrisey,Republican,62.0,Patrick Morrisey,1
2024,WV,Steve Williams,Democratic,31.6,Stephen T. Williams,1
2024,WV,Erika Kolenich,Libertarian,2.9,,0
2024,WV,Marshall Wilson,Constitution,2.3,,0
2024,WV,Chase Linko-Looper,Mountain,1.3,,0
2026,AL,Doug Jones,Democratic,,Doug Jones (politician),1
2026,AL,Tommy Tuberville,Republican,,Tommy Tuberville,1
2026,AK,Dave Bronson,Republican,,Dave Bronson,1
2026,AK,Jonathan Kreiss-Tomkins,Democratic,,Jonathan Kreiss-Tomkins,1
2026,AK,Treg Taylor,Republican,,Treg Taylor,1
2026,AK,Bernadette Wilson,Republican,,,0
2026,AZ,Andy Biggs,Republican,,Andy Biggs,1
2026,AZ,Katie Hobbs,Democratic,,Katie Hobbs,1
2026,AZ,Teri Hourihan,No Labels,,,0
2026,AZ,Risa Lombardo,Green,,,0
2026,AR,Fredrick Love,Democratic,,Fredrick Love,1
2026,AR,Sarah Huckabee Sanders,Republican,,Sarah Huckabee Sanders,1
2026,AR,Colt Shelby,Libertarian,,,0
2026,CA,Xavier Becerra,Democratic,,Xavier Becerra,1
2026,CA,Steve Hilton,Republican,,Steve Hilton,1
2026,CO,Stephen Hamilton,American Constitution,,,0
2026,CO,Greg Lopez,Independent,,Greg Lopez,1
2026,CO,Victor Marx,Republican,,Victor Marx,1
2026,CO,Eric Mulder,Libertarian,,,0
2026,CO,Jeff Peckman,Unity,,,0
2026,CO,Erik Underwood,Approval Voting,,,0
2026,CO,Phil Weiser,Democratic,,Phil Weiser,1
2026,CT,Ryan Fazio,Republican,,Ryan Fazio,1
2026,CT,Ned Lamont,Democratic,,Ned Lamont,1
2026,FL,Dean Abrams,Independent,,,0
2026,FL,Charles Burkett,Independent,,,0
2026,FL,Jeffrey Datto,Independent,,,0
2026,FL,Moe Dimanche,Independent,,,0
2026,FL,Byron Donalds,Republican,,Byron Donalds,1
2026,FL,Scott Jewett,Libertarian,,,0
2026,FL,David Jolly,Democratic,,David Jolly,1
2026,FL,Frank Russo,Independent,,,0
2026,GA,Keisha Lance Bottoms,Democratic,,Keisha Lance Bottoms,1
2026,GA,Rick Jackson,Republican,,Rick Jackson (businessman),1
2026,HI,Gary Cordery,Republican,,,0
2026,HI,Josh Green,Democratic,,Josh Green (politician),1
2026,ID,Brad Little,Republican,,Brad Little,1
2026,ID,Terri Pickens,Democratic,,,0
2026,ID,Pro-Life,Constitution,,Pro-Life (politician),1
2026,ID,Paul Sand,Libertarian,,,0
2026,ID,John Stegner,Independent,,John Stegner,1
2026,IL,Darren Bailey,Republican,,Darren Bailey,1
2026,IL,Collin Corbett,Independent,,,0
2026,IL,JB Pritzker,Democratic,,JB Pritzker,1
2026,IA,Zach Lahn,Republican,,,0
2026,IA,Rob Sand,Democratic,,Rob Sand,1
2026,IA,Sondra Wilson,Independent,,,0
2026,KS,Cindy Holscher,Democratic,,Cindy Holscher,1
2026,KS,Ty Masterson,Republican,,Ty Masterson,1
2026,ME,Rick Bennett,Independent,,Rick Bennett (politician),1
2026,ME,Robert B. Charles,Republican,,Robert B. Charles,1
2026,ME,Hannah Pingree,Democratic,,Hannah Pingree,1
2026,MD,Dan Cox,Republican,,Dan Cox,1
2026,MD,Andy Ellis,Green,,,0
2026,MD,Wes Moore,Democratic,,Wes Moore,1
2026,MD,Cathy White,Working Class,,,0
2026,MA,Maura Healey,Democratic,,Maura Healey,1
2026,MA,Andrea James,Independent,,Andrea C. James,1
2026,MA,Mike Minogue,Republican,,,0
2026,MI,Jocelyn Benson,Democratic,,Jocelyn Benson,1
2026,MI,Donna Brandenburg,U.S. Taxpayers,,,0
2026,MI,Douglas Campbell,Green,,,0
2026,MI,Anthony Hudson,Libertarian,,,0
2026,MI,John James,Republican,,John James (Michigan politician),1
2026,MN,Lisa Demuth,Republican,,Lisa Demuth,1
2026,MN,Amy Klobuchar,DFL,,Amy Klobuchar,1
2026,MN,Steven Young,Green,,,0
2026,NE,Rick Beard,Legal Marijuana Now,,,0
2026,NE,Brett Lindstrom,America First,,Brett Lindstrom,1
2026,NE,Jim Pillen,Republican,,Jim Pillen,1
2026,NE,Lynne Walz,Democratic,,Lynne Walz,1
2026,NV,Aaron Ford,Democratic,,Aaron D. Ford,1
2026,NV,Danielle Ford,Independent,,,0
2026,NV,Joe Lombardo,Republican,,Joe Lombardo,1
2026,NH,Kelly Ayotte,Republican,,Kelly Ayotte,1
2026,NH,Jon Kiper,Community First,,,0
2026,NH,Cinde Warmington,Democratic,,Cinde Warmington,1
2026,NM,Deb Haaland,Democratic,,Deb Haaland,1
2026,NM,Gregg Hull,Republican,,Gregg Hull,1
2026,NY,Bruce Blakeman,Republican,,Bruce Blakeman,1
2026,NY,Kathy Hochul,Democratic,,Kathy Hochul,1
2026,OH,Amy Acton,Democratic,,Amy Acton,1
2026,OH,Donald Kissick,Libertarian,,,0
2026,OH,Vivek Ramaswamy,Republican,,Vivek Ramaswamy,1
2026,OK,Robert Brooks Sr.,Independent,,,0
2026,OK,Orlando Bush,Independent,,,0
2026,OK,Jerry Griffin,Independent,,,0
2026,OK,Mike Mazzei,Republican,,Mike Mazzei,1
2026,OK,Cyndi Munson,Democratic,,Cyndi Munson,1
2026,OR,Christine Drazan,Republican,,Christine Drazan,1
2026,OR,Tina Kotek,Democratic,,Tina Kotek,1
2026,OR,Brett Smith,Pacific Green,,,0
2026,PA,Stacy Garrity,Republican,,Stacy Garrity,1
2026,PA,Ken Krawchuk,Libertarian,,,0
2026,PA,Josh Shapiro,Democratic,,Josh Shapiro,1
2026,RI,Ken Block,Independent,,Ken Block (politician),1
2026,RI,Helena Foulkes,Democratic,,Helena Foulkes,1
2026,RI,Jasjit Gotra,Independent,,,0
2026,RI,Aaron Guckian,Republican,,Aaron Guckian,1
2026,RI,CD Reynolds,Independent,,,0
2026,SC,Michael Addison,United Citizens,,,0
2026,SC,Walid Hakim,Green,,,0
2026,SC,Jermaine Johnson,Democratic,,Jermaine Johnson (politician),1
2026,SC,Alan Wilson,Republican,,Alan Wilson (politician),1
2026,SD,Dan Ahlers,Democratic,,,0
2026,SD,Larry Rhoden,Republican,,Larry Rhoden,1
2026,TN,Misam Abidi,Independent,,,0
2026,TN,Santiago Asconape,Independent,,,0
2026,TN,Marsha Blackburn,Republican,,Marsha Blackburn,1
2026,TN,Dean Brewer,Independent,,,0
2026,TN,Ray Brown,Independent,,,0
2026,TN,Jerri Green,Democratic,,,0
2026,TN,Taylor Hafley,Independent,,,0
2026,TN,David Hatley,Independent,,,0
2026,TN,Wendell Jackson,Independent,,,0
2026,TN,Charles Van Morgan,Independent,,,0
2026,TN,Eddie Lee Murphy,Independent,,,0
2026,TN,Lauren Pinkston,Independent,,,0
2026,TN,Karl Smithson,Independent,,,0
2026,TN,L. Webb Taylor,Independent,,,0
2026,TN,Robert Vick,Independent,,,0
2026,TX,Greg Abbott,Republican,,Greg Abbott,1
2026,TX,Pat Dixon,Libertarian,,,0
2026,TX,Gina Hinojosa,Democratic,,Gina Hinojosa,1
2026,VT,June Goodband,Green Mountain,,,0
2026,VT,Amanda Janoo,Democratic,,,0
2026,VT,Brian Judd,Independent,,,0
2026,VT,Phil Scott,Republican,,Phil Scott,1
2026,VT,Dean Roy,Freedom and Unity,,,0
2026,WI,David Crowley,Democratic,,David Crowley (Wisconsin politician),1
2026,WI,Tom Tiffany,Republican,,Tom Tiffany,1
2026,WY,Eric Barlow,Republican,,Eric Barlow,1
2026,WY,Kenneth Casner,Democratic,,,0
2026,WY,Joseph Kibler,Constitution,,,0
