year,dem,rep,E
1946,15491113.0,18422363.0,-8.643319251615493
1948,24217516.0,20894960.0,7.365049083096215
1950,19991683.0,19735173.0,0.6456841185720813
1952,28642537.0,28393794.0,0.4361132556019426
1954,22366386.0,20016809.0,5.543652383922448
1956,30062042.0,28698083.0,2.321232298263491
1958,25604679.0,19931409.0,12.458843631890382
1960,35125032.0,28750866.0,9.978984561594736
1962,26860184.0,24160387.0,5.291585231376575
1964,37643960.0,27916576.0,14.837255143856664
1966,26934136.0,25521157.0,2.6936824087513913
1968,33214994.0,32059047.0,1.7709138001736402
1970,29080212.0,24352657.0,8.847653304934834
1972,36780100.0,33064172.0,5.320304577016709
1974,30054097.0,21271332.0,17.111917369458325
1976,41474890.0,31380535.0,13.85532374562361
1978,29317777.0,24464665.0,9.023599188746394
1980,39347947.0,37222588.0,2.775687802102989
1982,35284473.0,27625593.0,12.174331529075172
1984,42973494.0,38642646.0,5.3063621974771165
1986,32447021.0,26533178.0,10.026827817247616
1988,43544565.0,37209219.0,7.845262087037308
1990,32463372.0,27596256.0,8.103806437162747
1992,48654189.0,43812063.0,5.236641364029765
1994,31542823.0,36325809.0,-7.047417723109551
1996,43507586.0,43447962.0,0.06856836782858294
1998,31490298.0,32237964.0,-1.1732094623889162
2000,46582167.0,46992383.0,-0.43838415466598557
2002,33795885.0,37332552.0,-4.972226509068377
2004,52969786.0,55958144.0,-2.7434267776868615
2006,42338795.0,35857334.0,8.288723601650409
2008,65237840.0,52249491.0,11.055106018196975
2010,38980192.0,44829751.0,-6.979552533522186
2012,59645531.0,58283314.0,1.1551177322223414
2014,35624357.0,40081282.0,-5.887177043707404
2016,61417454.0,62772225.0,-1.090888559265863
2018,60572245.0,50861970.0,8.713908021876405
2020,77122690.0,72466576.0,3.1125990015887903
2022,51280463.0,54227992.0,-2.7936424621135814
2024,70571330.0,74390864.0,-2.63484836605053
