race,kind,eliminated_share,actual,a1_top_two,a2_party_sum,b_transfer,b_sd
AK 2022 special US House,DR,28.5,2.78,8.92,-19.61,-2.39,5.48
AK 2022 US House,DR,25.5,9.37,22.84,-0.78,14.5,4.55
AK 2024 US House,DR,5.1,-2.39,-2.07,-5.0,-3.29,0.78
AK 2022 State House 11,OR,15.5,-1.46,6.3,-9.16,0.57,3.03
AK 2022 State House 15,DR,14.3,-0.12,7.5,-6.82,2.24,2.77
AK 2022 State House 18,DR,21.0,3.64,-8.55,12.42,-0.94,3.95
AK 2022 State House 31,DR,21.6,10.17,19.48,-2.09,11.35,4.31
AK 2022 State House 34,DR,7.9,-11.02,-5.96,-13.9,-8.8,1.43
AK 2024 State House 6,OR,9.4,-4.28,-3.49,-12.94,-7.35,1.63
AK 2024 State House 36,DR,31.2,-10.25,-2.65,-28.3,-12.04,5.41
AK 2024 State Senate F,DR,7.0,-5.49,-3.07,-10.03,-5.75,1.39
ME 2018 US House 2,DR,8.1,1.02,-0.93,-0.93,-0.9,2.69
ME 2022 US House 2,DR,7.0,6.0,3.73,3.73,3.56,1.93
