state,cvap,cvap_hisp,cvap_asian,cvap_wnh,cvap_mexican,cvap_puerto_rican,cvap_cuban,cvap_dominican,cvap_central_american,cvap_colomb,cvap_venezuelan,cvap_other_south_american,cvap_other_hispanic,cvap_chinese,cvap_indian,cvap_filipino,cvap_vietnamese,cvap_korean,cvap_japanese,cvap_other_south_asian,cvap_other_asian,sh_hisp,sh_asian,sh_wnh,sh_mexican,sh_puerto_rican,sh_cuban,sh_dominican,sh_central_american,sh_colomb,sh_venezuelan,sh_other_south_american,sh_other_hispanic,sh_chinese,sh_indian,sh_filipino,sh_vietnamese,sh_korean,sh_japanese,sh_other_south_asian,sh_other_asian,college,sh_wnc
AL,3.8457e+06,1.0682e+05,38145,2.5883e+06,52350,15494,5947.4,1822.6,10792,2568.7,1394.3,3406.9,13049,7028.5,7451.7,5273.1,5893.8,5225.1,1608.2,1581.7,4082.9,0.027778,0.0099189,0.67304,0.013613,0.0040289,0.0015465,0.00047393,0.0028063,0.00066793,0.00036255,0.0008859,0.0033931,0.0018276,0.0019377,0.0013712,0.0015326,0.0013587,0.00041817,0.0004113,0.0010617,0.2837,0.4821
AK,5.3882e+05,32604,28968,3.3926e+05,17823,4022.7,1180.2,1142.4,1493.5,926.69,66.739,1243.1,4706.2,1588.4,628.77,15329,749.36,3377.4,1031.8,303.57,5959.9,0.06051,0.053762,0.62964,0.033077,0.0074658,0.0021903,0.0021202,0.0027717,0.0017199,0.00012386,0.0023071,0.0087343,0.0029479,0.001167,0.028449,0.0013907,0.0062682,0.001915,0.00056341,0.011061,0.3167,0.43023
AZ,5.3241e+06,1.2962e+06,1.4996e+05,3.2368e+06,1.0936e+06,37916,13985,3800.7,33776,7932.4,1583.5,13829,89796,26443,26745,33550,21741,12743,7289.5,4794.3,16652,0.24346,0.028166,0.60795,0.2054,0.0071215,0.0026267,0.00071387,0.006344,0.0014899,0.00029742,0.0025974,0.016866,0.0049667,0.0050234,0.0063016,0.0040835,0.0023935,0.0013692,0.00090048,0.0031277,0.33336,0.40528
AR,2.2459e+06,1.1018e+05,24513,1.6426e+06,73761,6082.7,1880.9,707.33,13922,977.78,370.7,1689.6,10791,2335.5,3611.5,3630,4145.5,1465.9,486.45,885.01,7953.1,0.049059,0.010914,0.73136,0.032842,0.0027083,0.00083746,0.00031494,0.0061988,0.00043536,0.00016505,0.00075228,0.0048049,0.0010399,0.001608,0.0016163,0.0018458,0.00065271,0.00021659,0.00039405,0.0035411,0.25732,0.54317
CA,2.6133e+07,8.4584e+06,3.8808e+06,1.088e+07,6.7651e+06,1.594e+05,72475,14845,7.3029e+05,68288,12722,1.7663e+05,4.5856e+05,1.0398e+06,4.1201e+05,9.5286e+05,5.0212e+05,3.0757e+05,1.7303e+05,73039,4.2031e+05,0.32367,0.1485,0.41632,0.25888,0.0060995,0.0027733,0.00056806,0.027945,0.0026131,0.00048683,0.0067588,0.017547,0.039791,0.015766,0.036462,0.019214,0.011769,0.0066211,0.0027949,0.016084,0.37083,0.26194
CO,4.3552e+06,7.3899e+05,1.1613e+05,3.1269e+06,4.9444e+05,29211,9813,3288.1,24007,7921.8,3429.4,16469,1.5041e+05,21999,15188,13618,17430,16435,7867.3,5441.7,18151,0.16968,0.026665,0.71798,0.11353,0.0067072,0.0022532,0.00075498,0.0055123,0.0018189,0.00078744,0.0037814,0.034537,0.0050511,0.0034874,0.0031269,0.0040021,0.0037737,0.0018064,0.0012495,0.0041677,0.45698,0.38988
CT,2.6634e+06,3.6558e+05,92684,1.8447e+06,27546,1.9978e+05,9396.7,27895,23512,17107,2281.3,37694,20374,22226,27328,9911.4,7431.4,6479.9,1409.1,6309.4,11588,0.13726,0.0348,0.69263,0.010343,0.075009,0.0035281,0.010474,0.008828,0.0064232,0.00085656,0.014153,0.0076498,0.0083453,0.010261,0.0037214,0.0027902,0.002433,0.00052905,0.002369,0.0043511,0.42475,0.39844
DE,7.6411e+05,52330,22664,4.9683e+05,13511,21014,1645.3,3391.6,4298.4,1156.7,293.8,2508.1,4510.8,3994.5,7651.7,3844.6,1386.9,1557.5,371.72,2656.4,1200.7,0.068485,0.029661,0.65021,0.017682,0.027502,0.0021532,0.0044387,0.0056253,0.0015137,0.0003845,0.0032823,0.0059033,0.0052276,0.010014,0.0050314,0.0018151,0.0020383,0.00048647,0.0034765,0.0015713,0.35765,0.41766
DC,5.0664e+05,37790,18985,2.106e+05,8551,3501,2239.1,1858.9,9620,2530.6,581.37,4642.3,4265.7,4473.2,5498.3,1749.2,1485.8,2502.1,542.95,921.84,1811.5,0.07459,0.037473,0.41569,0.016878,0.0069103,0.0044196,0.0036692,0.018988,0.0049949,0.0011475,0.0091629,0.0084197,0.0088293,0.010853,0.0034526,0.0029328,0.0049387,0.0010717,0.0018195,0.0035756,0.64247,0.14862
FL,1.6183e+07,3.543e+06,4.0441e+05,9.3688e+06,3.4074e+05,9.2549e+05,1.0025e+06,1.8051e+05,2.818e+05,2.8127e+05,1.1346e+05,2.3368e+05,1.8363e+05,61761,1.1131e+05,85026,60320,17985,8423.6,20267,39316,0.21894,0.02499,0.57893,0.021055,0.057189,0.061946,0.011154,0.017414,0.017381,0.0070111,0.01444,0.011347,0.0038164,0.0068784,0.0052541,0.0037274,0.0011114,0.00052052,0.0012524,0.0024295,0.34147,0.38124
GA,7.8345e+06,4.9553e+05,2.5856e+05,4.3026e+06,2.1447e+05,84274,27333,16724,58800,26221,10104,23541,34064,40816,79301,17831,37192,37979,3355.9,15292,26798,0.06325,0.033003,0.54919,0.027375,0.010757,0.0034888,0.0021347,0.0075053,0.0033469,0.0012896,0.0030048,0.004348,0.0052098,0.010122,0.0022759,0.0047472,0.0048477,0.00042835,0.0019519,0.0034205,0.34945,0.35728
HI,1.0546e+06,86627,4.0414e+05,2.547e+05,29208,28321,1340.4,878.99,2115.6,885.75,352.86,2434.9,21090,45140,1658.5,1.443e+05,8322,15834,1.4381e+05,518.13,44561,0.082146,0.38323,0.24153,0.027697,0.026856,0.0012711,0.00083351,0.0020062,0.00083993,0.00033461,0.0023089,0.019999,0.042805,0.0015727,0.13683,0.0078914,0.015015,0.13637,0.00049133,0.042256,0.36139,0.15424
ID,1.4111e+06,1.3307e+05,15067,1.1798e+06,1.0281e+05,4444,924.11,261.26,3449.9,1552.7,296.14,2846.2,16484,2022,1433.3,2962,1659.9,1548.3,1885.3,875.87,2680.4,0.0943,0.010677,0.83608,0.072857,0.0031492,0.00065486,0.00018514,0.0024448,0.0011003,0.00020986,0.0020169,0.011682,0.0014328,0.0010157,0.002099,0.0011763,0.0010972,0.001336,0.00062068,0.0018994,0.318,0.5702
IL,9.095e+06,1.2181e+06,4.3542e+05,5.8929e+06,9.0001e+05,1.4496e+05,21128,5677.6,45257,18336,4361.5,33368,44965,75731,1.3199e+05,96848,18141,39989,8058.7,31087,33583,0.13393,0.047875,0.64793,0.098957,0.015939,0.002323,0.00062426,0.004976,0.002016,0.00047955,0.0036688,0.0049439,0.0083267,0.014512,0.010648,0.0019946,0.0043969,0.00088606,0.003418,0.0036925,0.37848,0.4027
IN,5.0309e+06,2.6615e+05,80966,4.0821e+06,1.744e+05,33949,5307.2,2537.4,18574,3626.1,3082.2,6178.7,18496,13159,22152,9511.3,5402.8,6350.8,2286,4974,17130,0.052903,0.016094,0.8114,0.034665,0.0067481,0.0010549,0.00050435,0.003692,0.00072075,0.00061266,0.0012281,0.0036765,0.0026156,0.0044032,0.0018906,0.0010739,0.0012624,0.0004544,0.00098868,0.0034049,0.29474,0.57225
IA,2.3817e+06,1.0482e+05,38970,2.0938e+06,72597,7100.8,2441,906.36,9758.8,1338.8,316.15,1484,8881.7,5196,5086.6,3823.9,5485.6,4516.1,584.96,2098.6,12178,0.044012,0.016362,0.87909,0.030481,0.0029813,0.0010249,0.00038054,0.0040973,0.00056212,0.00013274,0.00062306,0.0037291,0.0021816,0.0021357,0.0016055,0.0023032,0.0018961,0.0002456,0.00088114,0.0051131,0.31423,0.60285
KS,2.1345e+06,1.871e+05,46911,1.6889e+06,1.4384e+05,10400,2485.9,1023.3,9754.1,1332.8,740.56,3320.9,14199,6429.7,7452.5,4931.4,10752,2972.6,1063,2224.6,11086,0.087656,0.021978,0.79123,0.067391,0.0048722,0.0011646,0.00047941,0.0045697,0.00062439,0.00034695,0.0015558,0.0066523,0.0030123,0.0034915,0.0023103,0.0050371,0.0013926,0.000498,0.0010422,0.0051935,0.35603,0.50953
KY,3.4018e+06,87534,33509,2.9219e+06,40479,13459,12443,1013.1,5802.2,1618.4,636.7,2693.5,9388.4,4583,7074,4948.5,3734.7,2985.6,1374.1,2984.9,5824.1,0.025732,0.0098504,0.85893,0.011899,0.0039565,0.0036579,0.00029781,0.0017056,0.00047574,0.00018717,0.0007918,0.0027598,0.0013472,0.0020795,0.0014547,0.0010979,0.00087767,0.00040393,0.00087746,0.0017121,0.27553,0.62227
LA,3.4139e+06,1.4922e+05,47509,2.0431e+06,43769,11783,9220.6,3690.6,32454,2961.4,748.74,3220.9,41367,6306.4,6078.1,5608.2,18956,1614.3,1111,2639,5195.6,0.043707,0.013916,0.59847,0.012821,0.0034514,0.0027009,0.001081,0.0095063,0.00086744,0.00021932,0.00094344,0.012117,0.0018473,0.0017804,0.0016427,0.0055526,0.00047285,0.00032544,0.00077301,0.0015219,0.27044,0.43662
ME,1.1142e+06,18826,9606,1.0274e+06,5746.7,4598.7,1057.2,424.56,1270.3,686.95,117.28,1838.7,3085.6,2385.8,817.81,2232,925.24,930.68,338.55,142.53,1833.4,0.016896,0.0086214,0.92211,0.0051577,0.0041273,0.00094881,0.00038104,0.0011401,0.00061654,0.00010526,0.0016503,0.0027693,0.0021413,0.00073399,0.0020032,0.00083041,0.00083529,0.00030385,0.00012792,0.0016455,0.3619,0.5884
MD,4.4183e+06,3.1353e+05,2.4176e+05,2.3435e+06,51375,46378,10857,16575,1.0571e+05,13104,2814.3,37509,29214,52451,56419,33372,17998,33521,2909.6,24192,20896,0.070962,0.054718,0.53041,0.011628,0.010497,0.0024572,0.0037515,0.023925,0.0029658,0.00063697,0.0084895,0.006612,0.011871,0.012769,0.0075532,0.0040736,0.0075867,0.00065854,0.0054755,0.0047294,0.43446,0.29997
MA,5.1553e+06,4.9672e+05,2.7524e+05,3.8557e+06,31850,2.2422e+05,10598,90381,54824,21760,4077.8,24067,34944,1.0211e+05,54262,10863,36382,16684,3552.4,12986,38392,0.096352,0.053389,0.74792,0.0061783,0.043493,0.0020557,0.017532,0.010635,0.0042209,0.00079101,0.0046684,0.0067783,0.019808,0.010526,0.0021072,0.0070572,0.0032364,0.00068908,0.002519,0.0074472,0.47279,0.39431
MI,7.6537e+06,3.1755e+05,1.7618e+05,5.8518e+06,2.1225e+05,34452,10694,4058.4,12990,5165.7,1666.1,6535.1,29741,31343,55921,18492,12195,16609,3356,19423,18840,0.04149,0.023019,0.76456,0.027732,0.0045013,0.0013972,0.00053025,0.0016972,0.00067493,0.00021769,0.00085385,0.0038858,0.0040951,0.0073063,0.002416,0.0015933,0.0021701,0.00043848,0.0025377,0.0024616,0.32446,0.51649
MN,4.2471e+06,1.6524e+05,1.716e+05,3.4975e+06,1.0137e+05,11811,3982.3,2006.5,13148,4801.4,1610.3,9802.6,16710,18158,19096,8812.2,18071,11270,2274.3,4337.5,89576,0.038907,0.040404,0.82352,0.023868,0.0027811,0.00093766,0.00047244,0.0030958,0.0011305,0.00037915,0.0023081,0.0039345,0.0042755,0.0044962,0.0020749,0.0042551,0.0026537,0.00053549,0.0010213,0.021091,0.39404,0.49902
MS,2.2218e+06,48370,17044,1.2928e+06,23085,6869.8,1831.2,968.06,4935.7,957.82,430.86,1340.2,7951.1,2584.2,3548.7,2991,4381.8,594.21,596.87,887.33,1459.8,0.021771,0.0076714,0.58189,0.010391,0.0030921,0.00082421,0.00043572,0.0022215,0.00043111,0.00019393,0.0006032,0.0035787,0.0011632,0.0015972,0.0013462,0.0019722,0.00026745,0.00026865,0.00039938,0.00065707,0.25135,0.43564
MO,4.686e+06,1.6444e+05,68766,3.7545e+06,1.0017e+05,16081,4595.8,2040.2,13188,3228.7,1181.2,4288.9,19666,13298,14450,11460,10645,6252.3,1789.8,3136.5,7732.9,0.035092,0.014675,0.80122,0.021377,0.0034316,0.00098075,0.00043539,0.0028144,0.00068902,0.00025208,0.00091526,0.0041968,0.0028379,0.0030838,0.0024457,0.0022717,0.0013343,0.00038195,0.00066934,0.0016502,0.32398,0.54164
MT,8.712e+05,30538,5625,7.5196e+05,18723,1619,666.73,192.81,859.56,512.7,145.58,1011.9,6806.5,1199.8,249.83,1776.2,578.64,673.38,435.63,66.39,645.13,0.035053,0.0064566,0.86313,0.021491,0.0018584,0.0007653,0.00022131,0.00098664,0.0005885,0.00016711,0.0011615,7.8127e-03,0.0013772,0.00028677,0.0020388,0.00066419,0.00077294,0.00050003,7.6205e-05,0.0007405,0.35161,0.55964
NE,1.4139e+06,1.057e+05,24245,1.172e+06,74263,4441.3,3066.7,706.05,11053,1265.4,652.09,1493.4,8759.8,2451.1,2746.5,3556.7,5794,1328.6,838.35,1972.7,5557,0.074759,0.017148,0.82889,0.052524,0.0031412,0.002169,0.00049937,0.0078173,0.00089499,0.00046121,0.0010563,0.0061955,0.0017336,0.0019425,0.0025156,0.004098,0.00093969,0.00059294,0.0013952,0.0039303,0.34578,0.54228
NV,2.2235e+06,4.7293e+05,1.9498e+05,1.1908e+06,3.3352e+05,20713,18324,2678.1,41890,5573.3,1017,11998,37220,29167,9809.1,1.0409e+05,11650,11787,9015,1968.3,17491,0.21269,0.087688,0.53553,0.15,0.0093152,0.0082408,0.0012044,0.018839,0.0025065,0.00045738,0.0053961,0.016739,0.013118,0.0044115,0.046813,0.0052393,0.005301,0.0040544,0.00088523,0.0078663,0.2789,0.38617
NH,1.1096e+06,37199,21104,9.9878e+05,6314.5,12769,1302.8,5446.2,2642.1,2058.8,142.06,1767,4756.1,3985.5,4045.1,3076.9,1964,2191.9,542.47,1749.9,3548.3,0.033525,0.019019,0.90013,0.0056908,0.011508,0.0011742,0.0049082,0.0023811,0.0018555,0.00012802,0.0015924,0.0042863,0.0035918,0.0036455,0.002773,0.00177,0.0019754,0.00048888,0.001577,0.0031978,0.40646,0.53426
NJ,6.4337e+06,1.0741e+06,5.1381e+05,3.8064e+06,78412,3.4219e+05,65803,1.7937e+05,92731,84308,7280.9,1.5583e+05,68176,95744,1.9533e+05,86205,15418,63341,5080,34324,18369,0.16695,0.079863,0.59164,0.012188,0.053187,0.010228,0.02788,0.014413,0.013104,0.0011317,0.024221,0.010597,0.014882,0.030361,0.013399,0.0023965,0.0098451,0.00078959,0.0053349,0.0028551,0.43628,0.33352
NM,1.5532e+06,6.6282e+05,20715,6.5113e+05,4.1278e+05,8024.1,3154.9,1855,5488.2,2079.4,443.73,3089.7,2.259e+05,3136,2720.1,5556.6,3860.3,1345.7,1107.9,1129.5,1858.9,0.42673,0.013337,0.41921,0.26575,0.0051661,0.0020311,0.0011943,0.0035334,0.0013388,0.00028568,0.0019892,0.14544,0.002019,0.0017512,0.0035775,0.0024853,0.00086637,0.0007133,0.00072718,0.0011968,0.30978,0.28935
NY,1.4105e+07,2.1943e+06,1.0205e+06,8.375e+06,1.9636e+05,7.416e+05,58923,4.8836e+05,1.9344e+05,1.1093e+05,11683,2.2833e+05,1.6465e+05,4.2074e+05,2.1905e+05,82240,21183,77318,12348,1.1993e+05,67662,0.15557,0.07235,0.59377,0.013922,0.052578,0.0041776,0.034624,0.013715,0.0078649,0.00082834,0.016188,0.011674,0.029829,0.01553,0.0058307,0.0015018,0.0054817,0.00087546,0.0085031,0.0047971,0.40227,0.35492
NC,7.8982e+06,4.6585e+05,1.8134e+05,5.2598e+06,1.9481e+05,85241,23063,19790,58096,18139,5667.7,23582,37459,26729,51545,18489,24296,15895,3429.7,11215,29741,0.058982,0.02296,0.66595,0.024665,0.010793,0.0029201,0.0025057,0.0073557,0.0022966,0.0007176,0.0029857,0.0047428,0.0033843,0.0065262,0.0023409,0.0030761,0.0020125,0.00043424,0.0014199,0.0037656,0.35652,0.42853
ND,5.8174e+05,19708,4590,5.0397e+05,11406,2768.8,386.89,180.7,683.15,497.91,77.322,525.97,3181.2,478.37,560.25,1100.2,412.68,666.73,148.7,664.55,558.54,0.033878,0.0078902,0.86632,0.019607,0.0047595,0.00066506,0.00031061,0.0011743,0.0008559,0.00013292,0.00090414,0.0054684,0.00082231,0.00096307,0.0018912,0.00070939,0.0011461,0.00025561,0.0011424,0.00096013,0.32693,0.58309
OH,8.9562e+06,2.9478e+05,1.5057e+05,7.1589e+06,1.1753e+05,96148,8439.8,7641.6,17035,5819.3,2196.8,10523,29451,27971,43485,17129,10565,10474,3610.9,18870,18465,0.032914,0.016812,0.79932,0.013123,0.010735,0.00094234,0.00085321,0.001902,0.00064975,0.00024528,0.0011749,0.0032883,0.0031231,0.0048553,0.0019125,0.0011797,0.0011694,0.00040318,0.002107,0.0020617,0.31487,0.54763
OK,2.9236e+06,2.2261e+05,53740,2.0159e+06,1.6614e+05,13533,2895,1370.7,10088,2349.5,1762.1,3182.5,21291,6609.4,8410.2,5162.6,13902,3238.1,1303.2,2542.3,12573,0.076142,0.018381,0.68953,0.056826,0.0046288,0.00099022,0.00046883,0.0034506,0.00080364,0.00060273,0.0010885,0.0072823,0.0022607,0.0028766,0.0017658,0.004755,0.0011076,0.00044576,0.00086956,0.0043004,0.28347,0.49407
OR,3.2117e+06,3.0808e+05,1.1903e+05,2.5078e+06,2.2644e+05,11992,4871.6,1056.8,17692,3344,963.57,8384.2,33335,26331,12818,17433,21842,10711,8370.5,2763.9,18761,0.095925,0.037062,0.78085,0.070505,0.0037339,0.0015169,0.00032905,0.0055088,0.0010412,0.00030002,0.0026105,0.010379,0.0081986,0.003991,0.0054279,0.0068009,0.0033352,0.0026063,0.00086058,0.0058415,0.36807,0.49344
PA,9.9618e+06,6.2175e+05,2.6667e+05,7.7778e+06,84798,3.1229e+05,18007,76919,30707,17348,5367,30272,46046,59794,74751,21600,31340,25321,2894,21785,29182,0.062414,0.026769,0.78076,0.0085123,0.031349,0.0018076,0.0077214,0.0030825,0.0017414,0.00053876,0.0030388,0.0046222,0.0060023,0.0075037,0.0021682,0.003146,0.0025418,0.00029051,0.0021868,0.0029294,0.35163,0.50622
RI,8.2662e+05,96873,20732,6.3049e+05,5837.8,28488,1501.6,30315,13073,7505.8,620.9,3737.2,5793.1,4713.2,2379.3,2798.6,868.24,1646.2,370.78,848.09,7107.6,0.11719,0.02508,0.76273,0.0070623,0.034464,0.0018165,0.036674,0.015815,0.00908,0.00075114,0.004521,0.0070082,0.0057017,0.0028783,0.0033856,0.0010503,0.0019915,0.00044855,0.001026,0.0085983,0.37744,0.47484
SC,4.0096e+06,1.6537e+05,54122,2.6621e+06,60340,36715,9527.3,3880.2,17656,10590,2378.4,7775.6,16510,7118.6,13267,11965,6988,4099.4,1550.3,1387.6,7746.2,0.041244,0.013498,0.66394,0.015049,0.0091569,0.0023761,0.00096774,0.0044035,0.0026411,0.00059318,0.0019393,0.0041175,0.0017754,0.0033089,0.002984,0.0017428,0.0010224,0.00038665,0.00034606,0.0019319,0.32129,0.45062
SD,6.6973e+05,18080,6003,5.692e+05,9989.1,2254.4,554.27,153.06,2103.5,333.13,24.698,316.79,2351.1,654.7,614.73,1255.9,553.31,495.74,318.33,595.16,1515.2,0.026996,0.0089633,0.8499,0.014915,0.0033662,0.00082761,0.00022854,0.0031408,0.00049741,3.6877e-05,0.000473,0.0035105,0.00097756,0.00091787,0.0018752,0.00082617,0.0007402,0.00047531,0.00088865,0.0022624,0.31902,0.57876
TN,5.2753e+06,1.8576e+05,70911,4.0266e+06,89837,27433,9985.2,2854.5,19230,4758.8,3058.9,7480.7,21118,10180,16088,10069,8903.2,7280.2,2171.5,2885.9,13333,0.035212,0.013442,0.76328,0.01703,0.0052002,0.0018928,0.0005411,0.0036452,0.00090209,0.00057985,0.001418,0.0040031,0.0019297,0.0030497,0.0019087,0.0016877,0.00138,0.00041163,0.00054705,0.0025274,0.31057,0.52622
TX,1.9866e+07,6.286e+06,8.9145e+05,9.4193e+06,5.1935e+06,1.7915e+05,62902,21008,2.5214e+05,54460,29856,64315,4.2867e+05,1.3682e+05,2.2911e+05,1.029e+05,2.0309e+05,51298,10763,84544,72927,0.31642,0.044873,0.47414,0.26143,0.0090177,0.0031663,0.0010575,0.012692,0.0027414,0.0015029,0.0032374,0.021578,0.0068871,0.011533,0.0051798,0.010223,0.0025822,0.00054178,0.0042557,0.0036709,0.33823,0.31377
UT,2.2914e+06,2.4198e+05,46429,1.8673e+06,1.6088e+05,8499.9,2946.6,2196.7,16256,3667.1,3392.8,16573,27569,8656.5,4705,6332.1,6070.6,4362.5,4687.4,2867.5,8747.6,0.1056,0.020262,0.81488,0.07021,0.0037094,0.0012859,0.00095864,0.0070943,0.0016003,0.0014806,0.0072327,0.012031,0.0037777,0.0020533,0.0027634,0.0026492,0.0019038,0.0020456,0.0012514,0.0038175,0.37681,0.50783
VT,5.218e+05,11588,6617,4.7844e+05,2525.4,2882.7,758.72,353.81,669.33,478.5,115.98,996.14,2807.4,1244.7,960.13,919.07,759.53,729.81,236.12,1177,590.58,0.022208,0.012681,0.91691,0.0048399,0.0055246,0.0014541,0.00067805,0.0012827,0.00091701,0.00022228,0.0019091,0.0053802,0.0023854,0.00184,0.0017614,0.0014556,0.0013986,0.00045251,0.0022558,0.0011318,0.43788,0.51541
VA,6.3785e+06,4.4806e+05,3.6255e+05,4.086e+06,1.0096e+05,82490,16056,10073,1.114e+05,16585,4601.5,62772,43120,47511,82241,56815,45817,51552,5295.2,37842,35472,0.070245,0.056839,0.6406,0.015828,0.012933,0.0025171,0.0015792,0.017465,0.0026002,0.0007214,0.0098412,0.0067603,0.0074487,0.012894,0.0089073,0.0071831,0.0080822,0.00083017,0.0059328,0.0055611,0.42161,0.37051
WA,5.5831e+06,5.162e+05,4.2288e+05,4.0063e+06,3.7402e+05,28742,8602.1,3153.3,25775,7336.6,2450,14468,51656,93243,47987,83502,62091,49484,22118,9385.1,55070,0.092457,0.075742,0.71757,0.066991,0.0051479,0.0015407,0.00056479,0.0046167,0.0013141,0.00043882,0.0025914,0.0092521,0.016701,0.0085951,0.014956,0.011121,0.0088631,0.0039615,0.001681,0.0098636,0.39613,0.43332
WV,1.4093e+06,22473,7872,1.2861e+06,7307.8,4114.3,1081.3,515.08,2543.1,446.65,128.89,1384.2,4951.7,1207,2076,1844.6,647.82,548.09,339.39,510.09,699.07,0.015946,0.0055858,0.91263,0.0051855,0.0029195,0.00076726,0.00036549,0.0018045,0.00031694,9.146e-05,0.00098224,0.0035136,0.00085644,0.0014731,0.0013089,0.00045968,0.00038891,0.00024083,0.00036195,0.00049605,0.24133,0.69239
WI,4.505e+06,2.2142e+05,94982,3.7824e+06,1.3847e+05,42707,4570.9,2075.2,7559.4,3714.9,1073,6042.3,15212,13666,13363,8167.5,4289.8,5180.1,1458.4,2927.9,45930,0.04915,0.021084,0.8396,0.030736,0.00948,0.0010146,0.00046065,0.001678,0.00082461,0.00023819,0.0013412,0.0033766,0.0030336,0.0029661,0.001813,0.00095222,0.0011498,0.00032372,0.00064991,0.010195,0.33384,0.55931
WY,4.4029e+05,34240,2595,3.7509e+05,24847,1054.9,257.78,26.497,736.89,246.02,122.57,584.47,6363.9,582.54,311.71,738.72,128.7,276.12,199.38,108.25,249.57,0.077767,0.0058938,0.85191,0.056433,0.002396,0.00058547,6.0182e-05,0.0016736,0.00055877,0.00027839,0.0013275,0.014454,0.0013231,0.00070798,0.0016778,0.00029231,0.00062714,0.00045284,0.00024587,0.00056682,0.30555,0.59161
US,2.4083e+08,3.3753e+07,1.1663e+07,1.5518e+08,1.923e+07,4.183e+06,1.5747e+06,1.2496e+06,2.4771e+06,8.6125e+05,2.5492e+05,1.3222e+06,2.6e+06,2.6434e+06,2.1245e+06,2.1579e+06,1.3381e+06,9.7849e+05,4.7496e+05,6.0851e+05,1.3366e+06,0.14015,0.048426,0.64433,0.079849,0.017369,0.0065387,0.0051887,0.010286,0.0035761,0.0010585,0.0054899,0.010796,0.010976,0.0088214,0.0089602,0.0055562,0.0040629,0.0019722,0.0025267,0.0055498,0.35685,0.4144
