state,hh,sh_oil
AL,1.9972e+06,0.0012487
AK,2.7053e+05,0.27649
AZ,2.8561e+06,0.0010532
AR,1.206e+06,0.0011377
CA,1.3548e+07,0.0022289
CO,2.3742e+06,0.0012669
CT,1.434e+06,0.36258
DE,4.0204e+05,0.088116
DC,3.2449e+05,0.0094887
FL,8.7528e+06,0.0014102
GA,4.0744e+06,0.0015161
HI,4.9245e+05,0.00056858
ID,7.13e+05,0.012414
IL,5.0364e+06,0.0012199
IN,2.716e+06,0.0053056
IA,1.3157e+06,0.0034248
KS,1.1741e+06,0.0016635
KY,1.8145e+06,0.0067397
LA,1.8048e+06,0.0008688
ME,5.9716e+05,0.55291
MD,2.3629e+06,0.06574
MA,2.785e+06,0.22424
MI,4.0764e+06,0.0082993
MN,2.308e+06,0.012616
MS,1.1454e+06,0.00097692
MO,2.5082e+06,0.0016282
MT,4.5886e+05,0.0064573
NE,7.9785e+05,0.0032099
NV,1.2026e+06,0.0043689
NH,5.5582e+05,0.39539
NJ,3.5077e+06,0.064323
NM,8.3741e+05,0.001427
NY,7.7226e+06,0.16106
NC,4.2823e+06,0.019854
ND,3.3106e+05,0.018706
OH,4.8632e+06,0.01691
OK,1.5624e+06,0.0016993
OR,1.7184e+06,0.012386
PA,5.2749e+06,0.14012
RI,4.4157e+05,0.26563
SC,2.118e+06,0.0047602
SD,3.6554e+05,0.012568
TN,2.8243e+06,0.0027462
TX,1.0993e+07,0.00085747
UT,1.1248e+06,0.0012864
VT,2.7342e+05,0.38462
VA,3.3657e+06,0.031711
WA,3.0648e+06,0.012833
WV,7.2866e+05,0.020804
WI,2.4795e+06,0.014098
WY,2.4332e+05,0.0013439
72,1.2909e+06,0.00011698
