county,rep,dem,total,margin_r
ANDERSON,15597,3635,19381,61.72
ANDREWS,5205,806,6059,72.6
ANGELINA,26049,8146,34476,51.93
ARANSAS,10090,2831,13031,55.71
ARCHER,4592,520,5132,79.35
ARMSTRONG,1029,77,1114,85.46
ATASCOSA,13142,5153,18468,43.26
AUSTIN,12457,2816,15415,62.54
BAILEY,1395,332,1740,61.09
BANDERA,10939,2532,13600,61.82
BASTROP,23301,15989,39917,18.32
BAYLOR,1469,183,1672,76.91
BEE,6111,2606,8790,39.87
BELL,75161,53973,131013,16.17
BEXAR,337545,411389,760023,-9.72
BLANCO,6447,1973,8546,52.35
BORDEN,370,16,387,91.47
BOSQUE,7969,1524,9586,67.23
BOWIE,27122,9282,36711,48.6
BRAZORIA,95867,63976,162046,19.68
BRAZOS,56671,33844,91961,24.82
BREWSTER,2545,1969,4578,12.58
BRISCOE,666,72,745,79.73
BROOKS,1077,1308,2402,-9.62
BROWN,14591,2131,16850,73.95
BURLESON,7588,1703,9365,62.84
BURNET,21795,6114,28153,55.7
CALDWELL,8880,6618,15737,14.37
CALHOUN,5939,1853,7841,52.11
CALLAHAN,6180,761,6988,77.55
CAMERON,60991,54258,116309,5.79
CAMP,4011,1201,5253,53.49
CARSON,2866,290,3177,81.08
CASS,11693,2406,14143,65.66
CASTRO,1594,418,2023,58.13
CHAMBERS,20557,4187,24958,65.59
CHEROKEE,16593,3744,20507,62.66
CHILDRESS,1991,263,2274,75.99
CLAY,5288,584,5918,79.49
COCHRAN,735,148,893,65.73
COKE,1623,179,1814,79.6
COLEMAN,3712,428,4164,78.87
COLLIN,279534,222115,517690,11.09
COLLINGSWORTH,1066,135,1201,77.52
COLORADO,7824,2108,10012,57.09
COMAL,74756,27680,103491,45.49
COMANCHE,5679,834,6544,74.04
CONCHO,1038,153,1198,73.87
COOKE,16975,3310,20447,66.83
CORYELL,16619,6938,23835,40.62
COTTLE,565,89,657,72.45
CRANE,1195,186,1390,72.59
CROCKETT,1087,323,1420,53.8
CROSBY,1416,451,1880,51.33
CULBERSON,451,319,781,16.9
DALLAM,1285,152,1447,78.3
DALLAS,322468,511027,853336,-22.1
DAWSON,2810,667,3513,61.0
DEAF SMITH,3233,1019,4286,51.66
DELTA,2250,397,2658,69.71
DENTON,250521,191503,449188,13.14
DEWITT,6515,1270,7825,67.03
DICKENS,844,146,993,70.29
DIMMIT,1648,1750,3407,-2.99
DONLEY,1512,174,1712,78.15
DUVAL,2435,1993,4447,9.94
EASTLAND,7396,912,8357,77.59
ECTOR,32467,9900,42748,52.79
EDWARDS,869,133,1005,73.23
EL PASO,105124,143156,252005,-15.09
ELLIS,64763,33850,99818,30.97
ERATH,15349,2871,18400,67.82
FALLS,4520,1713,6277,44.72
FANNIN,13648,2607,16395,67.34
FAYETTE,10699,2515,13359,61.26
FISHER,1487,330,1834,63.09
FLOYD,1715,358,2090,64.93
FOARD,448,92,545,65.32
FORT BEND,173592,179310,363515,-1.57
FRANKLIN,4473,813,5311,68.91
FREESTONE,7509,1500,9056,66.35
FRIO,3060,1848,4939,24.54
GAINES,5840,538,6416,82.64
GALVESTON,100295,56732,158996,27.4
GARZA,1374,213,1602,72.47
GILLESPIE,13202,3160,16492,60.89
GLASSCOCK,623,38,663,88.24
GOLIAD,3178,778,3990,60.15
GONZALES,5981,1729,7769,54.73
GRAY,6691,845,7581,77.11
GRAYSON,50556,14800,66041,54.14
GREGG,33026,13294,46738,42.22
GRIMES,11197,2734,14051,60.23
GUADALUPE,54691,29573,85350,29.43
HALE,7283,1903,9285,57.94
HALL,992,149,1150,73.3
HAMILTON,3809,625,4480,71.07
HANSFORD,1842,146,1999,84.84
HARDEMAN,1210,188,1405,72.74
HARDIN,24691,3347,28157,75.8
HARRIS,722695,808771,1557484,-5.53
HARRISON,22658,7369,30243,50.55
HARTLEY,1843,163,2016,83.33
HASKELL,1915,312,2243,71.47
HAYS,58438,65528,125827,-5.63
HEMPHILL,1412,190,1614,75.71
HENDERSON,31379,6919,38603,63.36
HIDALGO,110760,104517,217265,2.87
HILL,13669,2919,16706,64.35
HOCKLEY,6616,1323,7987,66.27
HOOD,30167,6051,36527,66.02
HOPKINS,13754,2917,16778,64.59
HOUSTON,7247,2065,9373,55.29
HOWARD,7817,1759,9650,62.78
HUDSPETH,747,272,1031,46.07
HUNT,36137,10212,46733,55.47
HUTCHINSON,7273,913,8244,77.15
IRION,761,105,868,75.58
JACK,3819,363,4201,82.27
JACKSON,5360,904,6300,70.73
JASPER,13162,2615,15860,66.5
JEFF DAVIS,699,450,1169,21.3
JEFFERSON,46596,38936,86433,8.86
JIM HOGG,725,856,1585,-8.26
JIM WELLS,7636,5577,13268,15.52
JOHNSON,60752,19247,80930,51.29
JONES,5988,907,6959,73.01
KARNES,4001,1051,5075,58.13
KAUFMAN,44061,24726,69536,27.81
KENDALL,22668,6355,29295,55.69
KENEDY,115,41,158,46.84
KENT,390,50,446,76.23
KERR,21615,6315,28170,54.31
KIMBLE,2126,261,2404,77.58
KING,129,6,135,91.11
KINNEY,1062,345,1422,50.42
KLEBERG,5614,4345,10040,12.64
KNOX,1156,214,1376,68.46
LA SALLE,1417,933,2360,20.51
LAMAR,17044,4079,21285,60.91
LAMB,3398,729,4151,64.3
LAMPASAS,8961,2232,11321,59.44
LAVACA,9215,1235,10497,76.02
LEE,6724,1640,8427,60.33
LEON,7982,1033,9060,76.7
LIBERTY,25241,5952,31323,61.58
LIMESTONE,7081,1921,9093,56.75
LIPSCOMB,1125,123,1259,79.59
LIVE OAK,4307,761,5093,69.62
LLANO,10902,2613,13629,60.82
LOVING,86,10,97,78.35
LUBBOCK,86547,37148,125038,39.51
LYNN,2171,367,2566,70.3
MADISON,4498,964,5489,64.38
MARION,3577,1101,4714,52.52
MARTIN,1825,247,2086,75.65
MASON,2076,434,2529,64.93
MATAGORDA,9957,3231,13312,50.53
MAVERICK,9285,6373,15745,18.49
MCCULLOCH,3033,455,3513,73.38
MCLENNAN,64606,33863,99672,30.84
MCMULLEN,448,37,487,84.39
MEDINA,17464,6950,24617,42.71
MENARD,861,170,1040,66.44
MIDLAND,46944,11351,58968,60.36
MILAM,8691,2331,11098,57.31
MILLS,2418,310,2742,76.88
MITCHELL,2144,352,2513,71.31
MONTAGUE,9825,1208,11097,77.65
MONTGOMERY,221964,82277,307258,45.46
MOORE,4458,860,5359,67.14
MORRIS,4092,1312,5446,51.05
MOTLEY,612,35,650,88.77
NACOGDOCHES,17575,7690,25486,38.79
NAVARRO,14983,4708,19867,51.72
NEWTON,4781,952,5751,66.58
NOLAN,4048,1020,5122,59.12
NUECES,67201,53248,121678,11.47
OCHILTREE,2723,269,3010,81.53
OLDHAM,895,74,974,84.29
ORANGE,30191,5945,36377,66.65
PALO PINTO,11093,2143,13336,67.11
PANOLA,9500,1905,11439,66.4
PARKER,75168,14872,90840,66.38
PARMER,2123,368,2504,70.09
PECOS,3042,1144,4233,44.84
POLK,19216,4910,24292,58.89
POTTER,23007,8748,32121,44.39
PRESIDIO,686,1288,1992,-30.22
RAINS,5649,869,6556,72.91
RANDALL,53314,12935,66901,60.36
REAGAN,800,141,949,69.44
REAL,1625,315,1960,66.84
RED RIVER,4682,1103,5796,61.75
REEVES,2340,1070,3446,36.85
REFUGIO,2134,919,3075,39.51
ROBERTS,547,20,572,92.13
ROBERTSON,6177,1926,8172,52.02
ROCKWALL,43542,18092,62513,40.71
RUNNELS,3580,452,4056,77.12
RUSK,17212,4327,21709,59.35
SABINE,4972,590,5581,78.52
SAN AUGUSTINE,2917,809,3747,56.26
SAN JACINTO,10524,2175,12789,65.28
SAN PATRICIO,17337,8025,25579,36.4
SAN SABA,2412,276,2711,78.79
SCHLEICHER,906,192,1108,64.44
SCURRY,4945,734,5731,73.48
SHACKELFORD,1565,146,1728,82.12
SHELBY,8164,1741,9948,64.57
SHERMAN,817,70,898,83.18
SMITH,74862,28041,104186,44.94
SOMERVELL,4493,751,5309,70.48
STARR,9487,6862,16421,15.99
STEPHENS,3368,384,3766,79.24
STERLING,583,43,629,85.85
STONEWALL,603,108,713,69.42
SUTTON,1167,228,1401,67.02
SWISHER,1840,403,2268,63.36
TARRANT,426626,384501,823312,5.12
TAYLOR,41198,13624,55417,49.76
TERRELL,314,91,405,55.06
TERRY,2815,587,3426,65.03
THROCKMORTON,823,73,900,83.33
TITUS,7861,2275,10229,54.61
TOM GREEN,33399,11585,45460,47.99
TRAVIS,170781,398968,583956,-39.08
TRINITY,6121,1192,7356,67.01
TYLER,8327,1252,9638,73.41
UPSHUR,16939,2820,19887,71.0
UPTON,1149,146,1303,76.98
UVALDE,6482,3218,9772,33.4
VAL VERDE,9162,5282,14612,26.55
VAN ZANDT,24351,3450,27950,74.78
VICTORIA,25010,9998,35305,42.52
WALKER,17515,7461,25175,39.94
WALLER,17077,10183,27561,25.01
WARD,3115,627,3765,66.08
WASHINGTON,14020,4058,18265,54.54
WEBB,33397,31996,65995,2.12
WHARTON,12439,3910,16471,51.78
WHEELER,2093,169,2274,84.61
WICHITA,31818,12237,44530,43.97
WILBARGER,3566,860,4467,60.58
WILLACY,2856,2673,5563,3.29
WILLIAMSON,155310,147766,309515,2.44
WILSON,20894,6247,27320,53.61
WINKLER,1646,283,1933,70.51
WISE,32385,5605,38243,70.03
WOOD,20621,3618,24386,69.72
YOAKUM,2039,342,2397,70.8
YOUNG,7298,962,8314,76.21
ZAPATA,2970,1877,4871,22.44
ZAVALA,1480,1984,3490,-14.44
