seat,urbanindex,raw
AK-1,9.831989045096321,10.038669951892183
AL-1,10.19636424969993,10.373087226045294
AL-2,9.723888167849164,9.939456832432308
AL-3,9.479025333372151,9.71472594895661
AL-4,9.110615710578932,9.376605955417773
AL-5,10.175801699618672,10.35421527246302
AL-6,10.392597639046894,10.553186844060269
AL-7,10.011225444567398,10.203170025944537
AR-1,8.733990696953258,9.030946017959645
AR-2,10.31054825540897,10.477883335820767
AR-3,10.412773487492528,10.571703889555323
AR-4,8.69839946684587,8.998281001224445
AZ-1,12.074015534634922,12.096363169591283
AZ-2,9.209128852482104,9.467019616850518
AZ-3,12.698317835690121,12.669337046871206
AZ-4,12.564776764173892,12.546775356175141
AZ-5,12.046790847863477,12.071376821934386
AZ-6,10.805343465269551,10.931997839922657
AZ-7,11.244080344129792,11.334662975324772
AZ-8,12.349905428546252,12.349570152729962
AZ-9,10.800254243762678,10.927327040256854
CA-1,10.22205667780566,10.39666729314355
CA-10,12.034104628076047,12.059733628360787
CA-11,13.656912150456439,13.549118364899032
CA-12,13.034013727228151,12.977432942459583
CA-13,11.134386996845974,11.233988314349167
CA-14,12.422724718099712,12.416402439917904
CA-15,12.747429139943463,12.71441055431904
CA-16,12.714212684979804,12.68392506522529
CA-17,12.971757829553258,12.920295554027673
CA-18,11.57043494945083,11.634185599641386
CA-19,11.430436508535362,11.505697446756319
CA-2,10.131202150676415,10.313282576172796
CA-20,10.8981415854242,11.017166353028292
CA-21,11.878582285073417,11.916997906062054
CA-22,11.076013417859615,11.18041405100593
CA-23,10.75929677235392,10.889736979869454
CA-24,10.974713876704204,11.087443080429033
CA-25,10.929659156818367,11.046092636102436
CA-26,11.663138688256987,11.719267491174271
CA-27,12.045761345534533,12.070431962464724
CA-28,13.002570383787372,12.94857478451998
CA-29,13.316015195425914,13.236249023000692
CA-3,11.530102812457633,11.597169460388146
CA-30,13.336350770868417,13.254912663176798
CA-31,12.83732509749721,12.796915512677039
CA-32,12.676202708645395,12.649040164947277
CA-33,12.476218965571197,12.465498537007573
CA-34,13.878606146461026,13.752585288288117
CA-35,12.595130526065375,12.574633514973529
CA-36,13.117660731170321,13.054202719041514
CA-37,14.059196222444816,13.918327743281182
CA-38,13.02442153238353,12.96862939157973
CA-39,12.20763804018258,12.218999599035952
CA-4,10.789171068079513,10.917155092895737
CA-40,11.895588832774042,11.932606222031263
CA-41,13.316907578200498,13.237068036509864
CA-42,12.94384133030519,12.894674272819495
CA-43,13.705588831525404,13.593792982689264
CA-44,13.448210100333192,13.35757522521611
CA-45,13.425027638097827,13.336298761475
CA-46,13.443196322463994,13.352973666418906
CA-47,12.685636441959067,12.657698282568857
CA-48,11.752343545927003,11.801138169986448
CA-49,11.852858278816196,11.893388857081359
CA-5,10.595815003995531,10.739696234348315
CA-50,12.272359549222703,12.27839988302569
CA-51,12.71410009955618,12.683821736266562
CA-52,12.724686491007935,12.693537743633927
CA-6,12.494467974464508,12.482247162416197
CA-7,11.78627737976947,11.83228205703416
CA-8,11.737254153505555,11.787289386044915
CA-9,11.850355147310758,11.891091526186393
CO-1,12.920011336372783,12.872803515662376
CO-2,10.807703885131994,10.934164192534697
CO-3,9.467028796155565,9.703715734143527
CO-4,10.392486012074697,10.55308439475172
CO-5,11.717705736755335,11.769348186531271
CO-6,12.529443512013685,12.514347107147508
CO-7,11.494737493631332,11.5647117811278
CO-8,11.673269934126894,11.728565773781824
CT-1,11.682863250763154,11.73737035422268
CT-2,10.273908370283836,10.444255881608674
CT-3,11.753022922415612,11.801761690002557
CT-4,11.855626086861347,11.895929103536508
CT-5,11.112163339919444,11.2135918255728
DE-1,11.005343385280739,11.115554314775938
FL-1,10.515695228159283,10.666163686846724
FL-10,12.453021818969871,12.444208596208815
FL-11,11.124551544153569,11.224961505614928
FL-12,11.832538272729687,11.874739506191478
FL-13,12.135743468002714,12.153016001494098
FL-14,11.6825173056331,11.73705285175287
FL-15,11.064210118053722,11.16958118615336
FL-16,11.4031448047439,11.480649592035073
FL-17,11.170441774006909,11.267078766569906
FL-18,10.9803171820429,11.092585697363278
FL-19,11.341333207469463,11.423919974842669
FL-2,9.811732250257599,10.020078615194578
FL-20,12.903032311084328,12.857220459288058
FL-21,11.32190030392034,11.40608479135139
FL-22,11.463461795676906,11.536007485322235
FL-23,12.419930749177846,12.413838183461609
FL-24,13.151574755820056,13.08532842555402
FL-25,12.480295497340677,12.469239907510076
FL-26,12.82208491472722,12.782928335956054
FL-27,12.891046743847923,12.846220312533458
FL-28,12.107551154473791,12.12714158269914
FL-3,9.962093696775256,10.158077755769622
FL-4,11.138570596640225,11.237827950036955
FL-5,11.522177037573659,11.589895320987983
FL-6,10.451825776587622,10.60754540649616
FL-7,11.568617476563817,11.632517554392853
FL-8,11.238561498332626,11.32959787390008
FL-9,10.882994357946702,11.003264489070471
GA-1,9.99671028089971,10.189848259242781
GA-10,9.9524274257266,10.149206219028166
GA-11,11.26356954485194,11.35254982738984
GA-12,9.789305290781538,9.999495538846984
GA-13,11.655837915474534,11.712566967916176
GA-14,10.442143852209746,10.5986595033993
GA-2,9.956537370545876,10.152978255451108
GA-3,9.955860688320652,10.152357208183433
GA-4,12.281245213741162,12.286554992565964
GA-5,12.463425436123892,12.453756856480162
GA-6,11.856617481374382,11.896838988310419
GA-7,11.395460315341928,11.473596900286026
GA-8,9.329620498778342,9.577604770295423
GA-9,10.510925595277996,10.661786200105809
HI-1,12.298362713795559,12.302265138690574
HI-2,10.108141063690507,10.292117508540862
IA-1,9.530309926766591,9.76179406367006
IA-2,9.512545622311075,9.745490291629087
IA-3,10.449804113483646,10.605689958990551
IA-4,8.88926403233017,9.173453205357035
ID-1,10.275257554583941,10.445494139674182
ID-2,10.311648874439099,10.478893464971398
IL-1,12.416092444258036,12.410315453450252
IL-10,11.654284486509757,11.711141257622426
IL-11,11.59264817740437,11.654572516886335
IL-12,8.610770736892752,8.917856865228966
IL-13,10.88751343555225,11.007412020503567
IL-14,11.199878041061803,11.294094864442014
IL-15,8.680012618258663,8.981405868923693
IL-16,9.564642870403285,9.79330424679881
IL-17,10.620979997597136,10.762792231161502
IL-2,11.285623934704548,11.372790965767086
IL-3,13.36378160561487,13.280088209887317
IL-4,13.452283676476625,13.36131388309604
IL-5,13.327332747953413,13.246636077384506
IL-6,12.496763326357314,12.484353796768689
IL-7,13.72854015513554,13.614857311389285
IL-8,12.207475075845126,12.218850033179585
IL-9,12.947558893585043,12.89808618823754
IN-1,11.189363737710215,11.284445018288839
IN-2,10.232611444125324,10.406354275510488
IN-3,10.076361578048335,10.26295084509019
IN-4,9.973089422048933,10.168169442654188
IN-5,10.831070066572574,10.955609270591602
IN-6,10.620388112711558,10.762249009428665
IN-7,12.186338610352824,12.199451349938071
IN-8,9.478071789168693,9.713850802543583
IN-9,9.739382911349903,9.953677640598594
KS-1,9.063742191989817,9.33358624903136
KS-2,9.625666090914283,9.849310305404067
KS-3,11.510576503311626,11.579248550852103
KS-4,10.562994334759896,10.709573990565008
KY-1,8.839465771356984,9.12774922088769
KY-2,9.559701244173018,9.788768907530576
KY-3,12.066887283384444,12.089820983617745
KY-4,10.311671980264043,10.478914671098755
KY-5,8.617871007536628,8.924373371084675
KY-6,10.54846578034304,10.69623993406477
LA-1,11.03164724120143,11.139695539770331
LA-2,11.795782143054636,11.841005364737695
LA-3,10.154452319665898,10.334621180004307
LA-4,9.466155821856823,9.702914533398518
LA-5,9.064556134163606,9.334333271110902
LA-6,10.721954238605722,10.855464646877893
MA-1,10.94245752134597,11.057838754183097
MA-2,11.088307553741666,11.19169739673802
MA-3,11.432118952998614,11.507241565247934
MA-4,11.71739713682583,11.769064958841998
MA-5,12.777088553538539,12.741631452234515
MA-6,11.784981029084982,11.831092288749229
MA-7,13.608817902635172,13.504978294291513
MA-8,12.405975550831064,12.401030343267122
MA-9,10.577354277762945,10.722753298419663
MD-1,10.081425840033866,10.267598737338075
MD-2,11.76035243167132,11.80848858709985
MD-3,11.747209037650025,11.79642580690463
MD-4,12.686410096339117,12.65840832920662
MD-5,10.781219651831005,10.90985742029374
MD-6,10.952692077588857,11.067231853267971
MD-7,12.947928026578492,12.898424972128181
MD-8,12.68958492077719,12.661322128282631
ME-1,9.817580871481308,10.025446378814264
ME-2,8.544611821570616,8.857137354561319
MI-1,8.34051565911911,8.669821419092017
MI-10,12.40092331301471,12.396393486594185
MI-11,12.134184647841632,12.151585343253423
MI-12,12.659728137261443,12.633920087660305
MI-13,12.471961273579456,12.461590900779662
MI-2,8.779659232494634,9.072859811701251
MI-3,11.579873236498628,11.642847896601555
MI-4,10.504595586210229,10.655976627030961
MI-5,9.567661176701405,9.796074396227267
MI-6,11.453268569975384,11.526652318694914
MI-7,10.449877747216924,10.605757538760132
MI-8,10.596849212967932,10.74064541349411
MI-9,9.968084836902209,10.163576320779018
MN-1,9.259223824285664,9.512995917399147
MN-2,11.174590873182078,11.270886738184936
MN-3,11.866845272546326,11.906225878529938
MN-4,12.267450099337415,12.273894074651558
MN-5,12.894405202676756,12.849302648084022
MN-6,10.43004450106016,10.58755492773294
MN-7,8.067332204333413,8.4190983590733
MN-8,8.635471391818475,8.940526700019298
MO-1,12.390303582342568,12.38664688106574
MO-2,10.974078993363788,11.086860395456442
MO-3,10.617379415039332,10.759487678631222
MO-4,9.893755471436613,10.09535811198082
MO-5,10.178229716623953,10.356443664566118
MO-6,9.740004084836594,9.954247742904048
MO-7,10.048554191968654,10.237429706064809
MO-8,8.925568250567714,9.206772590292864
MS-1,9.159993366317252,9.421923915661647
MS-2,8.996272090641984,9.271663354458656
MS-3,9.05079435230207,9.321702945228461
MS-4,9.606261021879341,9.831500667949514
MT-1,9.291881533232226,9.54296859904162
MT-2,9.167898333628523,9.429178958230695
NC-1,8.936533727184093,9.216836515481814
NC-10,10.626892833315575,10.768218929736193
NC-11,9.713326048436997,9.929763101523974
NC-12,12.159026570628253,12.17438483124839
NC-13,9.912628788837836,10.112679716963271
NC-14,10.638796142740029,10.779143581690645
NC-2,11.837406195235946,11.879207201453845
NC-3,9.794218486443635,10.004004785030425
NC-4,11.378000302886068,11.457572402190662
NC-5,10.112874069916366,10.296461379969553
NC-6,10.762404640384359,10.892589327510116
NC-7,10.122116768998655,10.304944169670568
NC-8,10.305650603606635,10.47338835552355
NC-9,10.3017960708342,10.469850731869126
ND-1,9.500855143376398,9.734760971824981
NE-1,10.803161983492098,10.929995713596789
NE-2,11.946284079693262,11.979133444721093
NE-3,8.240422242046668,8.577957408382368
NH-1,10.40497334695654,10.56454505519146
NH-2,9.662813468781932,9.883403527696592
NJ-1,12.260967377189946,12.267944344147786
NJ-10,13.56757950949175,13.467130408784374
NJ-11,12.326964261035343,12.32851514512253
NJ-12,11.923122239301684,11.957875907352303
NJ-2,10.40066500354198,10.560590931961862
NJ-3,11.506448624043843,11.575460054501846
NJ-4,11.677559037717009,11.7325022390326
NJ-5,12.47980431942676,12.468789112897761
NJ-6,12.305279329371443,12.308613089094521
NJ-7,11.170371977357497,11.267014708409674
NJ-8,14.08871013975194,13.945415107214647
NJ-9,13.42524325506909,13.336496651009963
NM-1,11.495069367462738,11.565016369202564
NM-2,10.311431279418358,10.478693760016762
NM-3,9.321099552909208,9.56978439323694
NV-1,12.597917357338936,12.577191220619396
NV-2,10.680531997632269,10.81744802900532
NV-3,12.58839876509702,12.568455220938025
NV-4,12.256776760681605,12.264098268640906
NY-1,11.481874683649513,11.552906516121503
NY-10,14.936809008154496,14.72378561157446
NY-11,13.620826984598938,13.516000022457053
NY-12,15.055268699143666,14.832505871507388
NY-13,14.890034788058506,14.680857039631274
NY-14,14.802028725493807,14.600086594277148
NY-15,14.745123574035578,14.54786002837612
NY-16,13.15255990633556,13.086232579694759
NY-17,11.397680313291197,11.475634376089648
NY-18,10.550068387133322,10.697710778918028
NY-19,9.408575049142359,9.650067893968842
NY-2,12.286636078178734,12.291502634907609
NY-20,11.24448384402887,11.335033300568274
NY-21,8.855434331709509,9.142404889983093
NY-22,10.85845616664528,10.980743760590617
NY-23,9.609741677336043,9.834695153456186
NY-24,9.037297474051394,9.309315743308183
NY-25,11.743228484234193,11.792772523678645
NY-26,12.29742274996555,12.30140245610992
NY-3,12.886732109051618,12.842260415182276
NY-4,13.23078993391098,13.158030748857106
NY-5,13.988510583957725,13.853453684217968
NY-6,14.689654596036442,14.496951557689401
NY-7,15.10840343985931,14.881272019501152
NY-8,14.685570525289009,14.493203268043043
NY-9,14.899337992845188,14.689395360423532
OH-1,11.62952438756085,11.68841686613354
OH-10,11.425287789882528,11.500972041636793
OH-11,12.396590810279152,12.392417190356733
OH-12,9.994295869091452,10.187632353754703
OH-13,11.575603810327518,11.638929490946337
OH-14,10.373819574249529,10.535952660273704
OH-15,11.109701101433522,11.211332025585387
OH-2,9.403246959645386,9.64517786538427
OH-3,12.494518963951318,12.48229395968718
OH-4,9.672504114138727,9.892297434757388
OH-5,10.102131096583621,10.286601664454212
OH-6,10.063512737483238,10.251158400973466
OH-7,11.281220463759498,11.36874953613178
OH-8,11.250736274376447,11.340771673232636
OH-9,10.574721466497408,10.720336949678979
OK-1,11.461983568906183,11.534650794304296
OK-2,8.529497382114437,8.843265582883589
OK-3,9.563649602073822,9.79239264226852
OK-4,10.165185053767631,10.344471498130142
OK-5,10.994712903221801,11.105797841810247
OR-1,11.723599784549535,11.774757641873352
OR-2,9.444035494637212,9.682612878843827
OR-3,12.333368745782584,12.334393070690648
OR-4,10.27843361028713,10.448409068784065
OR-5,11.025999337132802,11.134511990891468
OR-6,11.316432262757315,11.401066317543092
PA-1,11.641206288730677,11.69913831341311
PA-10,11.203404649520417,11.297331524820752
PA-11,10.818381371498095,10.94396380524227
PA-12,12.106151877423578,12.125857350372119
PA-13,9.449234509446189,9.687384444907416
PA-14,9.800236010282136,10.009527564554931
PA-15,8.993337093649544,9.268969664873143
PA-16,10.048319736901163,10.23721452725025
PA-17,11.48152408423403,11.552584742028852
PA-2,13.549934173705573,13.45093582413488
PA-3,13.718862807050698,13.605975608335191
PA-4,11.776778834758023,11.823564456354926
PA-5,12.700187794044469,12.671053262375828
PA-6,11.265052405220848,11.353910771044223
PA-7,11.359625186033025,11.440708037073051
PA-8,10.431001226543769,10.588432993869986
PA-9,9.494684728098747,9.729097871176325
RI-1,11.971529878564816,12.002303603216447
RI-2,11.495777155517535,11.565665964863774
SC-1,10.649965939128453,10.789395028040092
SC-2,10.528114925787389,10.677562270982314
SC-3,9.679136073104939,9.898384132237775
SC-4,11.102206992280726,11.204454061543322
SC-5,10.012863864374898,10.204673739366912
SC-6,10.244493756054101,10.417259656325797
SC-7,9.814274472656612,10.022411823037011
SD-1,9.216531916505016,9.473814021243694
TN-1,9.8026299673206,10.011724697008315
TN-2,10.71671793903082,10.850658861499623
TN-3,10.240634632630709,10.413717819451152
TN-4,10.596187776524166,10.740038358541538
TN-5,10.147576801819525,10.328310948387212
TN-6,10.258725033956438,10.430320877571607
TN-7,10.436873961886096,10.593822889011562
TN-8,10.548104574243064,10.69590842534015
TN-9,10.222129294047386,10.396733939076945
TX-1,9.585636608006187,9.812571936846725
TX-10,10.383490453646376,10.544828426477597
TX-11,10.799396188405247,10.926539531858698
TX-12,11.71102328200496,11.763215144891673
TX-13,10.197927268501022,10.374521737725308
TX-14,10.980698987198288,11.092936111545445
TX-15,10.687815394819687,10.824132605242172
TX-16,11.943389927908992,11.976477242162705
TX-17,10.511051528064865,10.661901779044165
TX-18,12.585285931188368,12.565598315700043
TX-19,10.12672229199155,10.309171039188238
TX-2,11.828334087990791,11.870880977996764
TX-20,12.601231832168086,12.580233188414157
TX-21,10.906319706465036,11.024672091376063
TX-22,11.480078911255054,11.551258387210515
TX-23,10.528506551162545,10.6779216979927
TX-24,12.400440754979066,12.395950603157383
TX-25,10.961209465716173,11.075048965092416
TX-26,11.368723031307598,11.449057882449328
TX-27,9.714501061914062,9.930841508614051
TX-28,10.989863778121594,11.101347398482735
TX-29,12.505938215424539,12.492774351608189
TX-3,11.134676725379288,11.234254222196713
TX-30,12.275246622499635,12.28104958905221
TX-31,10.686464562481955,10.822892834636173
TX-32,11.666605857236302,11.722449599024754
TX-33,12.53351925070682,12.51808774977823
TX-34,11.050324868957647,11.15683754417394
TX-35,11.27334982040735,11.36152599550003
TX-36,10.880224600595797,11.000722453576145
TX-37,12.407997651497823,12.4028861923603
TX-38,12.396812971726582,12.392621086298973
TX-4,11.305572456014934,11.391099374340776
TX-5,11.014568820673277,11.124021260160449
TX-6,11.265405552603438,11.35423488361711
TX-7,12.989383857839377,12.936472418586835
TX-8,11.511675292714115,11.580257000802062
TX-9,11.64825082259717,11.70560366501648
UT-1,12.525623892233321,12.510841526034653
UT-2,11.288379362493751,11.375319849836993
UT-3,10.48353027660008,10.636643249430032
UT-4,11.364305848558912,11.445003868357292
VA-1,10.673742775299864,10.8112169979216
VA-10,11.304079242699517,11.389728928930765
VA-11,12.398708409990395,12.394360686824754
VA-2,11.30997102162605,11.395136301945257
VA-3,12.008780132111474,12.036491243031668
VA-4,11.235617456890456,11.326895883474704
VA-5,9.32464084462442,9.573034529655171
VA-6,10.003249119543188,10.195849492498095
VA-7,10.862889001970045,10.984812140346836
VA-8,13.090009070379152,13.028824501998319
VA-9,9.030109378998969,9.302718633726041
VT-1,8.879159604014204,9.164179535437654
WA-1,12.131953604415267,12.149537730101551
WA-10,11.742208380661864,11.791836290225595
WA-2,10.825992810362758,10.950949452468931
WA-3,10.868874343162798,10.990305383194507
WA-4,10.285218465682824,10.45463609196864
WA-5,10.535895504700298,10.684703152026124
WA-6,10.558638430978462,10.705576217251522
WA-7,12.852921657238992,12.81122976603214
WA-8,10.78655159443937,10.914750985197449
WA-9,12.412248066576518,12.406787149963009
WI-1,10.87720413512348,10.997950322494873
WI-2,10.515636087700475,10.666109408754316
WI-3,9.073893024397142,9.342902507824917
WI-4,12.781517528031,12.745696288585478
WI-5,10.642346630408124,10.782402157995723
WI-6,9.765278699442115,9.977444347982717
WI-7,8.390889855003476,8.716053986682972
WI-8,10.038891564056275,10.228561512930952
WV-1,9.034178002834249,9.306452746463018
WV-2,9.492894150217953,9.727454509700328
WY-1,9.210291225308383,9.468086422569465
